id,idpel,nama,koordinat_x,koordinat_y,nama_kabupaten,nama_kecamatan,nama_kelurahan
701128,533711248712,"PJU *** **** *******",-6.90668540000000,108.46339560000000,"KAB. KUNINGAN",JALAKSANA,SANGKANERANG
701129,533711248690,"PJU *** **** *** *******",-6.90460970000000,108.48845240000000,"KAB. KUNINGAN",JALAKSANA,MANISLOR
701130,533711249125,"PJU *** **** *** *******",-6.92351170000000,108.48078330000000,"KAB. KUNINGAN",JALAKSANA,BABAKANMULYA
701131,533711247943,"PJU *** **** *******",-6.88529530000000,108.55042870000000,"KAB. KUNINGAN",CIGANDAMEKAR,KOREAK
701132,533711252064,"PJU *** **** *******",-6.82105000000000,108.48086500000000,"KAB. KUNINGAN",PANCALANG,TAJURBUNTU
701133,533711248787,"PJU *** **** *******",-6.92409230000000,108.47795310000000,"KAB. KUNINGAN",JALAKSANA,BABAKANMULYA
701134,533711249260,"PJU *** **** *** *******",-6.92360390000000,108.49180060000000,"KAB. KUNINGAN",JALAKSANA,NANGGERANG
701135,533711249826,"PJU *** **** *** *******",-6.80468330000000,108.43104830000000,"KAB. KUNINGAN",PASAWAHAN,PASAWAHAN
701136,533711251693,"PJU *** **** *** *******",-6.85100000000000,108.47344000000000,"KAB. KUNINGAN",MANDIRANCAN,RANDOBAWAGIRANG
701137,533711251445,"PJU *** **** *** *******",-6.82924880000000,108.45528300000000,"KAB. KUNINGAN",MANDIRANCAN,SEDA
701138,533711251478,"PJU *** **** *** *******",-6.79846610000000,108.46114090000000,"KAB. KUNINGAN",MANDIRANCAN,CIREA
701139,533711251494,"PJU *** **** *** *******",-6.82524670000000,108.46733500000000,"KAB. KUNINGAN",MANDIRANCAN,KERTAWINANGUN
701140,533711251723,"PJU *** **** *** *******",-6.82977690000000,108.47339430000000,"KAB. KUNINGAN",MANDIRANCAN,RANDOBAWAILIR
701141,533711251390,"PJU *** **** *** *******",-6.83048830000000,108.47162830000000,"KAB. KUNINGAN",MANDIRANCAN,KERTAWINANGUN
701142,533711251279,"PJU *** **** *** *******",-6.85820440000000,108.49199790000000,"KAB. KUNINGAN",CILIMUS,KALIAREN
701143,533711246591,"PJU *** **** *** *******",-6.87771830000000,108.49635830000000,"KAB. KUNINGAN",JAPARA,GARATENGAH
701144,533711249190,"PJU *** **** *** *******",-6.91386870000000,108.47380650000000,"KAB. KUNINGAN",JALAKSANA,SADAMANTRA
701145,533711249286,"PJU *** **** *** *******",-6.90428920000000,108.47362550000000,"KAB. KUNINGAN",JALAKSANA,SEMBAWA
701146,533711252717,"PJU ****** *** ******** *",-6.93694480000000,108.47722720000000,"KAB. KUNINGAN",KRAMATMULYA,CIBENTANG
701147,533711252829,"PJU *** ******** **",-6.93517210000000,108.51840620000000,"KAB. KUNINGAN",JALAKSANA,SINDANGBARANG
701148,533711252845,"PJU *** ******** **",-6.93380120000000,108.51905220000000,"KAB. KUNINGAN",JALAKSANA,SINDANGBARANG
701149,533711252741,"PJU ****** *** ******** *",-6.94161980000000,108.49803870000000,"KAB. KUNINGAN",KRAMATMULYA,CIKASO
701150,533711251948,"PJU *** **** *******",-6.87477500000000,108.46939170000000,"KAB. KUNINGAN",CILIMUS,SETIANEGARA
701151,533711247897,"PJU *** **** ** ******",-6.88076240000000,108.54504050000000,"KAB. KUNINGAN",CIGANDAMEKAR,INDAPATRA
701152,533711246567,"PJU *** **** ******",-6.87774330000000,108.49637670000000,"KAB. KUNINGAN",JAPARA,SINGKUP
701153,533711249905,"PJU *** **** *******",-6.83592510000000,108.44095790000000,"KAB. KUNINGAN",PASAWAHAN,CIBUNTU
701167,533711251183,"PJU *** **** *** *******",-6.86815010000000,108.51170340000000,"KAB. KUNINGAN",CILIMUS,CILIMUS
701168,533711251644,"PJU *** **** ** *******",-6.86699360000000,108.50218320000000,"KAB. KUNINGAN",CILIMUS,CILIMUS
701169,533711251573,"PJU *** **** *** *******",-6.82401830000000,108.46712670000000,"KAB. KUNINGAN",MANDIRANCAN,NANGGERANGJAYA
701170,533711252056,"PJU *** **** *******",-6.87885000000000,108.49530670000000,"KAB. KUNINGAN",CILIMUS,BOJONG
701171,533711251317,"PJU *** **** ** *******",-6.86710100000000,108.49754460000000,"KAB. KUNINGAN",CILIMUS,CILIMUS
701172,533711251212,"PJU *** **** *** *******",-6.88732110000000,108.48741320000000,"KAB. KUNINGAN",CILIMUS,BANDORASAWETAN
701173,533313264477,"PJU *** ******",-6.75637040000000,108.47883900000000,"KAB. CIREBON",SUMBER,TUKMUDAL
701174,533313263993,"PJU *** *****",-6.78706711111100,108.49268331111000,"KAB. CIREBON",TALUN,KUBANG
701175,533313264436,"PJU *** ******",-6.75589510000000,108.49831820000000,"KAB. CIREBON",SUMBER,SENDANG
701176,533312943165,"PJU ****** *****",-6.70511311111000,108.51235111110000,"KAB. CIREBON",DUKUPUNTANG,BOBOS
701181,533310009657,"WAR**** ***** ***** *    ",-6.75063990000000,108.48950420000000,"KAB. CIREBON",SUMBER,PERBUTULAN
701182,533310009665,"WAR**** ***** ***** *    ",-6.75053770000000,108.48946140000000,"KAB. CIREBON",SUMBER,PERBUTULAN
701188,533313148782,"PJU ** *********",-6.67150468111110,108.50748211111000,"KAB. CIREBON",PLERED,CANGKRING
701189,533313148230,"PJU ** *****",-6.72825660000000,108.50554490000000,"KAB. CIREBON","TENGAH TANI",PALIR
701190,533313148829,"PJU ** ********** *",-6.65723000000000,108.36703050000000,"KAB. CIREBON",SUSUKAN,SUSUKAN
701191,533113321433,"PJU ** ******** *",-6.76662238111110,108.51485721111000,"KAB. CIREBON",TALUN,SAMPIRAN
701192,533313147971,"PJU *** * ***** ******",-6.60384400000000,108.34110200000000,"KAB. CIREBON",SUSUKAN,UJUNGGEBANG
701194,533312728275,"PJU *********** *********",-6.69125580000000,108.46859270000000,"KAB. CIREBON",PLUMBON,PASANGGRAHAN
701195,533312996191,"PJU ** ***** *",-6.72043670000000,108.45970670000000,"KAB. CIREBON",PLUMBON,LURAH
701196,533313148940,"PJU ** ******** *",-6.71043270000000,108.48392880000000,"KAB. CIREBON",PLUMBON,BODESARI
701197,533312825467,"PJU *** ****** *****",-6.69719881111110,108.51264041111000,"KAB. CIREBON",PLERED,"TRUSMI KULON"
701198,533313170819,"PJU *** ********",-6.61138100000000,108.37492350000000,"KAB. CIREBON",SUSUKAN,JATIPURA
701199,533313149082,"PJU ** ******* *",-6.75662000000000,108.49909000000000,"KAB. CIREBON",SUMBER,SENDANG
701200,533312806590,"PJU **** ********",-6.73353000000000,108.42445190000000,"KAB. CIREBON",PALIMANAN,CILUKRAK
701201,533313173816,"PJU ********",-6.58590760000000,108.36804940000000,"KAB. CIREBON",SUSUKAN,JATIANOM
701202,533312322629,"PJU ***** ****** **** *",-6.73449969111110,108.52119811111000,"KAB. CIREBON",KEDAWUNG,KALIKOA
701203,533312306144,"PJU ** **** ***** *******",-6.73842523111110,108.51169731111000,"KAB. CIREBON",TALUN,CEMPAKA
701209,533313249733,"PJU **** ********",-6.60831920000000,108.40961590000000,"KAB. CIREBON",KALIWEDI,KALIDERES
701210,533313622117,"PJU ****** *** *******",-6.73279500000000,108.44412130000000,"KAB. CIREBON",PLUMBON,KARANGASEM
701211,533313148709,"PJU ** **** *** *",-6.71887020000000,108.48936680000000,"KAB. CIREBON",PLUMBON,"BODE LOR"
701212,533313148790,"PJU ** ******** *",-6.75867230000000,108.40714230000000,"KAB. CIREBON",DUKUPUNTANG,GIRINATA
701213,533313148758,"PJU ** ******** *",-6.75690070000000,108.40701970000000,"KAB. CIREBON",DUKUPUNTANG,GIRINATA
701214,533313153905,"PJU ** ***** *",-6.74527510000000,108.42289110000000,"KAB. CIREBON",PALIMANAN,KEPUH
701215,533312996651,"PJU ** ***** *",-6.68566690000000,108.36241390000000,"KAB. CIREBON",CIWARINGIN,BUDUR
701216,533312997272,"PJU ** ********* ***** *",-6.71358780000000,108.41963010000000,"KAB. CIREBON",GEMPOL,"PALIMANAN BARAT"
701217,533313147780,"PJU ** ****** *****",-6.58237850000000,108.45479340000000,"KAB. CIREBON",GEGESIK,KEDUNGDALEM
701219,533313149232,"PJU ** ******* *",-6.77846920000000,108.42814040000000,"KAB. CIREBON",DUKUPUNTANG,MANDALA
701220,533313148916,"PJU ** ********",-6.75048570000000,108.47948430000000,"KAB. CIREBON",SUMBER,TUKMUDAL
701221,533313849523,"PJU ****** *** *******",-6.65594320000000,108.37252900000000,"KAB. CIREBON",SUSUKAN,KEDONGDONG
701222,533313230612,"PJU **** *******",-6.63849000000000,108.37053100000000,"KAB. CIREBON",SUSUKAN,KEJIWAN
701223,533313224982,"PJU *** ********",-6.58590800000000,108.36742010000000,"KAB. CIREBON",SUSUKAN,JATIANOM
701224,533313251406,"PJU *** ********",-6.66262890000000,108.48731310000000,"KAB. CIREBON",JAMBLANG,"BAKUNG KIDUL"
701225,533313256655,"PJU *** **********",-6.69506660000000,108.37451800000000,"KAB. CIREBON",CIWARINGIN,CIWARINGIN
701226,533313240270,"PJU ********* ******",-6.76330990000000,108.48501980000000,"KAB. CIREBON",SUMBER,SUMBER
701227,533313263977,"PJU *** ****** ****",-6.69786860000000,108.51579860000000,"KAB. CIREBON","TENGAH TANI",KALITENGAH
701228,533312060739,"BPP *******              ",-6.61065420000000,108.37424320000000,"KAB. CIREBON",SUSUKAN,JATIPURA
701241,533312812582,"PJU *** *********",-6.70872380000000,108.48952600000000,"KAB. CIREBON",WERU,TEGALWANGI
701242,533312806781,"PJU **** **** ********",-6.73303840000000,108.42474160000000,"KAB. CIREBON",PALIMANAN,CILUKRAK
701243,533313148766,"PJU ** ******** *",-6.76361010000000,108.40712220000000,"KAB. CIREBON",DUKUPUNTANG,GIRINATA
701244,533313148454,"PJU ** ******** *",-6.70563530000000,108.52229370000000,"KAB. CIREBON","TENGAH TANI",BATTEMBAT
701245,533313147997,"PJU ** ****** *******",-6.61568720000000,108.33322090000000,"KAB. CIREBON",SUSUKAN,"LUWUNG KENCANA"
701246,533312996175,"PJU ** *********",-6.71776420000000,108.46789970000000,"KAB. CIREBON",PLUMBON,MARIKANGEN
701247,533313230447,"PJU ***** *",-6.56707230000000,108.44278150000000,"KAB. CIREBON",GEGESIK,"JAGAPURA WETAN"
701248,533312997215,"PJU ** ********* ***** *",-6.70621820000000,108.41289420000000,"KAB. CIREBON",GEMPOL,GEMPOL
701249,533313249774,"PJU **** *******",-6.59074250000000,108.42741920000000,"KAB. CIREBON",GEGESIK,KEDUNGDALEM
701250,533313148447,"PJU ** ******** ***** *",-6.76951190000000,108.49344760000000,"KAB. CIREBON",TALUN,"WANASABA KIDUL"
701251,533313148462,"PJU ** ******** *",-6.71735525111110,108.51778911111000,"KAB. CIREBON","TENGAH TANI",ASTAPADA
701257,533312984937,"PJU ** ******* *** *",-6.59051160000000,108.42304700000000,"KAB. CIREBON",KALIWEDI,UJUNGSEMI
701258,533312988155,"PJU **** ******* *",-6.70246020000000,108.47519590000000,"KAB. CIREBON",PLUMBON,PLUMBON
701259,533312996892,"PJU ** ******** *",-6.72096470000000,108.40779030000000,"KAB. CIREBON",GEMPOL,CIKEUSAL
701260,533313074860,"PJU ********* *****",-6.70028630000000,108.51251380000000,"KAB. CIREBON",PLERED,"TRUSMI WETAN"
701261,533313148774,"PJU ** ******* *",-6.77972360000000,108.42853190000000,"KAB. CIREBON",DUKUPUNTANG,MANDALA
701262,533312996204,"PJU ** ***** *",-6.72546980000000,108.46747990000000,"KAB. CIREBON",PLUMBON,LURAH
701263,533312988148,"PJU **** ******* **** *",-6.76591920000000,108.44633620000000,"KAB. CIREBON",DUKUPUNTANG,SINDANGJAWA
701264,533313230454,"PJU ***** *",-6.56842950000000,108.44503420000000,"KAB. CIREBON",GEGESIK,"JAGAPURA WETAN"
701265,533313153891,"PJU ****** ********* *",-6.68707770000000,108.36871830000000,"KAB. CIREBON",PALIMANAN,"PALIMANAN TIMUR"
701266,533313852488,"PJU ****** ****** *** ***",-6.69659543225640,108.39884486699000,"KAB. CIREBON",GEMPOL,KEDUNGBUNDER
701267,533313849493,"PJU ****** *** *******",-6.66541500000000,108.35886890000000,"KAB. CIREBON",SUSUKAN,WIYONG
701268,533313148725,"PJU ** ****** ***** *",-6.70344510000000,108.47696980000000,"KAB. CIREBON",PLUMBON,KARANGMULYA
701269,533313151457,"PJU ** ******** ***** *",-6.76630120000000,108.49381860000000,"KAB. CIREBON",TALUN,"WANASABA KIDUL"
701270,533312792855,"PJU *********** *******",-6.74880010000000,108.47889560000000,"KAB. CIREBON",SUMBER,KALIWADAS
701271,533313292509,"POS******* **** *",-6.66109000000000,108.41397000000000,"KAB. CIREBON",ARJAWINANGUN,GEYONGAN
701272,533313640193,"PJU ******** *******",-6.75692830000000,108.43009000000000,"KAB. CIREBON",SUSUKAN,JATIANOM
701273,533313437225,"PJU ****** *** *****",-6.72062550000000,108.42846290000000,"KAB. CIREBON",PALIMANAN,SEMPLO
701274,533313581406,"PJU **** ********",-6.76203670000000,108.42763830000000,"KAB. CIREBON",PALIMANAN,PANONGAN
701275,533313251385,"PJU *** *****",-6.74137450000000,108.43734080000000,"KAB. CIREBON",DEPOK,WARUJAYA
701276,533313249932,"PJU *** ************",-6.64896180000000,108.41048890000000,"KAB. CIREBON",ARJAWINANGUN,JUNGJANG
701277,533312972966,"PJU **** ******",-6.69481300000000,108.42083520000000,"KAB. CIREBON",GEMPOL,KEMPEK
701278,533313564932,"PJU **** *******",-6.63643630000000,108.40354540000000,"KAB. CIREBON",KALIWEDI,"KALIWEDI LOR"
701279,533313567365,"PJU **** ******** ****",-6.66358481111100,108.40439711111000,"KAB. CIREBON",ARJAWINANGUN,GEYONGAN
701280,533313256569,"PJU *** **********",-6.68982070000000,108.36839610000000,"KAB. CIREBON",CIWARINGIN,BABAKAN
701281,533313264373,"PJU *** ******",-6.75604850000000,108.47364720000000,"KAB. CIREBON",SUMBER,TUKMUDAL
701282,533313263849,"PJU **** ***** ******",-6.67403600000000,108.42667740000000,"KAB. CIREBON",PALIMANAN,TEGALKARANG
701283,533313251328,"PJU *** **********",-6.66427950000000,108.38142930000000,"KAB. CIREBON",CIWARINGIN,"GINTUNG KIDUL"
701284,533312828776,PJU,-6.69470000000000,108.44225000000000,"KAB. CIREBON",PALIMANAN,CIAWI
701285,533312304484,"PJU *** *********",-6.62002809111110,108.37769761111000,"KAB. CIREBON",PLUMBON,PLUMBON
701289,533313827513,"PJU ****** *** *******",-6.70338150000000,108.41141490000000,"KAB. CIREBON",GEMPOL,GEMPOL
701290,533313889631,"PJU ** ******** ** ******",-6.65302845137170,108.41123687563000,"KAB. CIREBON",ARJAWINANGUN,KEBONTURI
701291,533310758311,"PJU ******** *** *****   ",-6.63144810000000,108.38540470000000,"KAB. CIREBON",ARJAWINANGUN,TEGALGUBUG
701292,533312871718,"PJU ** ************* *",-6.71379870000000,108.46532380000000,"KAB. CIREBON",DEPOK,"KASUGENGAN LOR"
701296,533312876792,"PJU ******* ************",-6.57780880000000,108.43224110000000,"KAB. CIREBON",GEGESIK,"GEGESIK KULON"
701299,533313394104,"PJU ***** **** *******",-6.70935300000000,108.47640000000000,"KAB. CIREBON",PLUMBON,GOMBANG
701300,533313394090,"PJU ***** **** *******",-6.70945300000000,108.47640500000000,"KAB. CIREBON",PLUMBON,GOMBANG
701302,533312996914,"PJU ** ****** *** *",-6.67131430000000,108.46646320000000,"KAB. CIREBON",JAMBLANG,"BOJONG LOR"
701303,533312995484,"PJU ** ***** *",-6.78072710000000,108.40184760000000,"KAB. CIREBON",DUKUPUNTANG,BOBOS
701304,533312988163,"PJU **** ******* *****",-6.74331600000000,108.46997400000000,"KAB. CIREBON",PLUMBON,CEMPAKA
701305,533312996876,"PJU ** ****** *** *",-6.67529000000000,108.46384590000000,"KAB. CIREBON",JAMBLANG,"BOJONG WETAN"
701306,533312996819,"PJU ** ****** *** *",-6.63719330000000,108.48862490000000,"KAB. CIREBON",JAMBLANG,"BAKUNG LOR"
701307,533313153755,"PJU *******",-6.70634520000000,108.42519370000000,"KAB. CIREBON",PALIMANAN,CENGKUANG
701308,533313148542,"PJU ** ******* *",-6.63092150000000,108.37734990000000,"KAB. CIREBON",SUSUKAN,SUSUKAN
701309,533313392141,"PJU *** ********",-6.68981880000000,108.41480850000000,"KAB. CIREBON",PALIMANAN,TEGALKARANG
701310,533313251688,"PJU *** *****",-6.71818910000000,108.44930360000000,"KAB. CIREBON",DEPOK,"KASUGENGAN KIDUL"
701311,533313256593,"PJU **** **********",-6.66972790000000,108.38921750000000,"KAB. CIREBON",CIWARINGIN,BRINGIN
701312,533313264237,"PJU *** ****",-6.70816400000000,108.50632170000000,"KAB. CIREBON",WERU,"WERU KIDUL"
701313,533313372694,"PJU ****** *** *******",-6.74669360000000,108.39662260000000,"KAB. CIREBON",DUKUPUNTANG,"KEDONGDONG KIDUL"
701314,533313373670,"PJU **** ****** *******",-6.61638160000000,108.33173770000000,"KAB. CIREBON",SUSUKAN,"LUWUNG KENCANA"
701315,533313375691,"PJU ** *******",-6.66934860000000,108.37627660000000,"KAB. CIREBON",SUSUKAN,TANGKIL
701316,533313375705,"PJU ** *******",-6.66737740000000,108.37883450000000,"KAB. CIREBON",SUSUKAN,TANGKIL
701317,533313375747,"PJU ** *******",-6.66779830000000,108.37529890000000,"KAB. CIREBON",SUSUKAN,TANGKIL
701318,533313392174,"PJU *** ******** *",-6.68104000000000,108.42628900000000,"KAB. CIREBON",PALIMANAN,TEGALKARANG
701320,533313392133,"PJU *** ********",-6.69320970000000,108.37773220000000,"KAB. CIREBON",GEMPOL,GEMPOL
701321,533313372574,"PJU ****** *** *******",-6.73281070000000,108.42741540000000,"KAB. CIREBON",PALIMANAN,PANONGAN
701322,533313392166,"PJU *** ********",-6.66966750000000,108.42030090000000,"KAB. CIREBON",GEMPOL,GEMPOL
701323,533313372533,"PJU ****** *** *******",-6.72170800000000,108.43444000000000,"KAB. CIREBON",PALIMANAN,"PALIMANAN TIMUR"
701324,533313372652,"PJU ****** *** *******",-6.76394730000000,108.47722650000000,"KAB. CIREBON",SUMBER,SUMBER
701325,533310761172,"PJU **** *********       ",-6.70686532200000,108.42875063500000,"KAB. CIREBON",PALIMANAN,"PALIMANAN TIMUR"
701326,533310761180,"PJU **** ******* ***     ",-6.63805070000000,108.37125330000000,"KAB. CIREBON",SUSUKAN,KEJIWAN
701327,533310761198,"PJU **** ********** ***  ",-6.71189220000000,108.45677960000000,"KAB. CIREBON",DEPOK,"KASUGENGAN LOR"
701328,533312865812,"PJU ** ************",-6.69747330000000,108.44651770000000,"KAB. CIREBON",DEPOK,"KASUGENGAN LOR"
701329,533312876983,"PJU ** ***** ***** ***",-6.62464860000000,108.38683850000000,"KAB. CIREBON",ARJAWINANGUN,"TEGALGUBUG LOR"
701331,533312876805,"PJU ** *** ***** ***** *",-6.63184450000000,108.38662140000000,"KAB. CIREBON",ARJAWINANGUN,TEGALGUBUG
701334,533312877044,"PJU ** ******* ***** *",-6.65143670000000,108.41120870000000,"KAB. CIREBON",ARJAWINANGUN,JUNGJANG
701335,533312877201,"PJU ** *******",-6.69505910000000,108.37452470000000,"KAB. CIREBON",CIWARINGIN,CIWARINGIN
701336,533312876959,"PJU *** * **********",-6.66304200000000,108.39152830000000,"KAB. CIREBON",CIWARINGIN,"GINTUNG TENGAH"
701338,533312996715,"PJU ** *********** *",-6.69156760000000,108.46360050000000,"KAB. CIREBON",JAMBLANG,WANGUNHARJA
701339,533312996707,"PJU ** ********** *",-6.69418930000000,108.37432660000000,"KAB. CIREBON",CIWARINGIN,CIWARINGIN
701340,533312866387,"PJU ** ********",-6.72313660000000,108.42592350000000,"KAB. CIREBON",PALIMANAN,SEMPLO
701341,533313048208,"PJU *** *********",-6.68820400000000,108.42417900000000,"KAB. CIREBON",PALIMANAN,LUNGBENDA
701342,533313507059,"PJU **** ********** ****",-6.62342560000000,108.48374100000000,"KAB. CIREBON",PANGURAGAN,LEMAHTAMBA
701345,533310761201,"PJU **** ********* ***   ",-6.70847710000000,108.43350750000000,"KAB. CIREBON",PALIMANAN,"PALIMANAN TIMUR"
701346,533310761219,"PJU **** ********* ***   ",-6.70902080000000,108.43468560000000,"KAB. CIREBON",PALIMANAN,"PALIMANAN TIMUR"
701347,533310761227,"PJU **** ********* ***   ",-6.68778510000000,108.44188510000000,"KAB. CIREBON",PALIMANAN,CENGKUANG
701348,533310761235,"PJU ******** ***         ",-6.75851620000000,108.47348970000000,"KAB. CIREBON",SUMBER,TUKMUDAL
701349,533310761243,"PJU ********* ***********",-6.75340190000000,108.47124440000000,"KAB. CIREBON",SUMBER,TUKMUDAL
701350,533310761250,"PJU **** ***** ***       ",-6.72400111111000,108.46758611111000,"KAB. CIREBON",PLUMBON,LURAH
701351,533310761268,"PJU **** ***** ***       ",-6.72324920000000,108.46778500000000,"KAB. CIREBON",PLUMBON,LURAH
701352,533310761276,"PJU **** ******* ***     ",-6.68216340000000,108.44978250000000,"KAB. CIREBON",KLANGENAN,"JEMARAS KIDUL"
701353,533310761284,"PJU **** ******* ***     ",-6.68556220000000,108.45088380000000,"KAB. CIREBON",KLANGENAN,"JEMARAS KIDUL"
701354,533310761292,"PJU **** ****** ***      ",-6.72095500000000,108.43550980000000,"KAB. CIREBON",PALIMANAN,SEMPLO
701355,533310761306,"PJU **** ***** ***       ",-6.73653070000000,108.42574170000000,"KAB. CIREBON",SUSUKAN,BUNDER
701356,533310761314,"PJU **** ******** ***    ",-6.76383180000000,108.42939270000000,"KAB. CIREBON",DUKUPUNTANG,BALAD
701357,533310761330,"PJU **** ******** ***    ",-6.76240540000000,108.43540400000000,"KAB. CIREBON",DUKUPUNTANG,SINDANGMEKAR
701358,533313404972,"PJU ** ********",-6.63141121111100,108.38549611111000,"KAB. CIREBON",ARJAWINANGUN,RAWAGATEL
701359,533313307508,"PJU *** ********** *",-6.62649410000000,108.38599780000000,"KAB. CIREBON",ARJAWINANGUN,TEGALGUBUG
701360,533312989946,"PJU ** ******* *****",-6.74412400000000,108.47063100000000,"KAB. CIREBON",PLUMBON,CEMPAKA
701361,533312995841,"PJU ** ******* ****** *",-6.77268351111110,108.50671941111000,"KAB. CIREBON",TALUN,"CIREBON GIRANG"
701365,533312995443,"PJU ** ******* *",-6.70319000000000,108.46468100000000,"KAB. CIREBON",PLUMBON,KEBAREPAN
701366,533313506894,"PJU **** **** *** ****",-6.63639500000000,108.40369280000000,"KAB. CIREBON",KALIWEDI,"GUWA LOR"
701367,533312865377,"PJU ** ********* *",-6.78680190000000,108.47843120000000,"KAB. CIREBON",SUMBER,SIDAWANGI
701368,533313374624,"PJU **** ******",-6.78170080000000,108.51682020000000,"KAB. CIREBON",TALUN,KUBANG
701369,533313374632,"PJU **** ******** ***",-6.75754410000000,108.50651590000000,"KAB. CIREBON",TALUN,"WANASABA LOR"
701370,533313374640,"PJU **** **********",-6.75467791111110,108.51522841111000,"KAB. CIREBON",TALUN,KECOMBERAN
701371,533313097491,"PJU ******** ************",-6.63799345111110,108.39655321111000,"KAB. CIREBON",ARJAWINANGUN,ARJAWINANGUN
701372,533313313286,"PJU *** **********",-6.62407430000000,108.45426820000000,"KAB. CIREBON",PANGURAGAN,PANGURANGAN
701374,533312876991,"PJU ******** *** *",-6.59539920000000,108.38217310000000,"KAB. CIREBON",KALIWEDI,"KALIWEDI LOR"
701375,533312871767,"PJU ** ******** *",-6.71835510000000,108.51591050000000,"KAB. CIREBON","TENGAH TANI",ASTAPADA
701376,533312876862,"PJU ** ***** *",-6.66284080000000,108.43154870000000,"KAB. CIREBON",ARJAWINANGUN,SENDE
701379,533312996963,"PJU ** ******** *",-6.72096470000000,108.40779030000000,"KAB. CIREBON",GEMPOL,CIKEUSAL
701380,533312995435,"PJU ** ******* *",-6.70316940000000,108.47250180000000,"KAB. CIREBON",PLUMBON,PLUMBON
701381,533312995108,"PJU ********* ********* *",-6.76877790000000,108.48547370000000,"KAB. CIREBON",SUMBER,BABAKAN
701382,533312995181,"PJU ** ****** *****",-6.70032294111110,108.51266241111000,"KAB. CIREBON",PLERED,"TRUSMI WETAN"
701383,533312996827,"PJU ** ******** *",-6.69767610000000,108.45958120000000,"KAB. CIREBON",JAMBLANG,JAMBLANG
701384,533312996062,"PJU ** ***** ***** *",-6.69419410000000,108.49672140000000,"KAB. CIREBON",PLERED,KALIWULU
701385,533312996070,"PJU ** ***** ***** *",-6.68516680000000,108.49943930000000,"KAB. CIREBON",PLERED,TEGALSARI
701386,533313501980,PJU,-6.71186610000000,108.43820190000000,"KAB. CIREBON",GEMPOL,KEMPEK
701387,533313506916,"PJU **** **** *** ******",-6.63641960000000,108.40361780000000,"KAB. CIREBON",KALIWEDI,"GUWA LOR"
701389,533312866560,"PJU ** *****",-6.68798078111110,108.52740861111000,"KAB. CIREBON","TENGAH TANI",KALITENGAH
701390,533313053014,"API** ******** ******",-6.65142780000000,108.41119530000000,"KAB. CIREBON",ARJAWINANGUN,JUNGJANG
701391,533313372678,"PJU ****** *** *******",-6.76005680000000,108.48539320000000,"KAB. CIREBON",SUMBER,KALIWADAS
701392,533313373662,"PJU **** ******* *****",-6.59449570000000,108.42231210000000,"KAB. CIREBON",GEGESIK,"GEGESIK KULON"
701393,533313372566,"PJU ****** *** *******",-6.75661230000000,108.44962720000000,"KAB. CIREBON",DEPOK,DEPOK
701394,533313373726,"PJU **** ******** *****",-6.54153440000000,108.43165270000000,"KAB. CIREBON",GEGESIK,"JAGAPURA WETAN"
701396,533312865639,"PJU ** ****** *",-6.70984770000000,108.44446770000000,"KAB. CIREBON",KLANGENAN,SERANG
701398,533313264053,"PJU *** ******",-6.75302180000000,108.47378610000000,"KAB. CIREBON",SUMBER,TUKMUDAL
701400,533312871804,"PJU ** ***** *",-6.72737580000000,108.50664090000000,"KAB. CIREBON","TENGAH TANI",PALIR
701402,533312876750,"PJU ** **** *****",-6.70843710000000,108.51160700000000,"KAB. CIREBON",WERU,"SETU WETAN"
701403,533312877085,"PJU ** ************",-6.63724530000000,108.40356370000000,"KAB. CIREBON",ARJAWINANGUN,ARJAWINANGUN
701404,533312994910,"PJU ********* ********* *",-6.75713460000000,108.49122170000000,"KAB. CIREBON",SUMBER,KEMANTREN
701405,533312995003,"PJU ** **** *****",-6.69739550000000,108.50791620000000,"KAB. CIREBON",PLERED,GAMEL
701406,533312987870,"PJU **** ********* *",-6.73375190000000,108.47099410000000,"KAB. CIREBON",PLUMBON,PAMIJAHAN
701407,533312995866,"PJU ** ********** *",-6.79049370000000,108.50457720000000,"KAB. CIREBON",TALUN,SARWADADI
701408,533312987942,"PJU **** ********* *",-6.73406100000000,108.47004170000000,"KAB. CIREBON",PLUMBON,PAMIJAHAN
701410,533313507258,"PJU **** *******",-6.63639500000000,108.40369280000000,"KAB. CIREBON",KALIWEDI,"GUWA LOR"
701412,533312876813,"PJU ** ***** **** *",-6.66050540000000,108.40759420000000,"KAB. CIREBON",ARJAWINANGUN,GEYONGAN
701415,533312865742,"PJU ******** *",-6.71783160000000,108.51607820000000,"KAB. CIREBON","TENGAH TANI",ASTAPADA
701416,533312876975,"PJU ** ******* *******",-6.66722400000000,108.37957510000000,"KAB. CIREBON",CIWARINGIN,"GINTUNG KIDUL"
701417,533312871670,"PJU ** ****** *****",-6.70223170000000,108.51349830000000,"KAB. CIREBON","TENGAH TANI",KALITENGAH
701419,533313394697,"PJU *****",-6.68254300000000,108.49849300000000,"KAB. CIREBON",PLERED,TEGALSARI
701429,533310856690,"PJU * ******* **** ****  ",-6.72336670000000,108.50007310000000,"KAB. CIREBON",WERU,"MEGU CILIK"
701430,533310778102,"PJU ***** *******        ",-6.65483120000000,108.41659520000000,"KAB. CIREBON",ARJAWINANGUN,"JUNGJANG WETAN"
701431,533310778110,"PJU ***** *******        ",-6.64090637111110,108.39382221111000,"KAB. CIREBON",ARJAWINANGUN,ARJAWINANGUN
701432,533310778128,"PJU ***** *******        ",-6.64991840000000,108.40984670000000,"KAB. CIREBON",ARJAWINANGUN,JUNGJANG
701433,533312787530,"PJU ****** ****",-6.63641305111110,108.38760321111000,"KAB. CIREBON",SUSUKAN,"BOJONG KULON"
701434,533313251215,"PJU **** *******",-6.68555963111110,108.51322081111000,"KAB. CIREBON",PLERED,SARABAU
701435,533313468025,"PJU **********",-6.60535110000000,108.33887020000000,"KAB. CIREBON",SUSUKAN,"LUWUNG KENCANA"
701436,533310856704,"PJU * ******* **** ***** ",-6.71915989600000,108.50157679300000,"KAB. CIREBON",WERU,"MEGU CILIK"
701438,533311097173,"PJU *********** *****    ",-6.72910453111110,108.51854641111000,"KAB. CIREBON",KEDAWUNG,KEDUNGDAWA
701439,533312994944,"PJU **** ****** ******",-6.76946820000000,108.48639900000000,"KAB. CIREBON",SUMBER,BABAKAN
701440,533312994985,"PJU **** ************ *",-6.76147400000000,108.45375490000000,"KAB. CIREBON",DUKUPUNTANG,SINDANGJAWA
701441,533312865846,"PJU ********* *********",-6.70902080000000,108.43468560000000,"KAB. CIREBON",PALIMANAN,"PALIMANAN TIMUR"
701442,533313048622,"PJU *** ********",-6.74532590000000,108.42519370000000,"KAB. CIREBON",DUKUPUNTANG,KEPUNDUAN
701443,533313048606,"PJU *** ********",-6.72657870000000,108.43285140000000,"KAB. CIREBON",PALIMANAN,BEBERAN
701444,533313048593,"PJU *** ********",-6.73730870000000,108.42875410000000,"KAB. CIREBON",PALIMANAN,PANONGAN
701445,533313048577,"PJU *** ********",-6.73722080000000,108.42816100000000,"KAB. CIREBON",PALIMANAN,PANONGAN
701446,533313048585,"PJU *** ********",-6.73011780000000,108.43046580000000,"KAB. CIREBON",PALIMANAN,PANONGAN
701447,533313048614,"PJU *** ********",-6.73880980000000,108.42780260000000,"KAB. CIREBON",PALIMANAN,KEPUH
701448,533313506878,"PJU **** *****",-6.60194490000000,108.47876660000000,"KAB. CIREBON",PANGURAGAN,KROYA
701450,533312995364,"PJU ** ****** **** *",-6.69849530000000,108.47936310000000,"KAB. CIREBON",PLUMBON,KARANGASEM
701451,533312997111,"PJU ****** ****** ****",-6.76352600000000,108.47664690000000,"KAB. CIREBON",SUMBER,SUMBER
701452,533312995244,"PJU ** ****** *",-6.77494730000000,108.44292560000000,"KAB. CIREBON",DUKUPUNTANG,CISAAT
701453,533312996494,"PJU ** ******* ******",-6.66194320000000,108.38651450000000,"KAB. CIREBON",ARJAWINANGUN,JUNGJANG
701454,533312995210,"PJU ** ********* *",-6.66029050000000,108.49742310000000,"KAB. CIREBON",PLERED,PANGKALAN
701456,533312863938,"PJU *** ****** ** ******",-6.69328329111110,108.52654151111000,"KAB. CIREBON","TENGAH TANI",DAWUAN
701460,533312866615,"PJU ** ********",-6.76103830000000,108.40765580000000,"KAB. CIREBON",DUKUPUNTANG,GIRINATA
701462,533313404998,"PJU ** ********",-6.62950430000000,108.38165180000000,"KAB. CIREBON",ARJAWINANGUN,RAWAGATEL
701464,533312996922,"PJU ** ******** *",-6.72786260000000,108.40829450000000,"KAB. CIREBON",GEMPOL,CIKEUSAL
701465,533312995165,"PJU ** ********** *",-6.77673670000000,108.41353750000000,"KAB. CIREBON",DUKUPUNTANG,CIKALAHANG
701466,533312987967,"PJU **** ****** **** *",-6.70144676111110,108.52422951111000,"KAB. CIREBON",WERU,"WERU LOR"
701467,533313149257,"PJU ** ******* *",-6.77867000000000,108.42717410000000,"KAB. CIREBON",DUKUPUNTANG,CIKALAHANG
701468,533313151473,"PJU ** ********* *",-6.79183226111110,108.50279971111000,"KAB. CIREBON",TALUN,SARWADADI
701469,533313372590,"PJU ****** *** *******",-6.77707800000000,108.40433000000000,"KAB. CIREBON",DUKUPUNTANG,BOBOS
701470,533313374665,"PJU **** **********",-6.72301488111110,108.51816011111000,"KAB. CIREBON",KEDAWUNG,KEDUNGDAWA
701471,533313372541,"PJU ****** *** *******",-6.76891000000000,108.48590000000000,"KAB. CIREBON",SUMBER,BABAKAN
701472,533313148845,"PJU ** ********* *",-6.75068000000000,108.42659000000000,"KAB. CIREBON",DUKUPUNTANG,KEPUNDUAN
701473,533313147764,"PJU ** ******* ***",-6.65071940000000,108.38304200000000,"KAB. CIREBON",SUSUKAN,"GINTUNG LOR"
701474,533313148852,"PJU ** **** *****",-6.71108410000000,108.50656800000000,"KAB. CIREBON",WERU,"SETU WETAN"
701475,533312950906,"PJU **** ******",-6.69119630000000,108.37839940000000,"KAB. CIREBON",CIWARINGIN,CIWARINGIN
701476,533313148301,"PJU ** ******** ***** *",-6.76887270000000,108.49344760000000,"KAB. CIREBON",TALUN,"WANASABA KIDUL"
701477,533313251909,"PJU *** **********",-6.62393771111110,108.45162131111000,"KAB. CIREBON",PANGURAGAN,"PANGURANGAN KULON"
701478,533313264332,"PJU *** ******",-6.74442880000000,108.49539200000000,"KAB. CIREBON",SUMBER,GEGUNUNG
701479,533313251448,"PJU *** ******",-6.68981880000000,108.41480850000000,"KAB. CIREBON",GEMPOL,KEMPEK
701480,533313264046,"PJU *** ******",-6.73832760000000,108.49827040000000,"KAB. CIREBON",SUMBER,PEJAMBON
701481,533313622087,"PJU ****** *** *******",-6.72477830000000,108.46190500000000,"KAB. CIREBON",DUKUPUNTANG,BOBOS
701482,533313256697,"PJU *** **********",-6.67589620000000,108.38768650000000,"KAB. CIREBON",CIWARINGIN,GALAGAMBA
701483,533312967275,PJU,-6.72336000000000,108.48566330000000,"KAB. CIREBON",WERU,KERTASARI
701484,533313264125,"PJU *** ******",-6.75844360000000,108.47275000000000,"KAB. CIREBON",SUMBER,TUKMUDAL
701485,533313251302,"PJU *** **********",-6.66694740000000,108.37846250000000,"KAB. CIREBON",CIWARINGIN,"GINTUNG KIDUL"
701486,533313264245,"PJU *** ***********",-6.74746870000000,108.39622650000000,"KAB. CIREBON",DUKUPUNTANG,"KEDONGDONG KIDUL"
701487,533313264340,"PJU *** ******",-6.75737040000000,108.47175040000000,"KAB. CIREBON",SUMBER,TUKMUDAL
701488,533313264316,"PJU *** ******",-6.67127591111100,108.49879081111000,"KAB. CIREBON",PLERED,CANGKRING
701489,533313266280,"PJU ** ** ********",-6.76319660000000,108.46598900000000,"KAB. CIREBON",SUMBER,TUKMUDAL
701490,533313251471,"PJU *** *********",-6.70578090000000,108.43022540000000,"KAB. CIREBON",PALIMANAN,"PALIMANAN TIMUR"
701491,533313256536,"PJU *** **********",-6.68015890000000,108.38583370000000,"KAB. CIREBON",CIWARINGIN,GALAGAMBA
701492,533313251497,"PJU *** *********",-6.69339400000000,108.42876500000000,"KAB. CIREBON",PALIMANAN,LUNGBENDA
701493,533313263910,"PJU *** *****",-6.76094980000000,108.51144070000000,"KAB. CIREBON",TALUN,KECOMBERAN
701494,533313263944,"PJU *** *****",-6.74999978111110,108.51465231111000,"KAB. CIREBON",TALUN,KEPONGPONGAN
701495,533313249709,"PJU *** ************",-6.65480811111100,108.42705061111000,"KAB. CIREBON",ARJAWINANGUN,"JUNGJANG WETAN"
701496,533313189460,"PJU **** ** ***** *******",-6.68306400000000,108.36117100000000,"KAB. CIREBON",CIWARINGIN,BUDUR
701497,533313146093,"PJU ** ******** *",-6.74261320000000,108.42667720000000,"KAB. CIREBON",DEPOK,WARUJAYA
701498,533313145889,"PJU ** **** **** *",-6.76065290000000,108.41740470000000,"KAB. CIREBON",DEPOK,WARUGEDE
701499,533313145927,"PJU ** ******* *",-6.74004800000000,108.45425260000000,"KAB. CIREBON",DEPOK,GETASAN
701500,533313149179,"PJU ****** ***********",-6.76816120000000,108.41557420000000,"KAB. CIREBON",DUKUPUNTANG,DUKUPUNTANG
701501,533313149281,"PJU ** ****** **** *",-6.72677550000000,108.47922590000000,"KAB. CIREBON",WERU,KARANGSARI
701502,533313148646,"PJU ** *******",-6.73960100000000,108.47378610000000,"KAB. CIREBON",PLUMBON,CEMPAKA
701503,533313148392,"PJU ** ********** *",-6.71995251111110,108.51934451111000,"KAB. CIREBON",KEDAWUNG,KEDUNGDAWA
701504,533313148023,"PJU ** ****** ***** *",-6.64188430000000,108.37648160000000,"KAB. CIREBON",SUSUKAN,"BOJONG KULON"
701505,533313153962,"PJU ** ******* *****",-6.68046480000000,108.45026680000000,"KAB. CIREBON",KLANGENAN,"JEMARAS KIDUL"
701506,533113320422,"PJU ** ***** *",-6.66185880000000,108.49768830000000,"KAB. CIREBON","GUNUNG JATI",BUYUT
701507,533313146227,"PJU ** ********* *",-6.73044410000000,108.44633620000000,"KAB. CIREBON",DEPOK,WARUROYOM
701508,533313145943,"PJU ** ******** *",-6.72473670000000,108.46061170000000,"KAB. CIREBON",DEPOK,KEDUANAN
701509,533313145968,"PJU ** ******** *",-6.74261320000000,108.42667720000000,"KAB. CIREBON",DEPOK,WARUJAYA
701510,533313149090,"PJU ** ******* *",-6.70274000000000,108.46419000000000,"KAB. CIREBON",PLUMBON,KEBAREPAN
701511,533313089098,"PJU *********",-6.73982390000000,108.48704740000000,"KAB. CIREBON",SUMBER,PASALAKAN
701512,533312866026,"PJU ** *******",-6.63289900000000,108.38301020000000,"KAB. CIREBON",SUSUKAN,"BOJONG KULON"
701513,533312865767,"PJU ** ****** *****",-6.68949770000000,108.46495080000000,"KAB. CIREBON",JAMBLANG,WANGUNHARJA
701514,533312695431,"PJU ***** ******* ******",-6.74882510000000,108.51188690000000,"KAB. CIREBON",TALUN,CEMPAKA
701515,533313147955,"PJU ****** *******",-6.59872800000000,108.41936600000000,"KAB. CIREBON",GEGESIK,"GEGESIK KIDUL"
701516,533313662408,"AGU** ******** *********",-6.63653330000000,108.40358910000000,"KAB. CIREBON",GEGESIK,SIBUBUT
701517,533313551043,"PJU ********** *** *****",-6.76304360000000,108.43678220000000,"KAB. CIREBON",SUMBER,KENANGA
701518,533313625616,"PJU ****** *** *******",-6.76299180000000,108.43682850000000,"KAB. CIREBON",DUKUPUNTANG,CIPANAS
701519,533313256577,"PJU *** **********",-6.74669460000000,108.39662610000000,"KAB. CIREBON",SUSUKAN,KEDONGDONG
701520,533313251861,"PJU *** ******",-6.71876730000000,108.40961590000000,"KAB. CIREBON",GEMPOL,"PALIMANAN BARAT"
701521,533313263864,"PJU *** ********",-6.72234111111100,108.51909891111000,"KAB. CIREBON",KEDAWUNG,KEDUNGDAWA
701522,533313256510,"PJU *** **********",-6.74669460000000,108.39662610000000,"KAB. CIREBON",SUSUKAN,KEDONGDONG
701523,533313263880,"PJU *** *****",-6.78958675111110,108.49069231111000,"KAB. CIREBON",TALUN,KUBANG
701524,533313047263,"PJU **** ********",-6.73372540000000,108.42591560000000,"KAB. CIREBON",PALIMANAN,CILUKRAK
701525,533312958507,"PJU ** ******* *",-6.64986990000000,108.41785600000000,"KAB. CIREBON",ARJAWINANGUN,JUNGJANG
701526,533313123470,"PJU ** ************",-6.67850520000000,108.47638290000000,"KAB. CIREBON",PLUMBON,PASANGGRAHAN
701527,533312987536,"PJU ****** ***** ****** *",-6.76726700000000,108.41842900000000,"KAB. CIREBON",DUKUPUNTANG,DUKUPUNTANG
701528,533312994993,"PJU **** *******",-6.76422960000000,108.46626710000000,"KAB. CIREBON",SUMBER,TUKMUDAL
701529,533313373718,"PJU **** ******",-6.66149500000000,108.37700450000000,"KAB. CIREBON",SUSUKAN,WIYONG
701530,533313373767,"PJU *** *****",-6.63813000000000,108.46315600000000,"KAB. CIREBON",PANGURAGAN,GUJEG
701531,533313372660,"PJU ****** *** *******",-6.76033320000000,108.41740470000000,"KAB. CIREBON",DUKUPUNTANG,BALAD
701532,533313372686,"PJU ****** *** *******",-6.66069900000000,108.45795900000000,"KAB. CIREBON",PALIMANAN,"PALIMANAN TIMUR"
701533,533313372509,"PJU ****** *** *******",-6.67649200000000,108.45174000000000,"KAB. CIREBON",PALIMANAN,"PALIMANAN TIMUR"
701534,533312995597,"PJU ** *******",-6.70826280000000,108.47531800000000,"KAB. CIREBON",PLUMBON,GOMBANG
701535,533313161593,"PJU *** *********",-6.74820870000000,108.47765890000000,"KAB. CIREBON",SUMBER,KALIWADAS
701536,533313191637,"PJU **** ********** ***",-6.62187170000000,108.45835830000000,"KAB. CIREBON",PANGURAGAN,"PANGURANGAN LOR"
701537,533312988171,"PJU ** ******* *",-6.70482760000000,108.47306830000000,"KAB. CIREBON",PLUMBON,PLUMBON
701538,533313372637,"PJU ****** *** *******",-6.73079020000000,108.43209670000000,"KAB. CIREBON",PALIMANAN,"PALIMANAN TIMUR"
701539,533313373621,"PJU **** *************",-6.60693896111110,108.38839631111000,"KAB. CIREBON",ARJAWINANGUN,KARANGSAMBUNG
701540,533313373647,"PJU **** ******** *****",-6.65642200000000,108.42620000000000,"KAB. CIREBON",ARJAWINANGUN,"JUNGJANG WETAN"
701541,533313373654,"PJU **** *** ***",-6.59381350000000,108.38107240000000,"KAB. CIREBON",ARJAWINANGUN,"JUNGJANG WETAN"
701542,533312680377,"PJU ************ *******",-6.73976820000000,108.47171220000000,"KAB. CIREBON",PLUMBON,CEMPAKA
701543,533312680385,"REK**** ***** ***",-6.75947720000000,108.47893280000000,"KAB. CIREBON",SUMBER,SUMBER
701544,533312680393,"REK**** *** ***** ****",-6.70296440000000,108.49841990000000,"KAB. CIREBON",PLERED,TEGALSARI
701545,533312696092,"PJU ******* *",-6.72282400000000,108.45810760000000,"KAB. CIREBON",DEPOK,KEDUANAN
701546,533312696106,"PJU ******* **",-6.63664220000000,108.43935520000000,"KAB. CIREBON",PANGURAGAN,KALIANYAR
701547,533312696163,"PJU *** ******",-6.72869410000000,108.45745680000000,"KAB. CIREBON",DEPOK,KEDUANAN
701548,533312697939,"PJU ********** **********",-6.71708333300000,108.47503333300000,"KAB. CIREBON",PLUMBON,MARIKANGEN
701549,533312996142,"PJU ** *****",-6.71415344111110,108.51773251111000,"KAB. CIREBON",KEDAWUNG,KEDUNGDAWA
701550,533313264182,"PJU *** *******",-6.69753010000000,108.47972160000000,"KAB. CIREBON",PLUMBON,KARANGASEM
701551,533313264087,"PJU *** *******",-6.69839840000000,108.47378610000000,"KAB. CIREBON",PLUMBON,PLUMBON
701552,533313263703,"PJU **** *************",-6.71485400000000,108.46514500000000,"KAB. CIREBON",PLUMBON,PURBAWINANGUN
701553,533313263951,"PJU *** ****** ****",-6.69688916111110,108.52216711111000,"KAB. CIREBON","TENGAH TANI",KALIBARU
701554,533313264038,"PJU *** ******",-6.76057100000000,108.46820330000000,"KAB. CIREBON",SUMBER,TUKMUDAL
701555,533313256498,"PJU *** *********",-6.73717280000000,108.40414650000000,"KAB. CIREBON",PALIMANAN,KEPUH
701556,533313266272,"PJU ** ** **** *******",-6.75891930000000,108.47273700000000,"KAB. CIREBON",SUMBER,TUKMUDAL
701557,533313251759,"PJU *** *********",-6.70902080000000,108.43468560000000,"KAB. CIREBON",PALIMANAN,PEGAGAN
701558,533312967608,"PJU ** *** ******* ****",-6.71317250000000,108.52176500000000,"KAB. CIREBON","TENGAH TANI",GESIK
701559,533313264402,"PJU *** ******",-6.67512500000000,108.50606120000000,"KAB. CIREBON",PLERED,CANGKRING
701560,533312966145,"PJU *********** *********",-6.73777670000000,108.48373330000000,"KAB. CIREBON",SUMBER,PASALAKAN
701561,533312967504,"PJU *** ******* *******",-6.68887770000000,108.47230230000000,"KAB. CIREBON",PLERED,CANGKRING
701562,533313263815,"PJU **** *********",-6.68128411111000,108.43710111111000,"KAB. CIREBON",PALIMANAN,CENGKUANG
701563,533313264469,"PJU *** ******",-6.76053060000000,108.48057160000000,"KAB. CIREBON",SUMBER,SUMBER
701565,533313264109,"PJU *** ******",-6.66157530000000,108.49675960000000,"KAB. CIREBON",PLERED,PANGKALAN
701566,533313251887,"PJU *** **********",-6.63006470000000,108.45155990000000,"KAB. CIREBON",PANGURAGAN,"PANGURANGAN KULON"
701567,533312843429,"PJU ******",-6.69501670000000,108.44346670000000,"KAB. CIREBON",CIWARINGIN,CIWARINGIN
701568,533312682435,"PJU ******* ******* *****",-6.73508380000000,108.45738330000000,"KAB. CIREBON",DEPOK,KEJUDEN
701569,533312812678,"PJU *** *********",-6.71000050000000,108.44445030000000,"KAB. CIREBON",KLANGENAN,KLANGENAN
701571,533313374616,"PJU **** ******* ******",-6.76110140000000,108.51524640000000,"KAB. CIREBON",TALUN,"CIREBON GIRANG"
701572,533313375626,"PJU ** ************",-6.63724530000000,108.40356370000000,"KAB. CIREBON",ARJAWINANGUN,ARJAWINANGUN
701573,533313373584,"PJU **** **********",-6.62282213111110,108.45141891111000,"KAB. CIREBON",PANGURAGAN,PANGURANGAN
701574,533313373550,"PJU **** ********** ***",-6.61735006111110,108.38784991111000,"KAB. CIREBON",ARJAWINANGUN,"TEGALGUBUG LOR"
701575,533313372438,"PJU ****** *** *******",-6.75292940000000,108.47405420000000,"KAB. CIREBON",SUMBER,TUKMUDAL
701576,533313373543,"PJU **** ********** ***",-6.61616001111110,108.38906321111000,"KAB. CIREBON",ARJAWINANGUN,"TEGALGUBUG LOR"
701577,533313373535,"PJU **** **********",-6.63303686111110,108.39159891111000,"KAB. CIREBON",ARJAWINANGUN,TEGALGUBUG
701578,533313373527,"PJU **** **********",-6.62707318111110,108.38572331111000,"KAB. CIREBON",ARJAWINANGUN,TEGALGUBUG
701579,533313148080,"PJU ** ****** *",-6.66246550000000,108.36843570000000,"KAB. CIREBON",SUSUKAN,WIYONG
701580,533313372582,"PJU ****** *** *******",-6.74714620000000,108.49114650000000,"KAB. CIREBON",SUMBER,KENANGA
701581,533313375754,"PJU ** ****** ***********",-6.60760270000000,108.47606090000000,"KAB. CIREBON",PANGURAGAN,KARANGANYAR
701582,533313373592,"PJU **** **********",-6.62196260000000,108.45427840000000,"KAB. CIREBON",PANGURAGAN,PANGURANGAN
701583,533313373742,"PJU **** ********",-6.60935340000000,108.37386650000000,"KAB. CIREBON",SUSUKAN,JATIPURA
701585,533312573887,"PJU ****** *******",-6.68340270000000,108.49700880000000,"KAB. CIREBON",PLERED,TEGALSARI
701586,533312573895,"POS ******** ***** ******",-6.74861002111110,108.51210251111000,"KAB. CIREBON",TALUN,CEMPAKA
701588,533313251463,"PJU *** *********",-6.68587500000000,108.45343990000000,"KAB. CIREBON",KLANGENAN,PEKANTINGAN
701589,533313251700,"PJU *** *********",-6.68696010000000,108.45327990000000,"KAB. CIREBON",KLANGENAN,PEKANTINGAN
701593,533312996989,"PJU ** *******",-6.65595310000000,108.45284450000000,"KAB. CIREBON",KLANGENAN,SLANGIT
701594,533312902764,"PJU **** ********",-6.73485960000000,108.44781990000000,"KAB. CIREBON",DEPOK,WARUROYOM
701595,533312866353,"PJU ****** *****",-6.70120770000000,108.45894800000000,"KAB. CIREBON",DEPOK,"KASUGENGAN LOR"
701597,533312866147,"PJU ** ********* *",-6.75190100000000,108.47866510000000,"KAB. CIREBON",DEPOK,WARUKAWUNG
701599,533312995920,"PJU ** ******** *** *",-6.76237890000000,108.49604450000000,"KAB. CIREBON",TALUN,"WANASABA LOR"
701600,533313506886,"PJU **** ***** ********",-6.60071060000000,108.47940540000000,"KAB. CIREBON",PANGURAGAN,KROYA
701601,533313507042,"PJU **** ********** ****",-6.62586180000000,108.47994100000000,"KAB. CIREBON",PANGURAGAN,LEMAHTAMBA
701603,533312865887,"PJU *********",-6.66057100000000,108.48817610000000,"KAB. CIREBON",JAMBLANG,"BAKUNG KIDUL"
701604,533312865351,"PJU ** *******",-6.65565540000000,108.45318540000000,"KAB. CIREBON",KLANGENAN,SLANGIT
701608,533313264260,"PJU *** ***********",-6.76957520000000,108.41581360000000,"KAB. CIREBON",DUKUPUNTANG,BALAD
701609,533313249790,"PJU *** ************",-6.66958650000000,108.42851130000000,"KAB. CIREBON",ARJAWINANGUN,SENDE
701610,533313263856,"PJU *** *****",-6.76062015111110,108.50533281111000,"KAB. CIREBON",TALUN,"WANASABA LOR"
701611,533313263872,"PJU *** *****",-6.78671450000000,108.51125520000000,"KAB. CIREBON",TALUN,"CIREBON GIRANG"
701612,533313251775,"PJU *** ******",-6.70516600000000,108.41661440000000,"KAB. CIREBON",GEMPOL,"PALIMANAN BARAT"
701613,533313256689,"PJU *** **********",-6.68420710000000,108.36140350000000,"KAB. CIREBON",CIWARINGIN,CIWARINGIN
701614,533313264229,"PJU *** ******",-6.75844360000000,108.47275000000000,"KAB. CIREBON",SUMBER,TUKMUDAL
701615,533313256727,"PJU *** **********",-6.65593270000000,108.40107430000000,"KAB. CIREBON",CIWARINGIN,BRINGIN
701616,533313249886,"PJU *** ************",-6.66298070000000,108.43187840000000,"KAB. CIREBON",ARJAWINANGUN,SENDE
701617,533312948651,"PJU **** **********",-6.62646900000000,108.45560990000000,"KAB. CIREBON",PANGURAGAN,"PANGURANGAN WETAN"
701618,533313263902,"PJU *** ****** ****",-6.69915669111110,108.51705911111000,"KAB. CIREBON","TENGAH TANI",KALITENGAH
701619,533312961733,"PJU ****** ****** *******",-6.75153814000000,108.50168246000000,"KAB. CIREBON",SUMBER,GEGUNUNG
701620,533313048179,"PJU *** *********",-6.69447811111000,108.43084711111000,"KAB. CIREBON",PALIMANAN,TEGALKARANG
701621,533313047248,"PJU **** ********",-6.72701130000000,108.41114880000000,"KAB. CIREBON",GEMPOL,CIKEUSAL
701622,533313048195,"PJU *** *********",-6.69167200000000,108.42494700000000,"KAB. CIREBON",PALIMANAN,LUNGBENDA
701623,533313256719,"PJU *** *********",-6.72069170000000,108.42593550000000,"KAB. CIREBON",PALIMANAN,BALERANTE
701624,533313264399,"PJU *** ******",-6.75188000000000,108.49115000000000,"KAB. CIREBON",SUMBER,GEGUNUNG
701625,533313251393,"PJU *** *****",-6.72757450000000,108.44627470000000,"KAB. CIREBON",DEPOK,WARUROYOM
701626,533313256630,"PJU *** **********",-6.69409240000000,108.37846250000000,"KAB. CIREBON",CIWARINGIN,BABAKAN
701627,533313251718,"PJU *** *****",-6.72938870000000,108.44567190000000,"KAB. CIREBON",DEPOK,WARUROYOM
701628,533313249894,"PJU *** ************",-6.65506909111110,108.40882731111000,"KAB. CIREBON",ARJAWINANGUN,KEBONTURI
701629,533313256551,"PJU *** *********",-6.74676580000000,108.42404420000000,"KAB. CIREBON",PALIMANAN,KEPUH
701630,533313251613,"PJU *** **********",-6.66268320000000,108.38142930000000,"KAB. CIREBON",CIWARINGIN,"GINTUNG KIDUL"
701631,533313263936,"PJU *** *****",-6.76252000000000,108.49561000000000,"KAB. CIREBON",TALUN,"WANASABA LOR"
701634,533312995563,"PJU ** ****** **** *",-6.71654320000000,108.47527000000000,"KAB. CIREBON",PLUMBON,MARIKANGEN
701635,533313089128,"PJU *** **********",-6.72709100000000,108.48434850000000,"KAB. CIREBON",WERU,KARANGSARI
701636,533312995293,"PJU ** ******* *",-6.77835640000000,108.42259740000000,"KAB. CIREBON",DUKUPUNTANG,MANDALA
701637,533312996843,"PJU ** ******** *",-6.70699550000000,108.44967460000000,"KAB. CIREBON",JAMBLANG,JAMBLANG
701638,533313153913,"PJU ****** ******* ******",-6.72069170000000,108.42593550000000,"KAB. CIREBON",PALIMANAN,BALERANTE
701639,533313153748,"PJU ** *********",-6.68338511111000,108.43932111110000,"KAB. CIREBON",PALIMANAN,CENGKUANG
701640,533313146044,"PJU ** **** **** *",-6.75658270000000,108.41934370000000,"KAB. CIREBON",DEPOK,WARUGEDE
701641,533313662481,"MUH***** ******",-6.73620970000000,108.51119410000000,"KAB. CIREBON",TALUN,CEMPAKA
701642,533312987991,"PJU **** ****** ****",-6.71696200000000,108.52201430000000,"KAB. CIREBON",KEDAWUNG,KEDUNGDAWA
701643,533312989953,"PJU ** *****",-6.73832760000000,108.49827040000000,"KAB. CIREBON",SUMBER,TUKMUDAL
701644,533313373688,"PJU **** ***** ******",-6.60671560000000,108.35692080000000,"KAB. CIREBON",SUSUKAN,UJUNGGEBANG
701645,533312988043,"PJU **** ********** *****",-6.71707990000000,108.45111760000000,"KAB. CIREBON",DEPOK,"KASUGENGAN KIDUL"
701649,533313372517,"PJU ****** *** *******",-6.72540900000000,108.43754680000000,"KAB. CIREBON",PALIMANAN,BEBERAN
701650,533313991630,"PJU *******",-6.72557730000000,108.45348150000000,"KAB. CIREBON",DEPOK,KEDUANAN
701651,533313991622,"PJU **** *******",-6.73704390000000,108.45172410000000,"KAB. CIREBON",DEPOK,GETASAN
701652,533313005740,"PJU ** ******* *",-6.64530833300000,108.41231333300000,"KAB. CIREBON",ARJAWINANGUN,JUNGJANG
701653,533313005781,"PJU ** ***** *",-6.66150990000000,108.43847470000000,"KAB. CIREBON",ARJAWINANGUN,BULAK
701654,533313005810,"PJU ** ***** ***** *****",-6.62464804111110,108.38306391111000,"KAB. CIREBON",ARJAWINANGUN,TEGALGUBUG
701655,533312997016,"PJU ** ****** *",-6.68321820000000,108.42037200000000,"KAB. CIREBON",GEMPOL,KEMPEK
701656,533313292517,"POS******* **** *",-6.66134627111110,108.41387891111000,"KAB. CIREBON",ARJAWINANGUN,GEYONGAN
701657,533313297272,"PJU *** ******* *****  *",-6.76081846111110,108.52091111111000,"KAB. CIREBON",TALUN,"CIREBON GIRANG"
701658,533313014762,"PJU ***** ***** ******",-6.63403570000000,108.38773400000000,"KAB. CIREBON",SUSUKAN,"GINTUNG LOR"
701659,533313307516,"PJU ************* *",-6.62806490000000,108.38947150000000,"KAB. CIREBON",ARJAWINANGUN,TEGALGUBUG
701660,533313002862,"PJU ******** ********",-6.62559570000000,108.47746280000000,"KAB. CIREBON",PANGURAGAN,LEMAHTAMBA
701661,533312996460,"PJU ** ****** *",-6.71234280000000,108.44336250000000,"KAB. CIREBON",KLANGENAN,SERANG
701662,533313002784,"PJU ** *************",-6.57200580000000,108.39688110000000,"KAB. CIREBON",KALIWEDI,WARGABINANGUN
701663,533312997280,"PJU ****** ****** *",-6.69616290000000,108.42821200000000,"KAB. CIREBON",PALIMANAN,PEGAGAN
701664,533312930064,"PJU **** ****",-6.73274940000000,108.45560460000000,"KAB. CIREBON",DEPOK,KEJUDEN
701665,533312995833,"PJU ** ******** ***** *",-6.77105200000000,108.49493150000000,"KAB. CIREBON",TALUN,"WANASABA KIDUL"
701666,533312994928,"PJU ** ***** *",-6.69411584111110,108.51055131111000,"KAB. CIREBON",PLERED,GAMEL
701667,533313005869,"PJU ** ******* *",-6.64686260000000,108.41203900000000,"KAB. CIREBON",ARJAWINANGUN,JUNGJANG
701668,533312997024,"PJU ** ***** * *********",-6.69764180000000,108.44029970000000,"KAB. CIREBON",PALIMANAN,CIAWI
701669,533313005844,"PJU ** ******* *****",-6.65531220000000,108.42727610000000,"KAB. CIREBON",ARJAWINANGUN,KEBONTURI
701670,533312995277,"PJU ** ********* *",-6.67186365111110,108.49791151111000,"KAB. CIREBON",PLERED,PANGKALAN
701671,533312995157,"PJU ** ****** *",-6.77554170000000,108.43851170000000,"KAB. CIREBON",DUKUPUNTANG,CISAAT
145788,533113837597,KON*,-6.76393940000000,108.54447900000000,"KAB. CIREBON",KEPETAKAN,KARANGKENDAL
120508,533112850464,"NUN*** *********",-6.76317473110000,108.54946571110000,"KAB. CIREBON",MUNDU,WARUDUWUR
690971,533112850464,"NUN*** *********",-6.76342570000000,108.54930510000000,"KAB. CIREBON",MUNDU,WARUDUWUR
690972,533112850464,"NUN*** *********",-6.76368790000000,108.54927020000000,"KAB. CIREBON",MUNDU,WARUDUWUR
690973,533112850464,"NUN*** *********",-6.76369160000000,108.54895680000000,"KAB. CIREBON",MUNDU,WARUDUWUR
690974,533112850464,"NUN*** *********",-6.76375090000000,108.54936660000000,"KAB. CIREBON",MUNDU,WARUDUWUR
690975,533112850464,"NUN*** *********",-6.76372500000000,108.54913840000000,"KAB. CIREBON",MUNDU,WARUDUWUR
690976,533112850464,"NUN*** *********",-6.76368790000000,108.54927020000000,"KAB. CIREBON",MUNDU,WARUDUWUR
691664,533112637960,"PJU ************",-6.72229680000000,108.56610760000000,"KOTA CIREBON",PEKALIPAN,PEKALIPAN
692039,533113012702,"PJU **** *",-6.72821400000000,108.53108300000000,"KAB. CIREBON",KEDAWUNG,KALIKOA
692768,533212517374,"PJU ****** *",-6.99784010000000,108.41233370000000,"KAB. KUNINGAN",DARMA,BAKOM
693048,533212517341,"PJU ****** *",-6.99807110000000,108.41143170000000,"KAB. KUNINGAN",DARMA,BAKOM
693470,533212281362,"PJU ***** ************",-6.97600670000000,108.46869000000000,"KAB. KUNINGAN",KUNINGAN,KUNINGAN
693536,533212518886,"PJU ** ********** *****",-7.05835940000000,108.79295350000000,,,
693925,533212416801,"PJU ********* *",7.00000000000000,108.00000000000000,,,
694396,533212760179,"PJU *****",-6.98411390000000,108.67608560000000,"KAB. KUNINGAN",CIDAHU,BUNDER
694788,533212918805,"PJU *** **** *** *******",-7.08846700000000,108.50976200000000,"KAB. KUNINGAN",CINIRU,PINARA
695020,533212805868,"PJU ** *******",-7.00260000000000,108.51480000000000,"KAB. KUNINGAN",GARAWANGI,TEMBONG
695545,533212923645,"PJU *** **** *******",-7.00381594900000,108.39869720000000,"KAB. KUNINGAN",DARMA,PARUNG
695608,533212416819,"PJU ********* *",7.00000000000000,108.00000000000000,,,
695677,533212926094,"PJU *** **** *** *******",-6.95327010000000,108.54872820000000,"KAB. KUNINGAN",CIPICUNG,SUKAMUKTI
699119,533512436855,"PJU ******",-6.86000900000000,108.55103700000000,"KAB. CIREBON",SEDONG,PANAMBANGAN
699839,533711150867,"PJU **** ********",-6.84358690000000,108.51273920000000,"KAB. CIREBON",BEBER,CIPINANG
701154,533711251070,"PJU *** **** *** *******",-6.82090530000000,108.48808770000000,"KAB. KUNINGAN",PANCALANG,PANCALANG
701155,533711252098,"PJU *** **** *******",-6.83581680000000,108.49112240000000,"KAB. KUNINGAN",PANCALANG,KAHIYANGAN
701156,533711251437,"PJU *** **** ** *******",-6.81325050000000,108.47896400000000,"KAB. KUNINGAN",PANCALANG,RAJAWETAN
701157,533711251238,"PJU *** **** *** *******",-6.86019940000000,108.48715380000000,"KAB. KUNINGAN",CILIMUS,KALIAREN
701158,533711243503,"PJU *** **** *******",-6.87812890000000,108.49679700000000,"KAB. KUNINGAN",CILIMUS,CILIMUS
701159,533711243855,"PJU *** **** *******",-6.87773330000000,108.49625830000000,"KAB. KUNINGAN",KRAMATMULYA,CIKUBANGSARI
701160,533711243672,"PJU *** **** ******",-6.87766000000000,108.49620500000000,"KAB. KUNINGAN",CIGANDAMEKAR,SANGKANMULYA
701161,533711243664,"PJU *** **** ******",-6.87768000000000,108.49634500000000,"KAB. KUNINGAN",CIGANDAMEKAR,SANGKANMULYA
701162,533711243698,"PJU *** **** *******",-6.87768000000000,108.49634500000000,"KAB. KUNINGAN",CIGANDAMEKAR,SANGKANMULYA
701163,533711243751,"PJU *** **** *** ******",-6.87780000000000,108.49620500000000,"KAB. KUNINGAN",PANCALANG,MEKARJAYA
701164,533711246679,"PJU *** **** *** *******",-6.87782400000000,108.49621720000000,"KAB. KUNINGAN",JAPARA,GARATENGAH
701165,533711251843,"PJU *** **** *******",-6.81142510000000,108.46924840000000,"KAB. KUNINGAN",MANDIRANCAN,MANDIRANCAN
701166,533711251801,"PJU *** **** *******",-6.82106400000000,108.46665260000000,"KAB. KUNINGAN",MANDIRANCAN,NANGGERANGJAYA
690977,533113213853,"PJU **** *** *",-6.72303113000000,108.52994460000000,"KAB. CIREBON",KEDAWUNG,TUK
690978,533113216246,"PJU ****** *** ***",-6.59770973111110,108.50442541111000,"KAB. CIREBON",KEPETAKAN,"PEGAGAN KIDUL"
690979,533113213861,"PJU ************ *",-6.71226400000000,108.54427570000000,"KAB. CIREBON",KEDAWUNG,SUTAWINANGUN
690980,533113216827,"PJU *********** **** * **",-6.77789106111110,108.60730541111000,"KAB. CIREBON",MUNDU,CITEMU
690981,533113037346,"PJU ********** ******* *",-6.76652700000000,108.55851300000000,"KAB. CIREBON",MUNDU,PAMENGKANG
690982,533113037387,"PJU ********** ******* *",-6.76629000000000,108.55792500000000,"KAB. CIREBON",MUNDU,PAMENGKANG
690983,533113042185,"PJU ****** **** *******",-6.91526858500000,108.73461491500000,"KAB. CIREBON",CILEDUG,"JATISEENG KIDUL"
690984,533113042193,"PJU ****** **** *******",-6.75735000000000,108.57156000000000,"KAB. CIREBON",MUNDU,PAMENGKANG
690985,533113042206,"PJU ****** **** *******",-6.75700000000000,108.57096000000000,"KAB. CIREBON",MUNDU,PAMENGKANG
690986,533113042368,"PJU ****** **** *******",-6.75708000000000,108.57096000000000,"KAB. CIREBON",MUNDU,PAMENGKANG
690987,533113042421,"PJU ****** **** *******",-6.75712000000000,108.57116000000000,"KAB. CIREBON",MUNDU,PAMENGKANG
690988,533113216261,"PJU ****** *** ***",-6.55565351111110,108.52210831111000,"KAB. CIREBON",KEPETAKAN,BUNGKO
690989,533113213879,"PJU *********** ***** *",-6.62422450000000,108.52163010000000,"KAB. CIREBON",SURANENGGALA,"SURANENGGALA KIDUL"
690990,533113409472,"PJU *** ********",-6.71563000000000,108.54077400000000,"KAB. CIREBON",KEDAWUNG,SUTAWINANGUN
690991,533113409281,"PJU *** **********",-6.67207211111000,108.54747251111000,"KAB. CIREBON","GUNUNG JATI",JATIMERTA
690992,533113078178,"PJU ** *******",-6.72128950000000,108.57201430000000,"KOTA CIREBON",HARJAMUKTI,LARANGAN
690993,533113080783,"PJU ** **** ******",-6.73407240000000,108.52769260000000,"KOTA CIREBON",KESAMBI,KARYAMULYA
690994,533113080974,"WAR**** ***** *********",-6.76962400000000,108.59613900000000,"KAB. CIREBON",MUNDU,LUWUNG
690995,533113081425,"TIA** ****** ************",-6.77400400000000,108.52013800000000,"KAB. CIREBON",TALUN,CIPERNA
690996,533113409423,"PJU *** ********",-6.73219200000000,108.52361900000000,"KAB. CIREBON",KEDAWUNG,TUK
690997,533113409311,"PJU *** ************",-6.62659210000000,108.52386940000000,"KAB. CIREBON",SURANENGGALA,KARANGREJA
690998,533113409360,"PJU *** **********",-6.65612580000000,108.51628270000000,"KAB. CIREBON","GUNUNG JATI",SAMBENG
690999,533113409407,"PJU *** ********",-6.71712530000000,108.54242060000000,"KAB. CIREBON",KEDAWUNG,KERTAWINANGUN
691000,533113409273,"PJU *** **********",-6.65294450000000,108.51645360000000,"KAB. CIREBON","GUNUNG JATI",MAYUNG
691001,533113409431,"PJU **** *********",-6.58224681111100,108.50465221111000,"KAB. CIREBON",KEPETAKAN,KARANGKENDAL
691002,533113409240,"PJU *** **********",-6.65059570000000,108.52740920000000,"KAB. CIREBON","GUNUNG JATI",SIRNABAYA
691003,533113080887,"PJU ** ******** ******",-6.71965590000000,108.55380920000000,"KOTA CIREBON",KESAMBI,PEKIRINGAN
691004,533113080654,"PJU ** *****",-6.74767781111110,108.56408811111000,"KOTA CIREBON",HARJAMUKTI,LARANGAN
691005,533113643213,"PJU ************ ********",-6.62400852111110,108.52159741111000,"KAB. CIREBON",SURANENGGALA,"SURANENGGALA LOR"
691006,533113080909,"PJU ** ********** **",-6.76994200000000,108.54674600000000,"KOTA CIREBON",HARJAMUKTI,ARGASUNYA
691007,533113400990,"PJU ** ** **** *********",-6.73286100000000,108.54812400000000,"KOTA CIREBON",KESAMBI,SUNYARAGI
691008,533113080662,"PJU ** ******* *******",-6.71689920000000,108.55293630000000,"KOTA CIREBON",KEJAKSAN,KESENDEN
701672,533312866154,"PJU ** ********",644911.00000000000000,108.27405000000000,,,
691009,533113075068,"PJU ** ********** *****",-6.71446940000000,108.55320580000000,"KOTA CIREBON",KESAMBI,PEKIRINGAN
691010,533113492913,"PJU **** *******",-6.72858150000000,108.53501650000000,"KAB. CIREBON",KEDAWUNG,KALIKOA
691011,533113080925,"PJU ** ******",-6.73925115111110,108.56696651111000,"KOTA CIREBON",HARJAMUKTI,LARANGAN
691012,533113078215,"PJU ******* ****",-6.74551000000000,108.56552200000000,"KOTA CIREBON",HARJAMUKTI,LARANGAN
691013,533113368331,"PJU **** *********",-6.78059000000000,108.56742700000000,"KAB. CIREBON",MUNDU,SETUPATOK
691014,533113080853,"PJU ** ****** *** *******",-6.73539200000000,108.55752200000000,"KOTA CIREBON",KESAMBI,DRAJAT
691015,533113080775,"PJU ** ***** ** **",-6.73658793111110,108.56269681111000,"KOTA CIREBON",HARJAMUKTI,KECAPI
691016,533113641911,"IRF** *******",-6.78679800000000,108.57795980000000,"KAB. CIREBON",MUNDU,PENPEN
691017,533113235163,"PJU ***** ***** ***** *",-6.67938519000000,108.54243870000000,"KAB. CIREBON","GUNUNG JATI",KLAYAN
691018,533113078328,"PJU ** ****** ***** *",-6.73793478111110,108.52433821111000,"KOTA CIREBON",KESAMBI,KARYAMULYA
691019,533113198469,"HIG* **** ***",-6.71359100000000,108.55059600000000,"KOTA CIREBON",KESAMBI,PEKIRINGAN
691020,533113080958,"PJU ** *********",-6.73665040000000,108.54698500000000,"KOTA CIREBON",KESAMBI,SUNYARAGI
691021,533112946674,"PJU ******** ******* ***",-6.75333562111110,108.57061111110000,"KAB. CIREBON",MUNDU,BANJARWANGUNAN
691022,533113078272,"PJU ** ****** ** ****** *",-6.70264276111110,108.56037931111000,"KOTA CIREBON",KEJAKSAN,KESENDEN
691023,533113702869,"PJU ****** ** ******",-6.76989470000000,108.55338490000000,"KOTA CIREBON",HARJAMUKTI,ARGASUNYA
691024,533113080933,"PJU ***** ** ***********",-6.74207281111110,108.54687591111000,"KOTA CIREBON",HARJAMUKTI,HARJAMUKTI
691025,533113078065,"PJU ** *****************",-6.73713000000000,108.54329560000000,"KOTA CIREBON",KESAMBI,SUNYARAGI
691026,533113080895,"PJU ** *****",-6.74898674111110,108.56345771111000,"KOTA CIREBON",KEJAKSAN,KESENDEN
691027,533113448323,"PJU *** ******* ********",-6.74903810000000,108.55935780000000,"KOTA CIREBON",HARJAMUKTI,KECAPI
691028,533113320145,"PJU ** ************ *****",-6.62973778111110,108.52185411111000,"KAB. CIREBON",SURANENGGALA,"SURANENGGALA KULON"
691029,533113720303,"PJU **** ******** *** ***",-6.66182320000000,108.54048940000000,"KAB. CIREBON","GUNUNG JATI",KALISAPU
691030,533111867856,"PJU **********           ",-6.91526858500000,108.73461491500000,"KOTA CIREBON",KEJAKSAN,KESENDEN
691031,533113532687,"PJU ****** **** *******",-6.75554600000000,108.55391200000000,"KOTA CIREBON",HARJAMUKTI,KALIJAGA
691032,533113319785,"PJU ** ******",-6.55575228111110,108.52100981111000,"KAB. CIREBON",KEPETAKAN,BUNGKO
691033,533113319751,"PJU ** ****** ****** *",-6.58220928111110,108.50795711111000,"KAB. CIREBON",KEPETAKAN,KARANGKENDAL
691034,533113714121,"PJU ****** *** *******",-6.79143880000000,108.58137510000000,"KAB. CIREBON",MUNDU,PENPEN
691035,533113321681,"TRA**** ***** ***********",-6.74463504111110,108.54338361111000,"KOTA CIREBON",HARJAMUKTI,HARJAMUKTI
691036,533111841009,"PJU ****** *********     ",-6.91526858500000,108.73461491500000,"KAB. CIREBON",CILEDUG,"JATISEENG KIDUL"
691037,533113813021,"PJU ***** ******** ******",-6.64842880000000,108.53309640000000,"KOTA CIREBON",HARJAMUKTI,KALIJAGA
691038,533113770087,"PJU ********",-6.75110250000000,108.54604590000000,"KOTA CIREBON",HARJAMUKTI,LARANGAN
691039,533113741188,"PJU ******* ****",-6.62494690000000,108.51831160000000,"KAB. CIREBON",SURANENGGALA,SURANENGGALA
691040,533113404838,"PJU ********* ** ********",-6.79579186111110,108.56916691111000,"KAB. CIREBON",MUNDU,SINARANCANG
691041,533113407204,"PJU ******* *******",-6.74711140000000,108.52639220000000,"KOTA CIREBON",KESAMBI,KARYAMULYA
691042,533112874144,"PJU ********* ********* *",-6.75982461310920,108.55733756907000,,,
691043,533113666512,"AMA*** *******",-6.67213696111110,108.54561111110000,"KAB. CIREBON","GUNUNG JATI",JATIMERTA
691044,533113409415,"PJU *** **********",-6.66846720000000,108.53796820000000,"KAB. CIREBON","GUNUNG JATI",WANAKAYA
691045,533113409153,"PJU *** **********",-6.65138990000000,108.52285580000000,"KAB. CIREBON","GUNUNG JATI",SAMBENG
691046,533113714217,"PJU ****** *** *******",-6.77489310000000,108.58322350000000,"KAB. CIREBON",MUNDU,"MUNDU MESIGIT"
691047,533113727724,"PJU * **** ********",-6.71521290000000,108.52747230000000,"KAB. CIREBON",KEDAWUNG,KEDAWUNG
691048,533113714162,"PJU ****** *** *******",-6.77113150000000,108.60442820000000,"KAB. CIREBON",MUNDU,CITEMU
691049,533113714154,"PJU ****** *********",-6.76829280000000,108.57533260000000,"KAB. CIREBON",MUNDU,BANJARWANGUNAN
691050,533113714139,"PJU ****** *** *******",-6.79344510000000,108.56807120000000,"KAB. CIREBON",MUNDU,SINARANCANG
691051,533113320024,"PJU ** ********",-6.71398670000000,108.53272320000000,"KAB. CIREBON",KEDAWUNG,KEDAWUNG
691052,533111297849,"PEM** **** *******",-6.73254597111110,108.53365771111000,"KOTA CIREBON",KEJAKSAN,KESENDEN
691053,533113655353,"MUA** ****** *****",-6.73966210000000,108.58348130000000,"KAB. CIREBON",MUNDU,"MUNDU PESISIR"
691054,533113407134,"PJU ********** **********",-6.73730250000000,108.52779910000000,"KOTA CIREBON",KESAMBI,KARYAMULYA
691055,533113409386,"PJU *** ********",-6.71842941111110,108.53815711111000,"KAB. CIREBON",KEDAWUNG,KERTAWINANGUN
691056,533113617456,"PJU ****** *** *******",-6.76993830000000,108.55334170000000,"KAB. CIREBON",MUNDU,BANDENGAN
691057,533112901021,"PJU *** ***** *******",-6.77259652800000,108.51496400000000,"KAB. CIREBON",TALUN,SAMPIRAN
691058,533113404718,"PJU **** *********",-6.60755831111110,108.51742711111000,"KAB. CIREBON",KEPETAKAN,KERTASURA
691059,533113409329,"PJU *** ********",-6.73119700000000,108.52546500000000,"KAB. CIREBON",KEDAWUNG,KALIKOA
691060,533113407780,"TRA**** ***** ** *******",-6.72819000000000,108.55844000000000,"KOTA CIREBON",KESAMBI,KESAMBI
691061,533113409303,"PJU *** ********",-6.71670400000000,108.53633900000000,"KAB. CIREBON",KEDAWUNG,KERTAWINANGUN
691062,533113409265,"PJU *** ********",-6.71424260000000,108.53352990000000,"KAB. CIREBON",KEDAWUNG,KEDAWUNG
691063,533113404742,"PJU **** *********",-6.59231640000000,108.51162620000000,"KAB. CIREBON",KEPETAKAN,KERTASURA
691064,533113080592,"PJU ** *******",-6.72394394900000,108.55762481700000,"KOTA CIREBON",KESAMBI,KESAMBI
691065,533113080718,"PJU ** *********",-6.75052790000000,108.56362690000000,"KOTA CIREBON",HARJAMUKTI,LARANGAN
691067,533113082210,"PJU ***** ***** *********",-6.71111750000000,108.56050170000000,"KOTA CIREBON",KEJAKSAN,KEJAKSAN
691068,533113080639,"PJU ** ******** ****",-6.73606300000000,108.56311300000000,"KOTA CIREBON",HARJAMUKTI,KECAPI
691069,533113059051,"PJU ***** ******* *",-6.71565711111000,108.56496411111000,"KOTA CIREBON",PEKALIPAN,PEKALIPAN
691070,533113071952,"PJU ** *********",-6.73601600000000,108.54776000000000,"KOTA CIREBON",KESAMBI,SUNYARAGI
691071,533113078231,"PJU ** ******* ******",-6.72139610000000,108.55041830000000,"KOTA CIREBON",KESAMBI,PEKIRINGAN
691072,533113078194,"PJU ** ***********",-6.74221080000000,108.53193550000000,"KOTA CIREBON",KESAMBI,KARYAMULYA
691073,533113320344,"PJU ** ************ *",-6.71748200000000,108.54391270000000,"KAB. CIREBON",KEDAWUNG,SUTAWINANGUN
691074,533113319698,"PJU ** ***** *",-6.58674300000000,108.50453800000000,"KAB. CIREBON",KEPETAKAN,DUKUH
691075,533113320406,"PJU ** *********",-6.63434990000000,108.52675020000000,"KAB. CIREBON",SURANENGGALA,SURAKARTA
691076,533113321831,"TRA**** ***** ********",-6.72461600000000,108.56319900000000,"KOTA CIREBON",PEKALIPAN,PULASAREN
691077,533113320272,"PJU ** ******* *",-6.73229140000000,108.52549430000000,"KAB. CIREBON",KEDAWUNG,KALIKOA
691078,533113072245,"PJU ***** ****** *******",-6.72806520000000,108.55988510000000,"KOTA CIREBON",KESAMBI,KESAMBI
691079,533113319736,"PJU *** ******* *** *",-6.58558875111110,108.50871211111000,"KAB. CIREBON",KEPETAKAN,"PEGAGAN LOR"
691080,533113321490,"PJU ** ***********",-6.79299320000000,108.57099120000000,"KAB. CIREBON",MUNDU,SINARANCANG
691081,533113404783,"PJU **** *********",-6.55503540000000,108.52320780000000,"KAB. CIREBON",KEPETAKAN,BUNGKO
691082,533113404726,"PJU **** *********",-6.55578530000000,108.51104160000000,"KAB. CIREBON",KEPETAKAN,KAPETAKAN
691083,533113078207,"PJU ***** ****** *******",-6.73430830000000,108.55188830000000,"KOTA CIREBON",KESAMBI,KESAMBI
691084,533113081339,"PJU ********* ***** *****",-6.77016511111000,108.56439611111000,"KAB. CIREBON",MUNDU,BANJARWANGUNAN
691085,533113079751,"LAM** **** ****** ***** *",-6.72766700000000,108.55010100000000,"KOTA CIREBON",KESAMBI,KESAMBI
691086,533113082293,"PJU ***** ***** ** *****",-6.71208300000000,108.55874100000000,"KOTA CIREBON",KEJAKSAN,KEJAKSAN
691087,533113080804,"PJU ** ***** *****",-6.74011192111110,108.53549691111000,"KOTA CIREBON",KESAMBI,KARYAMULYA
691089,533113066867,"PJU ***** ********* *",-6.69863530000000,108.56105300000000,"KOTA CIREBON",KEJAKSAN,KESENDEN
691090,533113072174,"PJU ** *********",-6.72229680000000,108.56610760000000,"KOTA CIREBON",PEKALIPAN,PEKALIPAN
691091,533113075035,"PJU ***** ***** ****",-6.73192597111110,108.55645031111000,"KOTA CIREBON",KESAMBI,DRAJAT
691092,533113320103,"PJU ** **********",-6.62793511111000,108.52273331111000,"KAB. CIREBON",SURANENGGALA,KARANGREJA
691093,533113055522,"PJU ***** ******* *",-6.71198050000000,108.53874100000000,"KAB. CIREBON",KEDAWUNG,SUTAWINANGUN
691094,533113091769,"PJU ***** ******* *",-6.71355700000000,108.54129600000000,"KAB. CIREBON",KEDAWUNG,KERTAWINANGUN
691095,533113080791,"PJU ** **********",-6.75319900000000,108.55657700000000,"KOTA CIREBON",HARJAMUKTI,KECAPI
691096,533113080982,"WAR**** ***** ***********",-6.75761900000000,108.58142400000000,"KAB. CIREBON",MUNDU,SUCI
691097,533113080696,"PJU ** ******* ******** *",-6.75830430000000,108.55842550000000,"KOTA CIREBON",HARJAMUKTI,KALIJAGA
691098,533112625670,"PJU ****** ****",-6.74276724700000,108.56879990000000,"KAB. CIREBON",MUNDU,BANJARWANGUNAN
691099,533112625696,"PJU **********",-6.71725010000000,108.56744830000000,"KOTA CIREBON",LEMAHWUNGKUK,PANJUNAN
691100,533112625700,"PJU ** *********",-6.72304559000000,108.57165870000000,"KOTA CIREBON",LEMAHWUNGKUK,LEMAHWUNGKUK
691101,533112625718,"PJU *** *** ****",-6.71746386100000,108.57279539900000,"KOTA CIREBON",LEMAHWUNGKUK,PANJUNAN
691102,533112642750,"RW * ***** ********",-6.71194720000000,108.56060160000000,"KOTA CIREBON",KEJAKSAN,KEJAKSAN
691103,533112534526,"PJU ***** ***********    ",-6.76825940000000,108.54984130000000,"KOTA CIREBON",HARJAMUKTI,KALIJAGA
691105,533112604414,"RAT****** *****",-6.72128726262600,108.57205627486000,"KOTA CIREBON",LEMAHWUNGKUK,LEMAHWUNGKUK
691107,533112881528,"PJU ** ****** **** *****",-6.73379520000000,108.57684000000000,"KOTA CIREBON",LEMAHWUNGKUK,PEGAMBIRAN
691108,533113071929,"PJU ** ****** ********* *",-6.72179200000000,108.56087470000000,"KOTA CIREBON",PEKALIPAN,PEKALIPAN
691109,533113055514,"PJU ******* ********",-6.75587800000000,108.56110250000000,"KAB. CIREBON",MUNDU,PAMENGKANG
691110,533113078160,"PJU ** ****** ** ***** **",-6.69939610000000,108.55503590000000,"KOTA CIREBON",KEJAKSAN,KESENDEN
691111,533113321760,"TRA**** ***** ***********",-6.73424200000000,108.56195910000000,"KOTA CIREBON",KESAMBI,DRAJAT
691112,533113400966,"PJU **** ******",-6.79043300000000,108.58010720000000,"KAB. CIREBON",MUNDU,PENPEN
691113,533113080941,"PJU ***** ******",-6.70990866111110,108.56596941111000,"KOTA CIREBON",LEMAHWUNGKUK,PANJUNAN
691114,533113082285,"PJU ***** ***** ** *****",-6.73634000000000,108.54990500000000,"KOTA CIREBON",KESAMBI,SUNYARAGI
691115,533112901317,"PJU ** ***** *******",-6.77445217111110,108.51424421111000,"KAB. CIREBON",TALUN,SAMPIRAN
691116,533112901325,"PJU ******** ***** **** *",-6.73785528500000,108.53173530000000,"KAB. CIREBON",MUNDU,SUCI
691117,533112642449,"PJU ********* *******",-6.75586280000000,108.57134090000000,"KAB. CIREBON",MUNDU,BANJARWANGUNAN
691118,533112534343,"PJU ***** ***********    ",-6.69415767111110,108.55909141111000,"KOTA CIREBON",KEJAKSAN,KESENDEN
691119,533112534350,"PJU ***** ***********    ",-6.69468546300000,108.55782968900000,"KOTA CIREBON",KEJAKSAN,KESENDEN
691120,533112534368,"PJU ***** ***********    ",-6.70109450000000,108.56179337500000,"KOTA CIREBON",KEJAKSAN,KESENDEN
691121,533112534376,"PJU ***** ***********    ",-6.76111290000000,108.54537250000000,"KOTA CIREBON",HARJAMUKTI,KALIJAGA
691122,533112534384,"PJU ***** ***********    ",-6.77040060000000,108.55078760000000,"KOTA CIREBON",HARJAMUKTI,KALIJAGA
691123,533112534392,"PJU ***** ***********    ",-6.76610210000000,108.54722280000000,"KOTA CIREBON",HARJAMUKTI,ARGASUNYA
691124,533111202040,"PEN******* *****         ",-6.91526858500000,108.73461491500000,"KOTA CIREBON",KEJAKSAN,KEJAKSAN
691125,533113080605,"PJU ** ****************",-6.71540350000000,108.56733410000000,"KOTA CIREBON",LEMAHWUNGKUK,PANJUNAN
691126,533113066883,"PJU **** ***** *********",-6.72756000000000,108.54875800000000,"KOTA CIREBON",KESAMBI,PEKIRINGAN
691127,533113079793,"PJU ***** **** ****",-6.72919340000000,108.53695270000000,"KOTA CIREBON",KESAMBI,SUNYARAGI
691128,533113078264,"PJU ** ********** *** ***",-6.72090400000000,108.56132100000000,"KOTA CIREBON",KESAMBI,PEKIRINGAN
691130,533113078073,"PJU ** ***** *****",-6.72072300000000,108.56530600000000,"KOTA CIREBON",PEKALIPAN,PEKALIPAN
691131,533113072211,"PJU ***** *********",-6.72468350000000,108.56341710000000,"KOTA CIREBON",PEKALIPAN,PULASAREN
691132,533113075084,"PJU ** ***** ********",-6.74557680000000,108.54167850000000,"KOTA CIREBON",HARJAMUKTI,HARJAMUKTI
691133,533113071857,"PJU ***** ********* *",-6.70407450000000,108.55605740000000,"KOTA CIREBON",KEJAKSAN,KEBONBARU
691134,533113332115,"PJU ***** ***** ****** *",-6.68318600000000,108.54787400000000,"KAB. CIREBON","GUNUNG JATI",KLAYAN
691135,533112625734,"PJU ****** *****",-6.73914801000000,108.57969110000000,"KOTA CIREBON",LEMAHWUNGKUK,PEGAMBIRAN
691136,533112625742,"PJU ***********",-6.72531300000000,108.56987810000000,"KOTA CIREBON",LEMAHWUNGKUK,KESEPUHAN
691137,533112625759,"PJU *** *****",-6.74265702111110,108.57853311111000,"KOTA CIREBON",LEMAHWUNGKUK,PEGAMBIRAN
691138,533112625767,"PJU *** ********",-6.71827510000000,108.56622050000000,"KOTA CIREBON",LEMAHWUNGKUK,PANJUNAN
691139,533112625775,"PJU *********",-6.71315735200000,108.56564705300000,"KOTA CIREBON",LEMAHWUNGKUK,PANJUNAN
691140,533112625791,"PJU *** ***** *",-6.72873870000000,108.56531600000000,"KOTA CIREBON",PEKALIPAN,JAGASATRU
691141,533112625804,"PJU *** ***** *",-6.72805580000000,108.56766970000000,"KOTA CIREBON",PEKALIPAN,JAGASATRU
691142,533112625812,"PJU ** *******",-6.74424877500000,108.57272430000000,"KAB. CIREBON",MUNDU,BANJARWANGUNAN
691143,533112625820,"PJU ** ***** *******",-6.72362083700000,108.57048770000000,"KOTA CIREBON",LEMAHWUNGKUK,LEMAHWUNGKUK
691144,533112625861,"PJU ** ********",-6.72983500000000,108.57448500000000,"KOTA CIREBON",LEMAHWUNGKUK,KESEPUHAN
691145,533112625879,"PJU ** *******",-6.72618540000000,108.57509410000000,"KOTA CIREBON",LEMAHWUNGKUK,KESEPUHAN
691146,533112625887,"PJU ****** *******",-6.71379800000000,108.56496590000000,"KOTA CIREBON",LEMAHWUNGKUK,PANJUNAN
691147,533112625895,"PJU **** ****",-6.71956480000000,108.55355170000000,"KOTA CIREBON",KESAMBI,PEKIRINGAN
691148,533112520129,"PJU ****** *******       ",-6.70128490000000,108.56276860000000,"KOTA CIREBON",LEMAHWUNGKUK,PANJUNAN
691149,533112520137,"PJU ****** *******       ",-6.70155279111110,108.56480071111000,"KOTA CIREBON",KEJAKSAN,KESENDEN
691150,533112536665,"PEN******* ***** ****    ",-6.72471850000000,108.57023190000000,"KOTA CIREBON",LEMAHWUNGKUK,KESEPUHAN
691151,533113075106,"PJU ** ******",-6.73874800000000,108.56485600000000,"KOTA CIREBON",HARJAMUKTI,LARANGAN
691152,533113320430,"PJU ** ********* *",-6.54386430000000,108.49567350000000,"KAB. CIREBON",KEPETAKAN,KAPETAKAN
691153,533113066875,"PJU ***** ********* *",-6.71970600000000,108.54874500000000,"KOTA CIREBON",KESAMBI,PEKIRINGAN
691154,533113071899,"PJU ***** *******",-6.74036374111110,108.58625811111000,"KOTA CIREBON",LEMAHWUNGKUK,PEGAMBIRAN
691155,533113078057,"PJU ******** ******** ***",-6.73778200000000,108.55542500000000,"KOTA CIREBON",HARJAMUKTI,KECAPI
691156,533113078302,"PJU ** ***** *****",-6.73737690000000,108.55177960000000,"KOTA CIREBON",KESAMBI,DRAJAT
691157,533113078081,"PJU ** ****** ** *****",-6.69871653111110,108.55913211111000,"KOTA CIREBON",KEJAKSAN,KESENDEN
691158,533113320463,"PJU ** ***** *",-6.65698640000000,108.51180530000000,"KAB. CIREBON","GUNUNG JATI",BUYUT
691159,533113080613,"PJU ** ************",-6.74241110000000,108.57358870000000,"KOTA CIREBON",LEMAHWUNGKUK,PEGAMBIRAN
691160,533113071832,"PJU ***** *********",-6.72611000000000,108.56881300000000,"KOTA CIREBON",LEMAHWUNGKUK,KESEPUHAN
691161,533113066891,"PJU ***** **** ****",-6.72128950000000,108.57201430000000,"KOTA CIREBON",KEJAKSAN,SUKAPURA
691163,533113817850,"PJU **** ******",-6.62011250000000,108.51890060000000,"KAB. CIREBON",KEPETAKAN,GROGOL
691164,533113817835,"PJU ********* *",-6.61993420000000,108.51896260000000,"KAB. CIREBON",KEPETAKAN,KAPETAKAN
691165,533113817906,"PJU ******* *****",-6.61900640000000,108.51938420000000,"KAB. CIREBON",KEPETAKAN,"PEGAGAN KIDUL"
691166,533113817868,"PJU ****** ******",-6.62056250000000,108.51884940000000,"KAB. CIREBON",KEPETAKAN,KARANGKENDAL
691167,533113817948,"PJU *********",-6.62033330000000,108.51896330000000,"KAB. CIREBON",KEPETAKAN,KAPETAKAN
691168,533113817930,"PJU *********",-6.62077980000000,108.51798110000000,"KAB. CIREBON",KEPETAKAN,KERTASURA
691169,533113072141,"PJU ** ** *********",-6.72134770000000,108.57198910000000,"KOTA CIREBON",LEMAHWUNGKUK,PEGAMBIRAN
691170,533113320186,"PJU ** ********** *",-6.69944085111110,108.54040921111000,"KAB. CIREBON",KEDAWUNG,KEDUNGJAYA
691171,533113072190,"PJU ** ****** **********",-6.74264469111110,108.56102721111000,"KOTA CIREBON",LEMAHWUNGKUK,PANJUNAN
691172,533113075171,"PJU ****** ****",-6.72527590000000,108.56067480000000,"KOTA CIREBON",KESAMBI,KESAMBI
691173,533113066834,"PJU ***** ******* *",-6.70798660000000,108.56394110000000,"KOTA CIREBON",KEJAKSAN,KEBONBARU
691174,533113072079,"PJU ***** **********",-6.71826010000000,108.56431480000000,"KOTA CIREBON",HARJAMUKTI,KECAPI
691175,533113072053,"PJU ** ** ** *********",-6.72538510000000,108.55985950000000,"KOTA CIREBON",KESAMBI,KESAMBI
691176,533113075050,"PJU *** ****** ******* *",-6.73888420000000,108.52008120000000,"KOTA CIREBON",KESAMBI,KARYAMULYA
691177,533113072133,"PJU ** *** *** *",-6.74030970000000,108.58685620000000,"KOTA CIREBON",LEMAHWUNGKUK,PEGAMBIRAN
691178,533113066913,"PJU ***** ****** ****** *",-6.72065280000000,108.54752530000000,"KOTA CIREBON",KESAMBI,PEKIRINGAN
691179,533113321815,"TRA**** ***** ** **** ***",-6.72997260000000,108.53914710000000,"KOTA CIREBON",KESAMBI,PEKIRINGAN
691180,533113320369,"PJU ** *** *",-6.72687200000000,108.52614300000000,"KAB. CIREBON",KEDAWUNG,TUK
691181,533113080812,"PJU ** ******* *** **",-6.72858100000000,108.55819300000000,"KOTA CIREBON",KESAMBI,DRAJAT
691182,533113080647,"PJU ** ********* ******",-6.75214078111110,108.56193511111000,"KOTA CIREBON",HARJAMUKTI,LARANGAN
691183,533113079785,"LAM** **** ****** ***** *",-6.72330800000000,108.55016500000000,"KOTA CIREBON",KESAMBI,KESAMBI
691184,533113078351,"PJU **** ***** ****** *",-6.74238545111110,108.55423031111000,"KOTA CIREBON",HARJAMUKTI,KECAPI
691185,533113078223,"PJU ** *******",-6.71175000000000,108.55225000000000,"KOTA CIREBON",KEJAKSAN,SUKAPURA
691186,533113817892,"PJU ********* *",-6.62000270000000,108.51912460000000,"KAB. CIREBON",KEPETAKAN,KAPETAKAN
691187,533113817884,"PJU ********* *",-6.62006830000000,108.51913170000000,"KAB. CIREBON",KEPETAKAN,KAPETAKAN
691188,533113071865,"PJU ** ********* *",-6.72129030000000,108.57204430000000,"KOTA CIREBON",KESAMBI,SUNYARAGI
691189,533113817914,"PJU ****** *",-6.62011890000000,108.51891110000000,"KAB. CIREBON",KEPETAKAN,GROGOL
691190,533113072166,"PJU ** ****** ********* *",-6.71838990000000,108.55911740000000,"KOTA CIREBON",PEKALIPAN,PEKALANGAN
691191,533113072004,"PJU ** ****** ***** *",-6.73339620000000,108.54751450000000,"KOTA CIREBON",KESAMBI,SUNYARAGI
691192,533113082277,"PJU ***** ***** *******",-6.72043520000000,108.57049060000000,"KOTA CIREBON",LEMAHWUNGKUK,LEMAHWUNGKUK
691193,533113080700,"PJU ** ******* **** *****",-6.73336211111000,108.55555811111000,"KOTA CIREBON",KESAMBI,DRAJAT
691194,533113321823,"TRA**** ***** ***********",-6.74025400000000,108.55332000000000,"KOTA CIREBON",HARJAMUKTI,HARJAMUKTI
691195,533113078016,"PJU ** ** **** *****",-6.74353730000000,108.53493630000000,"KOTA CIREBON",KESAMBI,KARYAMULYA
691196,533113078186,"PJU ** *******",-6.74276283111110,108.54837511111000,"KOTA CIREBON",HARJAMUKTI,HARJAMUKTI
691197,533113078336,"PJU ** **** ****** ****",-6.73966100000000,108.53178100000000,"KOTA CIREBON",KESAMBI,KARYAMULYA
691198,533113071911,"PJU ** ****** **** *",-6.73011900000000,108.56017500000000,"KOTA CIREBON",KESAMBI,DRAJAT
691199,533113072237,"PJU ***** ********* *",-6.71015000000000,108.56037000000000,"KOTA CIREBON",KEJAKSAN,KEJAKSAN
691200,533113817843,"PJU ********* *",-6.62025670000000,108.51891830000000,"KAB. CIREBON",KEPETAKAN,KAPETAKAN
691201,533112803856,"PJU *** **** *******",-6.76825940000000,108.54984130000000,"KOTA CIREBON",HARJAMUKTI,KALIJAGA
691202,533112800190,"PJU *********",-6.76493620000000,108.53313570000000,,,
691203,533113250790,"PJU ** ** *********",-6.70719190000000,108.56380180000000,"KOTA CIREBON",KEJAKSAN,KEBONBARU
691204,533113400974,"PJU ** ** *********",-6.72353300000000,108.56624810000000,"KOTA CIREBON",PEKALIPAN,PEKALIPAN
691205,533113502139,"PJU ****** ***** ****** *",-6.67075600000000,108.54244300000000,"KAB. CIREBON","GUNUNG JATI",ASTANA
691207,533113492921,"PJU **** ************",-6.71280000000000,108.54392200000000,"KAB. CIREBON",KEDAWUNG,SUTAWINANGUN
691208,533113492962,"PJU **** *******",-6.72797439111110,108.53214231111000,"KAB. CIREBON",KEDAWUNG,KALIKOA
691209,533113492905,"PJU **** *******",-6.73065700000000,108.52669300000000,"KAB. CIREBON",KEDAWUNG,KALIKOA
691210,533113671697,"PT ******",-6.57657711111110,108.50850631111000,"KAB. CIREBON",KEPETAKAN,"PEGAGAN KIDUL"
691211,533113492970,"PJU **** *******",-6.77046096111110,108.52214171111000,"KAB. CIREBON",TALUN,CIPERNA
691212,533113491937,"PJU ***** *******",-6.75754116111110,108.59340851111000,"KAB. CIREBON",MUNDU,"MUNDU MESIGIT"
691213,533111988784,"DIN** ********** ***     ",-6.76189247900000,108.55167790000000,"KOTA CIREBON",HARJAMUKTI,KALIJAGA
691214,533111988805,"POS ******* **** ***     ",-6.71255726800000,108.52804405000000,"KAB. CIREBON",KEDAWUNG,KEDUNGJAYA
691215,533113492988,"PJU **** *******",-6.77298600000000,108.51607840000000,"KAB. CIREBON",TALUN,CIPERNA
691216,533113345385,"PJU ** ***** ******",-6.76265280000000,108.56839170000000,"KAB. CIREBON",MUNDU,BANJARWANGUNAN
691217,533113493740,"PJU **** ****** ***",-6.54810902111110,108.51785991111000,"KAB. CIREBON",KEPETAKAN,"BUNGKO LOR"
691218,533113493006,"PJU **** *******",-6.72913540000000,108.53276400000000,"KAB. CIREBON",KEDAWUNG,KALIKOA
691219,533113492939,"PJU **** ************",-6.71233800000000,108.54693000000000,"KAB. CIREBON",KEDAWUNG,SUTAWINANGUN
691220,533113493686,"PJU **** ********",-6.77319610000000,108.51623510000000,"KAB. CIREBON",TALUN,SAMPIRAN
691221,533113320065,"PJU ** ******** *",-6.70789451111100,108.54122381111000,"KAB. CIREBON",KEDAWUNG,KEDUNGJAYA
691222,533113319830,"PJU ** *********",-6.56553110000000,108.50383520000000,"KAB. CIREBON",KEPETAKAN,KAPETAKAN
691223,533113319744,"PJU ** ***** *",-6.58589996111110,108.50796421111000,"KAB. CIREBON",KEPETAKAN,DUKUH
691224,533113702851,"PJU ****** ** ** *****",-6.76989600000000,108.55338540000000,"KOTA CIREBON",HARJAMUKTI,KECAPI
691225,533113321466,"PJU ** *********",-6.77479900000000,108.60941300000000,"KAB. CIREBON",MUNDU,WARUDUWUR
691226,533113400393,"PJU ***** **** ******",-6.74958120000000,108.58620510000000,"KAB. CIREBON",MUNDU,"MUNDU MESIGIT"
691227,533113075155,"PJU ***** ****** **",-6.71638000000000,108.55598100000000,"KOTA CIREBON",KESAMBI,SUNYARAGI
691228,533113072252,"PJU ***** ******",-6.72043520000000,108.57049060000000,"KOTA CIREBON",LEMAHWUNGKUK,LEMAHWUNGKUK
691229,533113321849,"TRA**** ***** *** ******",-6.69978000000000,108.55402100000000,"KOTA CIREBON",KEJAKSAN,KEJAKSAN
691230,533113321794,"TRA**** ***** **********",-6.71203900000000,108.55069400000000,"KOTA CIREBON",KESAMBI,PEKIRINGAN
691231,533113321752,"TRA**** ***** ********",-6.74155360000000,108.56380640000000,"KOTA CIREBON",KEJAKSAN,KEJAKSAN
691232,533113321737,"TRA**** ***** ****** ****",-6.73189224111110,108.55818181111000,"KOTA CIREBON",KESAMBI,KESAMBI
691233,533113320328,"PJU ** ********** *",-6.71817833111110,108.52718331111000,"KAB. CIREBON",KEDAWUNG,KEDUNGJAYA
691234,533113319702,"PJU *** ****** *",-6.57927409111110,108.50683091111000,"KAB. CIREBON",KEPETAKAN,GROGOL
691235,533111947226,"PJU ** **** **** ***     ",-6.70724440000000,108.55021230000000,"KOTA CIREBON",KEJAKSAN,SUKAPURA
691236,533112859855,"PJU *** ******* ******",-6.77351760000000,108.51548560000000,"KAB. CIREBON",TALUN,CIPERNA
691237,533112859919,"PJU **** *** ******* *",-6.72771850000000,108.55580980000000,"KOTA CIREBON",KESAMBI,KESAMBI
691238,533112859984,"PJU **** *** ******* *",-6.72982942300000,108.55228540000000,"KOTA CIREBON",KESAMBI,KESAMBI
691239,533112792865,"PJU **** ***** ********",-6.70586453500000,108.53740680000000,"KAB. CIREBON",KEDAWUNG,KEDUNGJAYA
691241,533113320178,"PJU ******* ******",-6.70322303111110,108.54557071111000,"KAB. CIREBON",KEDAWUNG,PILANGSARI
691242,533113321441,"PJU ** ****** *",-6.79008800000000,108.58018400000000,"KAB. CIREBON",MUNDU,PENPEN
691243,533113569424,"PJU **** ************",-6.71646510000000,108.54250020000000,"KAB. CIREBON",KEDAWUNG,SUTAWINANGUN
691244,533113228768,"PJU ** ***** ***** *",-6.77126760000000,108.56658740000000,"KAB. CIREBON",MUNDU,BANJARWANGUNAN
691246,533113320455,"PJU ************ *****",-6.62596870000000,108.52349840000000,"KAB. CIREBON",SURANENGGALA,"SURANENGGALA KULON"
691247,533113277609,"PJU ***** ******** ******",-6.77380352111110,108.55558831111000,"KAB. CIREBON",MUNDU,PAMENGKANG
691248,533113053662,"PJU ** ** ******* *****",-6.73175230000000,108.56056910000000,"KOTA CIREBON",KESAMBI,DRAJAT
691249,533113320231,"PJU ** ******** *",-6.70637745111110,108.54092871111000,"KAB. CIREBON",KEDAWUNG,KEDUNGJAYA
691250,533113320111,"PJU ** ********* *",-6.55428511111000,108.49209511111000,"KAB. CIREBON",KEPETAKAN,KAPETAKAN
691251,533113492947,"PJU **** *******",-6.72913540000000,108.53276400000000,"KAB. CIREBON",KEDAWUNG,KALIKOA
691252,533113492996,"PJU **** *******",-6.72545430000000,108.53312300000000,"KAB. CIREBON",KEDAWUNG,KALIKOA
691253,533113492954,"PJU **** *******",-6.73056461111100,108.53143761111000,"KAB. CIREBON",KEDAWUNG,KALIKOA
691254,533113252994,"PJU ******* ********** *",-6.75574100000000,108.55713740000000,"KOTA CIREBON",HARJAMUKTI,KALIJAGA
691255,533113569432,"PJU **** **********",-6.70915200000000,108.54224800000000,"KAB. CIREBON",KEDAWUNG,KEDUNGJAYA
691257,533112740658,"PJU *********",-6.54692211111100,108.51730191111000,"KAB. CIREBON",KEPETAKAN,"BUNGKO LOR"
691258,533112743058,"DIS*** ***********",-6.70247789111110,108.54579031111000,"KOTA CIREBON",KEJAKSAN,SUKAPURA
691259,533113253038,"PJU ********** ******",-6.74843990000000,108.56089050000000,"KOTA CIREBON",KEJAKSAN,KESENDEN
691260,533113253053,"PJU ***** ******** ******",-6.74881800000000,108.55033200000000,"KOTA CIREBON",LEMAHWUNGKUK,KESEPUHAN
691261,533113882063,"TAM** ****** ******",-6.68406840000000,108.54153750000000,"KAB. CIREBON","GUNUNG JATI",KLAYAN
691262,533113894361,"WC ****",-6.69512509189280,108.54987256229000,"KAB. CIREBON","GUNUNG JATI",ADIDHARMA
691263,533113320223,"PJU ** *******",-6.78628186111110,108.61352091111000,"KAB. CIREBON",KEDAWUNG,KEDUNGJAYA
691264,533113256267,"PJU ** **********",-6.68355902111110,108.53873171111000,"KAB. CIREBON","GUNUNG JATI",JATIMERTA
691265,533113320073,"PJU ** ********** *",-6.71623483111110,108.52586621111000,"KAB. CIREBON",KEDAWUNG,KEDUNGJAYA
691266,533113572476,"PJU **** *** *******",-6.71228200000000,108.56627500000000,"KOTA CIREBON",LEMAHWUNGKUK,PANJUNAN
691267,533111872057,"PT ******* ***** *       ",-6.73954020100000,108.52343860000000,"KOTA CIREBON",KESAMBI,KARYAMULYA
691268,533113900709,"PJU ** ********* ***** *",-6.70209500000000,108.54461330000000,"KAB. CIREBON",KEDAWUNG,KEDUNGJAYA
691269,533113828089,"PJU **** ****",-6.76984360000000,108.55340660000000,"KAB. CIREBON",MUNDU,SUCI
691270,533112116069,"PJU ***** ******         ",-6.73059600000000,108.54286480000000,"KOTA CIREBON",KESAMBI,SUNYARAGI
691271,533112122292,"PJU ** **********        ",-6.91526858500000,108.73461491500000,"KAB. CIREBON",CILEDUG,"JATISEENG KIDUL"
691272,533112122306,"PJU ** *****             ",-6.91526858500000,108.73461491500000,"KAB. CIREBON",CILEDUG,"JATISEENG KIDUL"
691273,533112122314,"PJU ** *****             ",-6.91526858500000,108.73461491500000,"KAB. CIREBON",CILEDUG,"JATISEENG KIDUL"
691274,533112122322,"PJU ** ******            ",-6.91526858500000,108.73461491500000,"KAB. CIREBON",CILEDUG,"JATISEENG KIDUL"
691275,533112259809,"PJU ******************** ",-6.73562427111110,108.52537731111000,"KOTA CIREBON",KESAMBI,KARYAMULYA
691276,533112262629,"PJU ***** *********      ",-6.72500990000000,108.56267790000000,"KOTA CIREBON",PEKALIPAN,PULASAREN
691277,533112781027,"PJU ***** *******",-6.72135938900000,108.57197639500000,"KOTA CIREBON",LEMAHWUNGKUK,LEMAHWUNGKUK
691278,533112796068,"PJU ** ***** ****",-6.74276980000000,108.52234970000000,"KOTA CIREBON",KESAMBI,KARYAMULYA
691279,533112807275,"PJU ************",-6.56540464111110,108.50367631111000,"KAB. CIREBON",KEPETAKAN,KAPETAKAN
691281,533112243018,"PJU **** *** *******     ",-6.76333552400000,108.56171640000000,"KAB. CIREBON",MUNDU,PAMENGKANG
691284,533111628050,"BTN *** ****             ",-6.69931160300000,108.55447650000000,"KOTA CIREBON",KEJAKSAN,KESENDEN
691285,533113098048,"PJU ** ***** ******** *",-6.76728091111110,108.59266671111000,"KAB. CIREBON",MUNDU,LUWUNG
691286,533113573707,"PJU ****** ***********",-6.76305274111110,108.56131041111000,"KAB. CIREBON",MUNDU,PAMENGKANG
691287,533111936394,"PJU ***** *******        ",-6.91526858500000,108.73461491500000,,,
691288,533111936431,"PJU ******* *******      ",-6.72142620000000,108.57185720000000,"KOTA CIREBON",HARJAMUKTI,KECAPI
691289,533113072038,"PJU ** ***** ****** ****",-6.73355490000000,108.55383560000000,"KOTA CIREBON",KESAMBI,DRAJAT
691290,533113075163,"PJU ***** **** *****",-6.72129360000000,108.57203050000000,"KOTA CIREBON",KESAMBI,PEKIRINGAN
691291,533113321786,"TRA**** ***** **** ******",-6.70978700000000,108.56442380000000,"KOTA CIREBON",KESAMBI,PEKIRINGAN
691292,533113321474,"PJU ** ***** *****",-6.78129960000000,108.61626370000000,"KAB. CIREBON",ASTANAJAPURA,KANCI
691293,533113320129,"PJU ** ******",-6.67808490000000,108.54501780000000,"KAB. CIREBON","GUNUNG JATI",KLAYAN
691296,533112096949,"PJU ********             ",-6.71050740000000,108.54019440000000,"KAB. CIREBON",KEDAWUNG,KEDUNGJAYA
691297,533112109473,"PJU *** ***********      ",-6.91526858500000,108.73461491500000,,,
691298,533112109481,"PJU *** ***********      ",-6.91526858500000,108.73461491500000,"KOTA CIREBON",HARJAMUKTI,KECAPI
691299,533112109499,"PJU *** ***********      ",-6.91526858500000,108.73461491500000,,,
691300,533112109503,"PJU *** ***********      ",-6.91526858500000,108.73461491500000,"KOTA CIREBON",HARJAMUKTI,KALIJAGA
691304,533112118319,"PJU **** ********        ",-6.91526858500000,108.73461491500000,,,
691305,533112118327,"PJU **** ******          ",-6.91526858500000,108.73461491500000,,,
691307,533112118343,"PJU **** ********        ",-6.91526858500000,108.73461491500000,,,
691310,533112118376,"PJU **** *********       ",-6.91526858500000,108.73461491500000,,,
691312,533112058159,"PJU ***** *****          ",-6.73367280000000,108.57655720000000,"KOTA CIREBON",LEMAHWUNGKUK,PEGAMBIRAN
691313,533112058167,"PJU ***** *****          ",-6.72143230000000,108.57185810000000,"KOTA CIREBON",LEMAHWUNGKUK,PEGAMBIRAN
691314,533112059878,"PJU *** *******          ",-6.91526858500000,108.73461491500000,,,
691315,533112090554,"DIN *************** **** ",-6.91526858500000,108.73461491500000,"KOTA CIREBON",HARJAMUKTI,HARJAMUKTI
691316,533112090562,"DIN **************** ****",-6.91526858500000,108.73461491500000,,,
691320,533112098849,"PJU ******* *******      ",-6.75302560000000,108.57346390000000,"KAB. CIREBON",MUNDU,BANJARWANGUNAN
691321,533112109560,"PJU *** ***** *******    ",-6.78510311111000,108.54850511111000,"KOTA CIREBON",KEJAKSAN,KEBONBARU
691326,533112118413,"PJU **** ***********     ",-6.91526858500000,108.73461491500000,"KOTA CIREBON",HARJAMUKTI,KALIJAGA
691330,533112118454,"PJU **** ********        ",-6.91526858500000,108.73461491500000,,,
691332,533112118470,"PJU **** *********       ",-6.91526858500000,108.73461491500000,,,
691335,533113870201,"PJU ***** *****",-6.77245250000000,108.54462670000000,"KOTA CIREBON",HARJAMUKTI,ARGASUNYA
691336,533112107127,"PJU *** *** ******       ",-6.74438166700000,108.58528666700000,"KOTA CIREBON",LEMAHWUNGKUK,PEGAMBIRAN
691337,533112066104,"DIN * *** *              ",-6.73991187700000,108.55057470000000,"KOTA CIREBON",HARJAMUKTI,KECAPI
691338,533112114422,"DIN*********** **********",-6.74977717111110,108.53399741111000,"KOTA CIREBON",HARJAMUKTI,HARJAMUKTI
691339,533112114430,"DIN*********** **********",-6.74913054100000,108.54661800000000,"KOTA CIREBON",HARJAMUKTI,HARJAMUKTI
691340,533112114448,"DIN*********** **********",-6.74890170000000,108.53017670000000,"KOTA CIREBON",KESAMBI,KARYAMULYA
691341,533112114455,"DIN*********** * ********",-6.72142760000000,108.57186820000000,"KOTA CIREBON",LEMAHWUNGKUK,KESEPUHAN
691342,533112114463,"DIN*********** * ********",-6.72143630000000,108.57185100000000,"KOTA CIREBON",LEMAHWUNGKUK,KESEPUHAN
691343,533112116227,"DIN*********** * ********",-6.72524122300000,108.57630300000000,"KOTA CIREBON",LEMAHWUNGKUK,KESEPUHAN
691344,533112127676,"BAD** ********** ********",-6.69950720000000,108.55263060000000,"KOTA CIREBON",KEJAKSAN,KESENDEN
692462,533212618693,"PJU ****** *** ********",-6.97263210000000,108.43853100000000,"KAB. KUNINGAN",CIGUGUR,CIGUGUR
691345,533112132823,"PJU ***** ********* *****",-6.73977600000000,108.53250850000000,"KOTA CIREBON",KESAMBI,KARYAMULYA
691347,533112074332,"PJU **** *******         ",-6.91526858500000,108.73461491500000,"KOTA CIREBON",KEJAKSAN,SUKAPURA
691348,533112039991,"PJU ******* **********   ",-6.75899443800000,108.55243140000000,"KOTA CIREBON",HARJAMUKTI,KALIJAGA
691350,533112096611,"DKP * *** *********      ",-6.73236422111110,108.57156081111000,"KOTA CIREBON",LEMAHWUNGKUK,PEGAMBIRAN
691351,533112096629,"DKP * *** *********      ",-6.69423311111000,108.42991411111000,"KOTA CIREBON",KESAMBI,SUNYARAGI
691352,533112096637,"DKP * *** *********      ",-6.73877510000000,108.54864780000000,"KOTA CIREBON",KESAMBI,DRAJAT
691353,533112096645,"DKP * *** *********      ",-6.72841140000000,108.54961190000000,"KOTA CIREBON",KESAMBI,SUNYARAGI
691354,533112096652,"DKP * *** *********      ",-6.76173490000000,108.54212490000000,"KOTA CIREBON",HARJAMUKTI,ARGASUNYA
691355,533112096660,"DKP * *** *********      ",-6.76029670000000,108.54424370000000,"KOTA CIREBON",HARJAMUKTI,ARGASUNYA
691356,533112096678,"DKP * *** *********      ",-6.71571150000000,108.55735190000000,"KOTA CIREBON",KEJAKSAN,KEJAKSAN
691357,533112096686,"DKP * *** *********      ",-6.72458450000000,108.57439180000000,"KOTA CIREBON",LEMAHWUNGKUK,KESEPUHAN
691358,533113320137,"PJU ** ************ *",-6.61858167111110,108.51851771111000,"KAB. CIREBON",SURANENGGALA,SURANENGGALA
691359,533113320298,"PJU ** ******* *",-6.65153100000000,108.52269400000000,"KAB. CIREBON","GUNUNG JATI",SAMBENG
691360,533113320207,"PJU ** *** *",-6.72528200000000,108.52675000000000,"KAB. CIREBON",KEDAWUNG,TUK
691361,533113067015,"PJU ***** *****",-6.72129450000000,108.57204420000000,"KOTA CIREBON",LEMAHWUNGKUK,PANJUNAN
691362,533113321703,"TRA**** ***** ***",-6.71716850000000,108.56912830000000,"KOTA CIREBON",KEJAKSAN,KEJAKSAN
691363,533113276281,"PJU ** ***********",-6.74738718000000,108.53313590000000,"KOTA CIREBON",HARJAMUKTI,HARJAMUKTI
691364,533113320057,"PJU ** ***** *",-6.65952490000000,108.50706250000000,"KAB. CIREBON","GUNUNG JATI",BUYUT
691365,533113320194,"PJU ** ********** *",-6.70417967111110,108.53010211111000,"KAB. CIREBON",KEDAWUNG,PILANGSARI
691366,533112453261,"PJU **** *******         ",-6.72696904800000,108.53566541000000,"KOTA CIREBON",KESAMBI,SUNYARAGI
691367,533112453183,"PJU **** *******         ",-6.75935424111110,108.54520761111000,"KOTA CIREBON",HARJAMUKTI,ARGASUNYA
691368,533112453191,"PJU **** *******         ",-6.78557963400000,108.54302430000000,"KOTA CIREBON",HARJAMUKTI,ARGASUNYA
691369,533112453204,"PJU **** *******         ",-6.75488819100000,108.56233185800000,"KOTA CIREBON",HARJAMUKTI,LARANGAN
691370,533112453212,"PJU **** *******         ",-6.76297720100000,108.54297530000000,"KOTA CIREBON",HARJAMUKTI,ARGASUNYA
691371,533112453220,"PJU **** *******         ",-6.74440748700000,108.57660223700000,"KOTA CIREBON",LEMAHWUNGKUK,PEGAMBIRAN
691372,533112453238,"PJU **** *******         ",-6.74227801111110,108.55351711111000,"KOTA CIREBON",HARJAMUKTI,KECAPI
691373,533113429177,"PJU ******* ****** *",-6.76221620000000,108.52387770000000,"KAB. CIREBON",TALUN,CIPERNA
691374,533112453279,"PJU **** *******         ",-6.77361180000000,108.55615390000000,"KAB. CIREBON",MUNDU,PAMENGKANG
691375,533112453287,"PJU **** *******         ",-6.77099620000000,108.55251910000000,"KOTA CIREBON",HARJAMUKTI,KALIJAGA
691376,533112453295,"PJU **** ********        ",-6.74244593900000,108.56021920000000,"KOTA CIREBON",HARJAMUKTI,KECAPI
691377,533113320448,"PJU ** ************ *",-6.64612321111100,108.52665981111000,"KAB. CIREBON",SURANENGGALA,SURANENGGALA
691378,533113320040,"PJU ************* *",-6.72047300000000,108.53818800000000,"KAB. CIREBON",KEDAWUNG,KERTAWINANGUN
691379,533113321699,"TRA**** ***** *********",-6.72433100000000,108.57149800000000,"KOTA CIREBON",LEMAHWUNGKUK,KESEPUHAN
691380,533113321778,"TRA**** ***** **********",-6.71780140000000,108.56925450000000,"KOTA CIREBON",LEMAHWUNGKUK,PANJUNAN
691381,533113078024,"PJU ** ** ********",-6.74129820000000,108.53985100000000,"KOTA CIREBON",KESAMBI,KARYAMULYA
691382,533113320256,"PJU ** ********** *",-6.71177437111110,108.52782471111000,"KAB. CIREBON",KEDAWUNG,KEDUNGJAYA
691383,533113066668,"PJU ***** ******* **** *",-6.72928600000000,108.55702600000000,"KOTA CIREBON",KESAMBI,KESAMBI
691384,533113320377,"PJU ** *********",-6.69074577111110,108.54756681111000,"KAB. CIREBON","GUNUNG JATI",JADIMULYA
691385,533113319793,"PJU *** ****** *",-6.57791779111110,108.50692771111000,"KAB. CIREBON",KEPETAKAN,GROGOL
691386,533113319728,"PJU ** ******* ***** *",-6.59806261111110,108.50556621111000,"KAB. CIREBON",KEPETAKAN,"PEGAGAN KIDUL"
691387,533113320152,"PJU ** ************* *",-6.71475770000000,108.53407080000000,"KAB. CIREBON",KEDAWUNG,KERTAWINANGUN
691388,533113319777,"PJU ** ****** ****** *",-6.58293091111110,108.50467411111000,"KAB. CIREBON",KEPETAKAN,KARANGKENDAL
691389,533113320032,"PJU ** ********** *",-6.70425798111110,108.53567111111000,"KAB. CIREBON",KEDAWUNG,PILANGSARI
691390,533113319814,"PJU ** ******* ***** *",-6.59990000000000,108.51053300000000,"KAB. CIREBON",KEPETAKAN,"PEGAGAN KIDUL"
691391,533113672189,"PT ******",-6.74925900000000,108.58815350000000,"KAB. CIREBON",MUNDU,"MUNDU PESISIR"
691392,533112149270,"PJU ************         ",-6.91526858500000,108.73461491500000,"KOTA CIREBON",LEMAHWUNGKUK,KESEPUHAN
691393,533112149288,"PJU *** *******          ",-6.70967440000000,108.56599960000000,"KOTA CIREBON",LEMAHWUNGKUK,PANJUNAN
691394,533112149296,"PJU **********           ",-6.72214350000000,108.56186940000000,"KOTA CIREBON",PEKALIPAN,PEKALIPAN
691395,533112240600,"PJU ***** ***********    ",-6.91526858500000,108.73461491500000,"KAB. CIREBON",CILEDUG,"JATISEENG KIDUL"
691396,533112240618,"PJU ***** ***********    ",-6.91526858500000,108.73461491500000,"KAB. CIREBON",CILEDUG,"JATISEENG KIDUL"
691397,533112240626,"PJU ***** ***********    ",-6.91526858500000,108.73461491500000,"KAB. CIREBON",CILEDUG,"JATISEENG KIDUL"
691398,533112240634,"PJU ***** ***********    ",-6.91526858500000,108.73461491500000,"KAB. CIREBON",CILEDUG,"JATISEENG KIDUL"
691399,533112240642,"PJU ***** ***********    ",-6.91526858500000,108.73461491500000,"KAB. CIREBON",CILEDUG,"JATISEENG KIDUL"
691400,533112240659,"PJU ***** ***********    ",-6.91526858500000,108.73461491500000,"KAB. CIREBON",CILEDUG,"JATISEENG KIDUL"
691401,533112240667,"PJU ***** ***********    ",-6.91526858500000,108.73461491500000,"KAB. CIREBON",CILEDUG,"JATISEENG KIDUL"
691402,533112240675,"PJU ***** ***********    ",-6.91526858500000,108.73461491500000,"KAB. CIREBON",CILEDUG,"JATISEENG KIDUL"
691403,533112141592,"PJU ******               ",-6.72128920000000,108.53755920000000,"KAB. CIREBON",KEDAWUNG,KERTAWINANGUN
691404,533112148947,"PJU ***** ***** ******   ",-6.91526858500000,108.73461491500000,,,
691405,533112148954,"PJU ***** ***** ******   ",-6.91526858500000,108.73461491500000,,,
691406,533112149383,"PJU *********            ",-6.91526858500000,108.73461491500000,,,
691407,533112012948,"PJU ***** *******        ",-6.70218680000000,108.56116490000000,"KOTA CIREBON",KEJAKSAN,KESENDEN
691408,533112012963,"PJU ***** *******        ",-6.72131870000000,108.57198970000000,"KOTA CIREBON",KEJAKSAN,SUKAPURA
691409,533112012971,"PJU ***** *******        ",-6.71076354100000,108.56024210000000,"KOTA CIREBON",KEJAKSAN,KEJAKSAN
691410,533112012989,"PJU ***** *******        ",-6.71073383100000,108.56029410000000,"KAB. CIREBON","GUNUNG JATI",BABADAN
691411,533112012997,"PJU ***** *******        ",-6.70604120000000,108.55652010000000,"KOTA CIREBON",KEJAKSAN,KEBONBARU
691413,533112013007,"PJU ***** *******        ",-6.71083159400000,108.55625130000000,"KOTA CIREBON",KEJAKSAN,SUKAPURA
691414,533112013015,"PJU ***** *******        ",-6.70728910000000,108.56472660000000,"KOTA CIREBON",LEMAHWUNGKUK,PANJUNAN
691415,533112013023,"PJU ***** *******        ",-6.71082284600000,108.55625458600000,"KOTA CIREBON",KEJAKSAN,SUKAPURA
691416,533112064142,"DIN * *** *              ",-6.72128940000000,108.57204120000000,"KOTA CIREBON",KESAMBI,DRAJAT
691417,533112064159,"DIN * *** *              ",-6.74589542500000,108.53961320000000,"KOTA CIREBON",HARJAMUKTI,HARJAMUKTI
691418,533112064167,"DIN * *** *              ",-6.77051303200000,108.55384477100000,"KOTA CIREBON",HARJAMUKTI,ARGASUNYA
691419,533112064175,"DIN * *** *              ",-6.73269062600000,108.57230830000000,"KOTA CIREBON",LEMAHWUNGKUK,PEGAMBIRAN
691420,533112064183,"DIN * *** *              ",-6.74473670000000,108.54192640000000,"KOTA CIREBON",HARJAMUKTI,HARJAMUKTI
691421,533112064191,"DIN * *** *              ",-6.73327092400000,108.57441430000000,"KOTA CIREBON",LEMAHWUNGKUK,PEGAMBIRAN
691422,533112064204,"DIN * *** *              ",-6.73820790000000,108.55485510000000,"KOTA CIREBON",HARJAMUKTI,KECAPI
691423,533112064212,"DIN * *** *              ",-6.73820790000000,108.55485510000000,"KOTA CIREBON",HARJAMUKTI,KECAPI
691424,533112064220,"DIN * *** *              ",-6.73992089700000,108.55058041200000,"KOTA CIREBON",HARJAMUKTI,KECAPI
691425,533112098092,"IST*** ****** ***** ***  ",-6.74253960000000,108.56770224000000,"KOTA CIREBON",HARJAMUKTI,LARANGAN
691426,533112106961,"PJU ***** ****           ",-6.69986990000000,108.55214200000000,"KOTA CIREBON",KEJAKSAN,KESENDEN
691427,533112122250,"PJU *** ******           ",-6.91526858500000,108.73461491500000,"KAB. CIREBON",CILEDUG,"JATISEENG KIDUL"
691428,533112122268,"PJU ***** *****          ",-6.91526858500000,108.73461491500000,"KAB. CIREBON",CILEDUG,"JATISEENG KIDUL"
691429,533112122276,"PJU ** ****** ****       ",-6.91526858500000,108.73461491500000,"KAB. CIREBON",CILEDUG,"JATISEENG KIDUL"
691430,533112122284,"PJU ** *******           ",-6.91526858500000,108.73461491500000,"KAB. CIREBON",CILEDUG,"JATISEENG KIDUL"
691431,533112064238,"DIN * *** *              ",-6.72144040000000,108.57186200000000,"KOTA CIREBON",HARJAMUKTI,ARGASUNYA
691432,533112064246,"DIN *******************  ",-6.74455143111110,108.54310161111000,"KOTA CIREBON",HARJAMUKTI,HARJAMUKTI
691433,533112064253,"DIN * *** *              ",-6.74811530000000,108.52774660000000,"KOTA CIREBON",KESAMBI,KARYAMULYA
691434,533112064261,"DIN * *** *              ",-6.74738897100000,108.53407070000000,"KOTA CIREBON",HARJAMUKTI,HARJAMUKTI
691435,533112064279,"DIN * *** *              ",-6.74777580000000,108.52934490000000,"KOTA CIREBON",HARJAMUKTI,HARJAMUKTI
691436,533112064287,"DIN * *** *              ",-6.73950230000000,108.54921950000000,"KOTA CIREBON",KESAMBI,KARYAMULYA
691437,533112064295,"DI * *** *               ",-6.74781145300000,108.53033680000000,"KOTA CIREBON",HARJAMUKTI,HARJAMUKTI
691438,533112098106,"IST*** ****** ***** ***  ",-6.74086400000000,108.57843900000000,"KOTA CIREBON",LEMAHWUNGKUK,PEGAMBIRAN
691439,533112098114,"IST*** ****** ***** ***  ",-6.73938620000000,108.57873420000000,"KOTA CIREBON",LEMAHWUNGKUK,PEGAMBIRAN
691440,533112099882,"IST*** ****** ***** ***  ",-6.72144370000000,108.57187640000000,"KOTA CIREBON",LEMAHWUNGKUK,PEGAMBIRAN
691441,533112099890,"IST*** ****** ***** ***  ",-6.74303811111110,108.57344311111000,"KOTA CIREBON",LEMAHWUNGKUK,PEGAMBIRAN
691442,533112099904,"IST*** ****** ***** ***  ",-6.73932660000000,108.55589250000000,"KOTA CIREBON",HARJAMUKTI,KECAPI
691443,533113075197,"PJU ******** **********",-6.74077330000000,108.54949490000000,"KOTA CIREBON",HARJAMUKTI,HARJAMUKTI
691444,533113248646,"PJU ****** *",-6.75561231111110,108.56906711111000,"KOTA CIREBON",HARJAMUKTI,HARJAMUKTI
691445,533113253004,"PJU ********* ********",-6.75574100000000,108.55713740000000,"KOTA CIREBON",HARJAMUKTI,KALIJAGA
691446,533112449465,"PJU **** *******         ",-6.69769861111110,108.55662221111000,"KOTA CIREBON",KEJAKSAN,KESENDEN
691447,533112449473,"PJU **** *******         ",-6.69738296111110,108.55652911111000,"KOTA CIREBON",KEJAKSAN,KESENDEN
691448,533112450861,"PJU **** *******         ",-6.70141420000000,108.55990140000000,"KOTA CIREBON",KEJAKSAN,KESENDEN
691449,533112450879,"PJU **** *******         ",-6.70627220000000,108.56246610000000,"KOTA CIREBON",KEJAKSAN,KEBONBARU
691450,533112450887,"PJU **** *******         ",-6.70660220000000,108.55968380000000,"KOTA CIREBON",KEJAKSAN,KEBONBARU
691451,533112450895,"PJU **** *******         ",-6.70141420000000,108.55990140000000,"KOTA CIREBON",KEJAKSAN,KESENDEN
691452,533112450909,"PJU **** *******         ",-6.70182337700000,108.55722310000000,"KOTA CIREBON",KEJAKSAN,KESENDEN
691453,533112453118,"PJU **** *******         ",-6.76301690000000,108.54501780000000,"KOTA CIREBON",HARJAMUKTI,ARGASUNYA
691454,533112453126,"PJU **** *******         ",-6.78166670000000,108.55021230000000,"KOTA CIREBON",HARJAMUKTI,ARGASUNYA
691455,533112453134,"PJU **** *******         ",-6.69755253111110,108.55995961111000,"KOTA CIREBON",KEJAKSAN,KESENDEN
691456,533112453142,"PJU **** *******         ",-6.76789511111000,108.54745911111000,"KOTA CIREBON",HARJAMUKTI,ARGASUNYA
691457,533112453159,"PJU **** *******         ",-6.76796012111110,108.55453611111000,"KAB. CIREBON",MUNDU,PAMENGKANG
691458,533112453167,"PJU **** ******          ",-6.78527160000000,108.53982330000000,"KAB. CIREBON",MUNDU,SINARANCANG
691459,533112453100,"PJU **** *******         ",-6.72672440000000,108.53578660000000,"KOTA CIREBON",KESAMBI,SUNYARAGI
691460,533112453175,"PJU **** *******         ",-6.77357711111000,108.53573511111000,"KOTA CIREBON",HARJAMUKTI,ARGASUNYA
691461,533112149221,"PJU *** *******          ",-6.73933600000000,108.52316090000000,"KOTA CIREBON",KESAMBI,SUNYARAGI
691462,533112149239,"PJU ******* ******       ",-6.72128780000000,108.57204360000000,"KOTA CIREBON",KESAMBI,KARYAMULYA
691463,533112149247,"PJU ******* ******       ",-6.73547600000000,108.54026660000000,"KOTA CIREBON",KESAMBI,KARYAMULYA
691464,533112149254,"PJU ******* ******       ",-6.72143970000000,108.57186250000000,"KOTA CIREBON",LEMAHWUNGKUK,KESEPUHAN
691465,533112149262,"PJU ******* ******       ",-6.75132550000000,108.56616750000000,"KOTA CIREBON",LEMAHWUNGKUK,KESEPUHAN
691466,533112253208,"PJU ****** *******       ",-6.91526858500000,108.73461491500000,"KAB. CIREBON",CILEDUG,"JATISEENG KIDUL"
691467,533112254609,"PJU ******************** ",-6.72144370000000,108.57187640000000,"KOTA CIREBON",KESAMBI,DRAJAT
691468,533112254617,"PJU *** **************** ",-6.72992610000000,108.55827110000000,"KOTA CIREBON",KESAMBI,DRAJAT
691469,533112254625,"PJU ******************** ",-6.74209240800000,108.53614210000000,"KOTA CIREBON",KESAMBI,KARYAMULYA
691470,533112254633,"PJU ******************** ",-6.73564437111110,108.52538211111000,"KOTA CIREBON",KESAMBI,KARYAMULYA
691472,533113320336,"PJU ** ******* *",-6.65231460000000,108.51899280000000,"KAB. CIREBON","GUNUNG JATI",SAMBENG
691473,533113320385,"PJU ** ************ *",-6.61193012111110,108.51773341111000,"KAB. CIREBON",SURANENGGALA,SURANENGGALA
691474,533113321807,"TRA**** ***** ****",-6.71605511111000,108.56264611111000,"KOTA CIREBON",LEMAHWUNGKUK,LEMAHWUNGKUK
691475,533113320215,"PJU ** ********** *",-6.70424666111110,108.53408951111000,"KAB. CIREBON",KEDAWUNG,PILANGSARI
691476,533113320160,"PJU ** ********** *",-6.70422911111100,108.53339681111000,"KAB. CIREBON",KEDAWUNG,PILANGSARI
691477,533113319822,"PJU ** ********* *",-6.61385877111110,108.51913431111000,"KAB. CIREBON",KEPETAKAN,KERTASURA
691478,533113321711,"TRA**** ***** ***** **",-6.72880260000000,108.55158440000000,"KOTA CIREBON",KESAMBI,PEKIRINGAN
691479,533113320081,"PJU ** ************ *",-6.71895300000000,108.53426800000000,"KAB. CIREBON",KEDAWUNG,SUTAWINANGUN
691480,533113321729,"TRA**** ***** ********",-6.71111750000000,108.56050170000000,"KOTA CIREBON",KEJAKSAN,KEJAKSAN
691481,533113672171,"PT ******",-6.78102000000000,108.61730780000000,"KAB. CIREBON",MUNDU,"MUNDU PESISIR"
691482,533113321520,"PJU ** **********",-6.75997730000000,108.56910670000000,"KAB. CIREBON",MUNDU,PAMENGKANG
691483,533113570853,"PJU **** *****",-6.78404526111110,108.61943841111000,"KAB. CIREBON",ASTANAJAPURA,KANCI
691484,533113072229,"PJU ***** *** *******",-6.71890730000000,108.57140910000000,"KOTA CIREBON",LEMAHWUNGKUK,LEMAHWUNGKUK
691485,533113253020,"PJU ******* ********** *",-6.75758480000000,108.55318070000000,"KOTA CIREBON",HARJAMUKTI,KALIJAGA
691486,533113427132,"PJU **** *********",-6.78848930000000,108.57173340000000,"KAB. CIREBON",MUNDU,SETUPATOK
691487,533112118007,"PJU ********* *****      ",-6.79573291111100,108.61622721111000,"KAB. CIREBON",ASTANAJAPURA,KANCI
691488,533112118015,"PJU ********* *****      ",-6.91526858500000,108.73461491500000,"KAB. CIREBON",CILEDUG,"JATISEENG KIDUL"
691489,533112118023,"PJU ********* *****      ",-6.76424475700000,108.59735594100000,"KAB. CIREBON",MUNDU,BANDENGAN
691490,533112118031,"PJU ********* *****      ",-6.91526858500000,108.73461491500000,"KAB. CIREBON",CILEDUG,"JATISEENG KIDUL"
691491,533112118049,"PJU ********* *****      ",-6.77362966500000,108.59390420000000,"KAB. CIREBON",MUNDU,LUWUNG
691492,533112124319,"PJU ********* ****       ",-6.91526858500000,108.73461491500000,,,
691493,533112064599,"PJU ********* *******    ",-6.91526858500000,108.73461491500000,"KAB. CIREBON",CILEDUG,"JATISEENG KIDUL"
691494,533112064602,"PJU ***********          ",-6.91526858500000,108.73461491500000,"KAB. CIREBON",CILEDUG,"JATISEENG KIDUL"
691495,533112064610,"PJU ***********          ",-6.91526858500000,108.73461491500000,"KAB. CIREBON",CILEDUG,"JATISEENG KIDUL"
691496,533112064628,"PJU ***********          ",-6.91526858500000,108.73461491500000,"KAB. CIREBON",CILEDUG,"JATISEENG KIDUL"
691497,533112066311,"PJU ***********          ",-6.91526858500000,108.73461491500000,"KAB. CIREBON",CILEDUG,"JATISEENG KIDUL"
691498,533112066329,"PJU ***********          ",-6.91526858500000,108.73461491500000,"KAB. CIREBON",CILEDUG,"JATISEENG KIDUL"
691499,533112066337,"PJU ***********          ",-6.91526858500000,108.73461491500000,"KAB. CIREBON",CILEDUG,"JATISEENG KIDUL"
691500,533112066345,"PJU ***********          ",-6.91526858500000,108.73461491500000,"KAB. CIREBON",CILEDUG,"JATISEENG KIDUL"
691502,533112096694,"DKP * *** *********      ",-6.72149410000000,108.57334550000000,"KOTA CIREBON",LEMAHWUNGKUK,LEMAHWUNGKUK
691503,533112096708,"DKP * *** *********      ",-6.73147240000000,108.54548580000000,"KOTA CIREBON",KESAMBI,SUNYARAGI
691504,533112096716,"DKP * *** *********      ",-6.72144370000000,108.57187640000000,"KOTA CIREBON",HARJAMUKTI,HARJAMUKTI
691505,533112096724,"DKP * *** *********      ",-6.72646469111110,108.55324611111000,"KOTA CIREBON",KESAMBI,KESAMBI
691506,533112118056,"PJU ********* *****      ",-6.91526858500000,108.73461491500000,"KAB. CIREBON",CILEDUG,"JATISEENG KIDUL"
691507,533112109147,"PJU **** *********       ",-6.91526858500000,108.73461491500000,,,
691508,533112114670,"WAR**** *****            ",-6.91526858500000,108.73461491500000,"KAB. CIREBON",CILEDUG,"JATISEENG KIDUL"
691509,533112136552,"LAM** ***** ***********  ",-6.72284862111110,108.57368241111000,"KOTA CIREBON",KEJAKSAN,SUKAPURA
691510,533112029863,"PJU ***** *******        ",-6.72128950000000,108.57201430000000,"KOTA CIREBON",KESAMBI,PEKIRINGAN
691511,533112029871,"PJU ***** *******        ",-6.74434519400000,108.56323803400000,"KOTA CIREBON",HARJAMUKTI,KECAPI
691512,533112029889,"PJU ***** *******        ",-6.74793367111110,108.56170851111000,"KOTA CIREBON",HARJAMUKTI,KECAPI
691513,533112029897,"PJU ***** *******        ",-6.74157183100000,108.56328259000000,"KOTA CIREBON",HARJAMUKTI,KECAPI
691514,533112029901,"PJU ***** *******        ",-6.73993080000000,108.56230250000000,"KOTA CIREBON",HARJAMUKTI,KECAPI
691515,533112041871,"PJU ** ** *********      ",-6.67565811100000,108.54382520000000,"KAB. CIREBON","GUNUNG JATI",BUYUT
691516,533113522422,"PJU ***** ***** ****",-6.67202280000000,108.54501780000000,"KAB. CIREBON","GUNUNG JATI",KALISAPU
691517,533113702877,"PJU ****** ** *********",-6.64843620000000,108.53310120000000,"KOTA CIREBON",KEJAKSAN,KESENDEN
691518,533113522249,"PJU *** *** *********",-6.72214350000000,108.56186940000000,"KOTA CIREBON",PEKALIPAN,PEKALIPAN
691519,533112749349,"PJU *************** ***",-6.91526858500000,108.73461491500000,"KAB. CIREBON",CILEDUG,"JATISEENG KIDUL"
691520,533112749356,"PJU *************** ***",-6.91526858500000,108.73461491500000,"KAB. CIREBON",CILEDUG,"JATISEENG KIDUL"
691521,533112749364,"PJU *********",-6.91526858500000,108.73461491500000,"KAB. CIREBON",CILEDUG,"JATISEENG KIDUL"
691522,533112749372,"PJU *** **********",-6.91526858500000,108.73461491500000,"KAB. CIREBON",CILEDUG,"JATISEENG KIDUL"
691523,533113913116,"PJU ****** *** *******",-6.75958050000000,108.59562360000000,"KAB. CIREBON",MUNDU,BANDENGAN
691524,533113066771,"PJU ********",-6.72996100000000,108.57441200000000,"KOTA CIREBON",LEMAHWUNGKUK,KESEPUHAN
691525,533113075114,"PJU ******* *******",-6.74432911111110,108.53816121111000,"KOTA CIREBON",KESAMBI,KARYAMULYA
691526,533113075043,"PJU **** *****",-6.73254775111110,108.56029181111000,"KOTA CIREBON",KESAMBI,DRAJAT
691527,533113321482,"PJU ** ***** *****",-6.78180388111110,108.60594531111000,"KAB. CIREBON",ASTANAJAPURA,"KANCI KULON"
691528,533113332107,"PJU ***** ***** ****** *",-6.68368000000000,108.54768700000000,"KAB. CIREBON","GUNUNG JATI",KLAYAN
691529,533113320310,"PJU ** ************* *",-6.71252100000000,108.53920600000000,"KAB. CIREBON",KEDAWUNG,KERTAWINANGUN
691530,533113320249,"PJU ** ************* *",-6.71895300000000,108.53426800000000,"KAB. CIREBON",KEDAWUNG,KERTAWINANGUN
691531,533113493708,"PJU **** ********",-6.76246030000000,108.53017670000000,"KAB. CIREBON",TALUN,SAMPIRAN
691532,533113075076,"PJU ***** ****** ****",-6.71924600000000,108.55355200000000,"KOTA CIREBON",KESAMBI,PEKIRINGAN
691533,533113321458,"PJU ** ****** *",-6.78849000000000,108.57641000000000,"KAB. CIREBON",MUNDU,PENPEN
691534,533113427181,"PJU **** *********",-6.78266021111110,108.57277671111000,"KAB. CIREBON",MUNDU,SETUPATOK
691535,533113569473,"PJU **** ************",-6.71517960000000,108.53957960000000,"KAB. CIREBON",KEDAWUNG,KERTAWINANGUN
691536,533112849681,"PJU **** ******* *******",-6.76207771111110,108.56264291111000,,,
691537,533112794837,"PJU *** ******",-6.76284700000000,108.57211560000000,"KAB. CIREBON",MUNDU,BANJARWANGUNAN
691538,533112796681,"PJU *** ************",-6.91526858500000,108.73461491500000,"KAB. CIREBON",CILEDUG,"JATISEENG KIDUL"
691539,533112749380,"PJU *** ******",-6.91526858500000,108.73461491500000,"KAB. CIREBON",CILEDUG,"JATISEENG KIDUL"
691540,533112749398,"PJU *** **********",-6.91526858500000,108.73461491500000,"KAB. CIREBON",CILEDUG,"JATISEENG KIDUL"
691541,533112749401,"PJU *** **********",-6.91526858500000,108.73461491500000,"KAB. CIREBON",CILEDUG,"JATISEENG KIDUL"
691542,533112749419,"PJU *** **********",-6.91526858500000,108.73461491500000,"KAB. CIREBON",CILEDUG,"JATISEENG KIDUL"
691543,533112749427,"PJU ********",-6.91526858500000,108.73461491500000,"KAB. CIREBON",CILEDUG,"JATISEENG KIDUL"
691544,533112792994,"PJU *** ********",-6.72635680000000,108.56805960000000,"KOTA CIREBON",PEKALIPAN,JAGASATRU
691545,533112841809,"TRA**** ***** *********",-6.72873870000000,108.56531600000000,"KOTA CIREBON",PEKALIPAN,JAGASATRU
691546,533112918274,"PJU **** *****",-6.73633250000000,108.53032010000000,"KOTA CIREBON",KESAMBI,KARYAMULYA
691547,533112918282,"PJU *********** ****",-6.73141800000000,108.55979200000000,"KOTA CIREBON",KESAMBI,DRAJAT
691548,533112918290,"PJU ******** ********",-6.74219275600000,108.53750410000000,"KOTA CIREBON",KESAMBI,KARYAMULYA
691549,533112918304,"PJU ******** ******** **",-6.74046450000000,108.53479310000000,"KOTA CIREBON",KESAMBI,KARYAMULYA
691550,533113216843,"PJU ** ***** *** **** ***",-6.74701170000000,108.58657620000000,"KAB. CIREBON",MUNDU,"MUNDU PESISIR"
691551,533113216772,"PJU *** ***** *** **",-6.75256209111110,108.58346051111000,"KAB. CIREBON",MUNDU,SUCI
691552,533113216835,"PJU ******",-6.75916570000000,108.57749220000000,"KAB. CIREBON",MUNDU,BANJARWANGUNAN
691553,533113216780,"PJU ******* ********",-6.78290000000000,108.58006000000000,"KAB. CIREBON",MUNDU,PENPEN
691554,533113216749,"PJU **** ** ***** *******",-6.77651892111110,108.60840971111000,"KAB. CIREBON",MUNDU,CITEMU
691555,533113216764,"PJU ****** ***** ******",-6.76912440000000,108.59461820000000,"KAB. CIREBON",MUNDU,LUWUNG
691556,533113427165,"PJU **** ****",-6.75916570000000,108.57749220000000,"KAB. CIREBON",MUNDU,SUCI
691557,533112767098,"PJU ***** **** *********",-6.69577220000000,108.55099680000000,"KAB. CIREBON","GUNUNG JATI",ADIDHARMA
691558,533112797020,"PJU ***************",-6.91526858500000,108.73461491500000,"KAB. CIREBON",CILEDUG,"JATISEENG KIDUL"
691559,533112841912,"PJU *****************",-6.76500675600000,108.57183870000000,"KAB. CIREBON",MUNDU,BANJARWANGUNAN
691560,533112841920,"PJU *****************",-6.76404933300000,108.57188647700000,"KAB. CIREBON",MUNDU,BANJARWANGUNAN
691561,533112760950,"PJU ******* ***** *****",-6.71893130000000,108.55039290000000,"KOTA CIREBON",KESAMBI,PEKIRINGAN
691562,533113912703,"PJU ******",-6.75126450000000,108.58606490000000,"KAB. CIREBON","GUNUNG JATI",KLAYAN
691563,533113913124,"PJU ****** *** *******",-6.74776820000000,108.59172990000000,"KAB. CIREBON",MUNDU,"MUNDU PESISIR"
691564,533113912699,"PJU ******",-6.66006330000000,108.53420330000000,"KAB. CIREBON","GUNUNG JATI",GROGOL
691565,533113912681,"PJU *********",-6.67716000000000,108.54084670000000,"KAB. CIREBON","GUNUNG JATI",JATIMERTA
691566,533113912673,"PJU ********",-6.71673950000000,108.53276350000000,"KAB. CIREBON",KEDAWUNG,KERTAWINANGUN
691567,533113908412,"PJU ****** *** *******",-6.54850720000000,108.51289640000000,"KAB. CIREBON",KEPETAKAN,"BUNGKO LOR"
691568,533113001033,"PJU ***** ******* *******",-6.76320700000000,108.52386940000000,"KAB. CIREBON",TALUN,SAMPIRAN
691569,533113012830,"PJU **** *",-6.73228140000000,108.53136610000000,"KOTA CIREBON",KESAMBI,SUNYARAGI
691570,533113012855,"PJU **** *",-6.73158311111000,108.53306131111000,"KOTA CIREBON",KESAMBI,SUNYARAGI
691571,533112932921,"LAM** ***** ******",-6.69996440000000,108.55328350000000,"KOTA CIREBON",KEJAKSAN,KESENDEN
691572,533113019071,"RAM** ** ****** **** ***",-6.72699550000000,108.55132550000000,"KOTA CIREBON",KESAMBI,KESAMBI
691574,533112970892,"PJU *** ******* *******",-6.75499214111110,108.57126021111000,"KAB. CIREBON",MUNDU,BANJARWANGUNAN
691575,533112970906,"PJU ** ******* *******",-6.75418852111110,108.57109111111000,"KAB. CIREBON",MUNDU,BANJARWANGUNAN
691576,533113253012,"PJU ********** *******",-6.74822200000000,108.55843500000000,"KOTA CIREBON",HARJAMUKTI,KECAPI
691577,533113573715,"PJU ****** ***********",-6.75742571111100,108.57487421111000,"KAB. CIREBON",MUNDU,BANJARWANGUNAN
691578,533111042783,"PJU ********* *******    ",-6.91526858500000,108.73461491500000,"KAB. CIREBON",CILEDUG,"JATISEENG KIDUL"
691579,533111047950,"PJU *******              ",-6.72863260100000,108.55392710000000,"KOTA CIREBON",KESAMBI,KESAMBI
691580,533113012806,"PJU **** *",-6.70493690000000,108.55751220000000,"KOTA CIREBON",KEJAKSAN,KESENDEN
691581,533113133990,"PJU ****** ****",-6.70973200000000,108.54212200000000,"KAB. CIREBON",KEDAWUNG,KEDUNGJAYA
691582,533111058703,"PJU **** ******* ** *****",-6.71780140000000,108.56925450000000,"KOTA CIREBON",LEMAHWUNGKUK,PANJUNAN
691583,533111058711,"PJU **** ******* ** *****",-6.71813800000000,108.57093090000000,"KOTA CIREBON",LEMAHWUNGKUK,LEMAHWUNGKUK
691584,533111058729,"PJU **** ******* ** *****",-6.71813800000000,108.57093090000000,"KOTA CIREBON",LEMAHWUNGKUK,LEMAHWUNGKUK
691585,533111058737,"PJU **** ******* ** *****",-6.71813800000000,108.57093090000000,"KOTA CIREBON",LEMAHWUNGKUK,LEMAHWUNGKUK
691586,533111058745,"PJU **** ******* ** *****",-6.71813800000000,108.57093090000000,"KOTA CIREBON",LEMAHWUNGKUK,LEMAHWUNGKUK
691587,533111058752,"PJU **** ******* ** *****",-6.71089971800000,108.56538253100000,"KOTA CIREBON",KEJAKSAN,KEJAKSAN
691588,533111058760,"PJU **** ******* ** *****",-6.69968691800000,108.55325570000000,"KOTA CIREBON",KEJAKSAN,KESENDEN
691589,533111058778,"PJU **** ******* ** *****",-6.70018599500000,108.55287392100000,"KOTA CIREBON",KEJAKSAN,KESENDEN
691590,533113569481,"PJU **** ******",-6.68146740000000,108.54342410000000,"KAB. CIREBON","GUNUNG JATI",KLAYAN
691591,533113702885,"PJU ****** ** ******",-6.70436160000000,108.55704120000000,"KOTA CIREBON",KEJAKSAN,KEBONBARU
691592,533111039989,"PJU ********* *******    ",-6.91526858500000,108.73461491500000,"KAB. CIREBON",CILEDUG,"JATISEENG KIDUL"
691593,533111039997,"PJU ********* *******    ",-6.91526858500000,108.73461491500000,,,
691594,533111040003,"PJU ********* *******    ",-6.91526858500000,108.73461491500000,"KAB. CIREBON",CILEDUG,"JATISEENG KIDUL"
691595,533111039971,"PJU ********* *******    ",-6.91526858500000,108.73461491500000,"KAB. CIREBON",CILEDUG,"JATISEENG KIDUL"
691596,533113253046,"PJU ************** ******",-6.74881800000000,108.55033200000000,"KOTA CIREBON",HARJAMUKTI,KALIJAGA
691597,533113213804,"DIS*** *** ******* *",-6.76541810000000,108.53308020000000,,,
691598,533113569465,"PJU **** *************",-6.71060790000000,108.53704090000000,"KAB. CIREBON",KEDAWUNG,KERTAWINANGUN
691599,533111058466,"PJU **** ******* ** *****",-6.73967600000000,108.58329530000000,"KOTA CIREBON",LEMAHWUNGKUK,PEGAMBIRAN
691600,533111058474,"PJU **** ******* ** *****",-6.73938620000000,108.57873420000000,"KOTA CIREBON",LEMAHWUNGKUK,PEGAMBIRAN
691601,533111058482,"PJU **** ******* ** *****",-6.73574820000000,108.58063900000000,"KOTA CIREBON",LEMAHWUNGKUK,PEGAMBIRAN
691602,533111058490,"PJU **** ******* ** *****",-6.74960452800000,108.55102510000000,"KOTA CIREBON",LEMAHWUNGKUK,KESEPUHAN
691603,533111058504,"PJU **** ******* ** *****",-6.73574820000000,108.58063900000000,"KOTA CIREBON",LEMAHWUNGKUK,PEGAMBIRAN
691604,533111058512,"PJU **** ******* ** *****",-6.73574820000000,108.58063900000000,"KOTA CIREBON",LEMAHWUNGKUK,PEGAMBIRAN
691605,533111058520,"PJU **** ******* ** *****",-6.73068040600000,108.57737902300000,"KOTA CIREBON",LEMAHWUNGKUK,PEGAMBIRAN
691606,533111058538,"PJU **** ******* ** *****",-6.73068040600000,108.57737902300000,"KOTA CIREBON",LEMAHWUNGKUK,PEGAMBIRAN
691607,533113017625,"RAM** ** ****** **** ***",-6.71180050000000,108.55245670000000,"KOTA CIREBON",KEJAKSAN,SUKAPURA
691608,533113017674,"RAM** ** ****** **** ***",-6.71045200000000,108.55800400000000,"KOTA CIREBON",LEMAHWUNGKUK,LEMAHWUNGKUK
691609,533112980883,"PJU ** ** *************",-6.72500990000000,108.56267790000000,"KOTA CIREBON",PEKALIPAN,PULASAREN
691610,533112970963,"PJU ***** ***** *******",-6.78187990000000,108.61774810000000,"KAB. CIREBON",ASTANAJAPURA,KANCI
691611,533112758147,"PJU ***** ***** *******",-6.68823270000000,108.54888620000000,"KAB. CIREBON","GUNUNG JATI",JADIMULYA
691612,533112150564,"PJU ************         ",-6.91526858500000,108.73461491500000,,,
691613,533113661552,"WAR*** **********",-6.64968472111110,108.53768771111000,"KAB. CIREBON","GUNUNG JATI",WANAKAYA
691615,533113617472,"PJU ****** *** ******* **",-6.76990330000000,108.55335000000000,"KAB. CIREBON",MUNDU,BANJARWANGUNAN
691616,533111058546,"PJU **** ******* ** *****",-6.73216869300000,108.57817610000000,"KOTA CIREBON",LEMAHWUNGKUK,PEGAMBIRAN
691617,533111058553,"PJU **** ******* ** *****",-6.73252790000000,108.57853940000000,"KOTA CIREBON",LEMAHWUNGKUK,PEGAMBIRAN
691618,533111043105,"PJU **********           ",-6.73654528111110,108.53089121111000,"KOTA CIREBON",KESAMBI,KARYAMULYA
691619,533111058561,"PJU **** ******* ** *****",-6.73215793100000,108.57823709700000,"KOTA CIREBON",LEMAHWUNGKUK,PEGAMBIRAN
691620,533111058579,"PJU **** ******* ** *****",-6.73218028800000,108.57814526100000,"KOTA CIREBON",LEMAHWUNGKUK,PEGAMBIRAN
691621,533111058587,"PJU **** ******* ** *****",-6.72876938700000,108.57629970000000,"KOTA CIREBON",LEMAHWUNGKUK,KESEPUHAN
691622,533111058595,"PJU **** ******* ** *****",-6.72881165200000,108.57630410000000,"KOTA CIREBON",LEMAHWUNGKUK,KESEPUHAN
691623,533111058608,"PJU **** ******* ** *****",-6.72892050000000,108.57456240000000,"KOTA CIREBON",LEMAHWUNGKUK,KESEPUHAN
691624,533111058616,"PJU **** ******* ** *****",-6.72609400000000,108.57444130000000,"KOTA CIREBON",LEMAHWUNGKUK,KESEPUHAN
691625,533113131211,"PJU ****** ****",-6.70554600000000,108.53763700000000,"KAB. CIREBON",KEDAWUNG,PILANGSARI
691626,533113133846,"PJU ****** ****",-6.71028600000000,108.54155300000000,"KAB. CIREBON",KEDAWUNG,KEDUNGJAYA
691627,533113134035,"PJU ************",-6.72015000000000,108.53872300000000,"KAB. CIREBON",KEDAWUNG,KERTAWINANGUN
691628,533111058624,"PJU **** ******* ** *****",-6.72618540000000,108.57509410000000,"KOTA CIREBON",LEMAHWUNGKUK,KESEPUHAN
691629,533111058632,"PJU **** ******* ** *****",-6.72692242800000,108.57544271000000,"KOTA CIREBON",LEMAHWUNGKUK,KESEPUHAN
691630,533111058640,"PJU **** ******* ** *****",-6.72708808600000,108.57530614300000,"KOTA CIREBON",LEMAHWUNGKUK,KESEPUHAN
691631,533111058657,"PJU **** ******* ** *****",-6.72609400000000,108.57444130000000,"KOTA CIREBON",LEMAHWUNGKUK,KESEPUHAN
691632,533111058665,"PJU **** ******* ** *****",-6.72052308600000,108.57207810000000,"KOTA CIREBON",LEMAHWUNGKUK,LEMAHWUNGKUK
691633,533111058673,"PJU **** ******* ** *****",-6.72051155800000,108.57207300000000,"KOTA CIREBON",LEMAHWUNGKUK,LEMAHWUNGKUK
691634,533111058681,"PJU **** ******* ** *****",-6.72399182500000,108.57388680000000,"KOTA CIREBON",LEMAHWUNGKUK,LEMAHWUNGKUK
691635,533111058699,"PJU **** ******* ** *****",-6.72043520000000,108.57049060000000,"KOTA CIREBON",LEMAHWUNGKUK,LEMAHWUNGKUK
691637,533113825784,"PJU **** *********",-6.68864230000000,108.53626780000000,"KAB. CIREBON","GUNUNG JATI",JADIMULYA
691638,533113817922,"PJU ******* ***",-6.61983120000000,108.51909090000000,"KAB. CIREBON",KEPETAKAN,"PEGAGAN LOR"
691639,533113817876,"PJU ********* *",-6.62112170000000,108.51801500000000,"KAB. CIREBON",KEPETAKAN,KAPETAKAN
691640,533112637899,"PJU ** ** ***** ********",-6.71539630000000,108.56064380000000,"KOTA CIREBON",PEKALIPAN,PEKALANGAN
691641,533112153504,"PJU ***** ***** *****    ",-6.72548950000000,108.53798970000000,"KAB. CIREBON",KEDAWUNG,TUK
691642,533112159021,"PJU ***** ** ************",-6.73942829600000,108.54000990000000,"KOTA CIREBON",KESAMBI,KARYAMULYA
691643,533113409257,"PJU *** **********",-6.66846720000000,108.53796820000000,"KAB. CIREBON","GUNUNG JATI",WANAKAYA
691644,533113409138,"PJU *** ********",-6.71601000000000,108.54853700000000,"KAB. CIREBON",KEDAWUNG,SUTAWINANGUN
691645,533112624740,"PJU ******** *****",-6.70705642300000,108.54921925600000,"KOTA CIREBON",KEJAKSAN,SUKAPURA
691646,533112624757,"PJU *******",-6.70598141111100,108.56628971111000,"KOTA CIREBON",KEJAKSAN,KEBONBARU
691647,533112624765,"PJU *** ********** *****",-6.69678290000000,108.55650530000000,"KOTA CIREBON",KEJAKSAN,KESENDEN
691648,533112624802,"PJU ****** ******",-6.70748281111110,108.56455161111000,"KOTA CIREBON",LEMAHWUNGKUK,PANJUNAN
691649,533112626537,"PJU *** ******",-6.70301438800000,108.55177018400000,"KOTA CIREBON",KEJAKSAN,SUKAPURA
691650,533112626545,"PJU **************** ****",-6.76288710000000,108.54283230000000,"KOTA CIREBON",HARJAMUKTI,ARGASUNYA
691651,533112628366,"PJU ** **",-6.73093952111110,108.56429711111000,"KOTA CIREBON",PEKALIPAN,JAGASATRU
691652,533112628374,"PJU ** ** **********",-6.72291459500000,108.55768397300000,"KOTA CIREBON",KESAMBI,KESAMBI
691653,533112628382,"PJU ** ********** ******",-6.71776932600000,108.56080548500000,"KOTA CIREBON",PEKALIPAN,PEKALANGAN
691654,533112628390,"PJU ******* *****",-6.73298000000000,108.56183690000000,"KOTA CIREBON",KESAMBI,DRAJAT
691655,533112628403,"PJU ** ** ***************",-6.72888823000000,108.56187710000000,"KOTA CIREBON",PEKALIPAN,PULASAREN
691656,533112628411,"PJU ** ** ******* * *** *",-6.73360250000000,108.53454210000000,"KOTA CIREBON",KESAMBI,SUNYARAGI
691657,533112628429,"PJU ** ********* *******",-6.72481780000000,108.56271630000000,"KOTA CIREBON",PEKALIPAN,PULASAREN
691658,533112628437,"PJU ** *******",-6.73036310000000,108.55503590000000,"KOTA CIREBON",KESAMBI,KESAMBI
691659,533112628445,"PJU **** *****",-6.74294780000000,108.53223950000000,"KOTA CIREBON",KESAMBI,KARYAMULYA
691660,533112637911,"PJU ** ** ****** ***",-6.72065494900000,108.56024180000000,"KOTA CIREBON",PEKALIPAN,PEKALANGAN
691661,533112637929,"PJU ** ** ********",-6.71981250000000,108.56357010000000,"KOTA CIREBON",PEKALIPAN,PEKALANGAN
691662,533112637937,"PJU ** ** ****** ********",-6.72143560000000,108.57187760000000,"KOTA CIREBON",HARJAMUKTI,ARGASUNYA
691663,533112637952,"PJU ** ** *********",-6.72702480000000,108.57482900000000,"KOTA CIREBON",LEMAHWUNGKUK,KESEPUHAN
691665,533112637986,"PJU ** ** ***** ***",-6.71837064000000,108.56303760000000,"KOTA CIREBON",PEKALIPAN,PEKALANGAN
691666,533113236086,"PJU ** ***** ********* *",-6.68927010000000,108.55280960000000,"KAB. CIREBON","GUNUNG JATI",ADIDHARMA
691669,533113899218,"PJU **** ************",-6.70674020000000,108.54654140000000,"KAB. CIREBON",KEDAWUNG,SUTAWINANGUN
691670,533113899200,"PJU ***** ******** ******",-6.76284660000000,108.55353010000000,"KOTA CIREBON",HARJAMUKTI,KALIJAGA
691671,533112641725,"TRA*** ***** ************",-6.74754611200000,108.53087257800000,"KOTA CIREBON",HARJAMUKTI,HARJAMUKTI
691672,533112742973,"DIS*** ***********",-6.70408260000000,108.54083940000000,"KAB. CIREBON",KEDAWUNG,KEDUNGJAYA
691673,533113089273,"PJU ******* *********",-6.73643720000000,108.55029900000000,"KOTA CIREBON",KESAMBI,DRAJAT
691674,533112641733,"TRA*** ***** ************",-6.74669950000000,108.52977530000000,"KOTA CIREBON",KESAMBI,KARYAMULYA
691675,533112641741,"TRA*** ***** ************",-6.75249638400000,108.56015390000000,"KOTA CIREBON",HARJAMUKTI,LARANGAN
691676,533113213925,"PJU ************ *",-6.71561100000000,108.54513800000000,"KAB. CIREBON",KEDAWUNG,SUTAWINANGUN
691677,533113213820,"PJU **** *** *",-6.72850652000000,108.52309750000000,"KAB. CIREBON",KEDAWUNG,TUK
691678,533113407246,"PJU ******* *******",-6.76182600000000,108.55115690000000,"KOTA CIREBON",HARJAMUKTI,KALIJAGA
691679,533113408098,"TRA**** ***** ********",-6.74969841111110,108.54097921111000,"KOTA CIREBON",HARJAMUKTI,HARJAMUKTI
691680,533113404767,"PJU **** *********",-6.55583158111110,108.52055131111000,"KAB. CIREBON",KEPETAKAN,BUNGKO
691681,533113408301,"TRA**** ***** ********",-6.73834170000000,108.56367010000000,"KOTA CIREBON",HARJAMUKTI,LARANGAN
691682,533112626984,"PJU ***** *********",-6.74856710700000,108.56603120000000,"KOTA CIREBON",HARJAMUKTI,LARANGAN
691683,533112626992,"PJU ***** ******** ******",-6.75797420000000,108.55718010000000,"KOTA CIREBON",HARJAMUKTI,KALIJAGA
691684,533112627003,"PJU ***** *****",-6.76369411111000,108.54835311111000,"KOTA CIREBON",HARJAMUKTI,KALIJAGA
691685,533112627011,"PJU ***** *****",-6.74441521111110,108.54164631111000,"KOTA CIREBON",HARJAMUKTI,HARJAMUKTI
691686,533112627029,"PJU *****",-6.74267454111110,108.54479931111000,"KOTA CIREBON",HARJAMUKTI,HARJAMUKTI
691687,533112625264,"PJU ****** *******",-6.78712940000000,108.54947030000000,"KOTA CIREBON",HARJAMUKTI,ARGASUNYA
691688,533112535033,"PJU ***** ***********    ",-6.72989580000000,108.54746850000000,"KOTA CIREBON",KESAMBI,SUNYARAGI
691689,533112535041,"PJU ***** ***********    ",-6.72643790000000,108.55042890000000,"KOTA CIREBON",KESAMBI,PEKIRINGAN
691690,533112535058,"PJU ***** ***********    ",-6.72463605500000,108.55030470000000,"KOTA CIREBON",KESAMBI,SUNYARAGI
691691,533112535066,"PJU ***** ***********    ",-6.72039412800000,108.55066360000000,"KOTA CIREBON",KESAMBI,PEKIRINGAN
691692,533112535074,"PJU ***** ***********    ",-6.73507453000000,108.54977910000000,"KOTA CIREBON",KESAMBI,DRAJAT
691693,533112535082,"PJU ***** ***********    ",-6.71414592600000,108.54940970000000,"KOTA CIREBON",KESAMBI,PEKIRINGAN
691694,533112535090,"PJU ***** ***********    ",-6.71711051800000,108.55057480000000,"KOTA CIREBON",KESAMBI,PEKIRINGAN
691695,533112628212,"PJU ** ** **********",-6.72447660000000,108.55552380000000,"KOTA CIREBON",KESAMBI,KESAMBI
691696,533112628220,"PJU ** ** ****** *****",-6.72379620000000,108.55946910000000,"KOTA CIREBON",KESAMBI,KESAMBI
691697,533112628238,"PJU ** ******* ****",-6.72985520000000,108.55691780000000,"KOTA CIREBON",KESAMBI,KESAMBI
691698,533112628246,"PJU ** **********",-6.72406310000000,108.55662830000000,"KOTA CIREBON",KESAMBI,PEKIRINGAN
691699,533112628253,"PJU ******* *** *********",-6.72707970000000,108.56636780000000,"KOTA CIREBON",PEKALIPAN,JAGASATRU
691700,533112628261,"PJU ** **** *************",-6.73046500000000,108.56060160000000,"KOTA CIREBON",PEKALIPAN,JAGASATRU
691701,533112589721,"PJU ***** ******",-6.69534601111110,108.54751931111000,"KAB. CIREBON","GUNUNG JATI",ADIDHARMA
691702,533112628279,"PJU ** *********",-6.73636860000000,108.54535970000000,"KOTA CIREBON",KESAMBI,SUNYARAGI
691703,533112628287,"PJU *** ********",-6.73613315111110,108.56177591111000,"KOTA CIREBON",KESAMBI,DRAJAT
691704,533112628295,"PJU ** ** *********",-6.72386906500000,108.55928140000000,"KOTA CIREBON",KESAMBI,KESAMBI
691705,533112628309,"PJU ** ****** ****",-6.71790110000000,108.56160100000000,"KOTA CIREBON",PEKALIPAN,PEKALANGAN
691706,533112628317,"PJU *** *********",-6.71756890000000,108.55971030000000,"KOTA CIREBON",PEKALIPAN,PEKALANGAN
691707,533112628325,"PJU ** ***** **** *******",-6.73408382000000,108.55681910000000,"KOTA CIREBON",KESAMBI,DRAJAT
691708,533112628333,"PJU ** ** ******** ******",-6.73427970000000,108.56344640000000,"KOTA CIREBON",KESAMBI,DRAJAT
691709,533112628341,"PJU ** ** *********",-6.73258630000000,108.56390530000000,"KOTA CIREBON",PEKALIPAN,JAGASATRU
691710,533112628358,"PJU ***** ****** ********",-6.72658440000000,108.56687690000000,"KOTA CIREBON",PEKALIPAN,PULASAREN
691711,533113190429,"PJU **** ***** *********",-6.75242310000000,108.57464390000000,"KAB. CIREBON",MUNDU,BANJARWANGUNAN
691712,533113407220,"PJU **** ******* *******",-6.72226220000000,108.56709570000000,"KOTA CIREBON",PEKALIPAN,PEKALIPAN
691713,533113409187,"PJU *** ********",-6.72119250000000,108.52657800000000,"KAB. CIREBON",KEDAWUNG,TUK
691714,533113409464,"PJU *** **********",-6.67494680000000,108.54321870000000,"KAB. CIREBON","GUNUNG JATI",WANAKAYA
691715,533113320099,"PJU ** ********",-6.66509111110000,108.54242611111000,"KAB. CIREBON","GUNUNG JATI",KALISAPU
691716,533113409345,"PJU *** **********",-6.65529100000000,108.50930300000000,"KAB. CIREBON","GUNUNG JATI",BUYUT
691717,533113418135,"PJU **** **********",-6.76158965111110,108.56602441111000,"KAB. CIREBON",MUNDU,PAMENGKANG
691718,533112624828,"PJU ********** *****",-6.71043188600000,108.55412900000000,"KOTA CIREBON",KEJAKSAN,SUKAPURA
691719,533112624844,"PJU *** ********",-6.70852907111110,108.55495881111000,"KOTA CIREBON",KEJAKSAN,SUKAPURA
691720,533112624869,"PJU ***********",-6.71036400000000,108.55200300000000,"KOTA CIREBON",KEJAKSAN,SUKAPURA
691721,533112624877,"PJU ** ** *********",-6.70054180000000,108.56120930000000,"KOTA CIREBON",KEJAKSAN,KESENDEN
691722,533112624885,"PJU ******* *************",-6.71127660000000,108.56319200000000,"KOTA CIREBON",KEJAKSAN,KEJAKSAN
691723,533112624907,"PJU ********** *****",-6.70677460000000,108.55271960000000,"KOTA CIREBON",KEJAKSAN,SUKAPURA
691724,533112628452,"PJU *** * ** **",-6.72278890000000,108.56196810000000,"KOTA CIREBON",PEKALIPAN,PEKALIPAN
691725,533112628460,"PJU ** ** **** *****",-6.74283400000000,108.53251950000000,"KOTA CIREBON",KESAMBI,KARYAMULYA
691726,533112628478,"PJU ** ** ** **",-6.72440040000000,108.56186690000000,"KOTA CIREBON",PEKALIPAN,PEKALIPAN
691727,533112628486,"PJU *** ***** ***",-6.71568680000000,108.56141110000000,"KOTA CIREBON",PEKALIPAN,PEKALANGAN
691728,533112628494,"PJU ** ** ********",-6.72975380000000,108.56245690000000,"KOTA CIREBON",PEKALIPAN,PULASAREN
691729,533112628508,"PJU ** ** *********",-6.73169230000000,108.56382050000000,"KOTA CIREBON",PEKALIPAN,JAGASATRU
691730,533112628524,"PJU ** ** ******* * *** *",-6.73277797111110,108.53295311111000,"KOTA CIREBON",KESAMBI,SUNYARAGI
691731,533112628532,"PJU ******* ***",-6.74057190000000,108.53189200000000,"KOTA CIREBON",KESAMBI,KARYAMULYA
691732,533113427173,"PJU **** ************",-6.77644400000000,108.58546300000000,"KAB. CIREBON",MUNDU,"MUNDU MESIGIT"
691733,533112139758,"PJU ***** *** *********  ",-6.91526858500000,108.73461491500000,"KOTA CIREBON",HARJAMUKTI,KALIJAGA
691734,533711197297,"PJU ****** *** *** * ****",-6.87776720000000,108.49625690000000,"KAB. CIREBON",BEBER,BEBER
691735,533112015164,"PJU ***** *******        ",-6.73786083500000,108.55022770000000,"KOTA CIREBON",KESAMBI,DRAJAT
691736,533112015172,"PJU ***** *******        ",-6.73790958100000,108.55023103600000,"KOTA CIREBON",KESAMBI,DRAJAT
691737,533112015180,"PJU ***** *******        ",-6.72771850000000,108.55580980000000,"KOTA CIREBON",KESAMBI,KESAMBI
691738,533112015198,"PJU ***** *******        ",-6.74438166700000,108.58528666700000,"KOTA CIREBON",LEMAHWUNGKUK,PEGAMBIRAN
691739,533112102834,"POS ****** **** * ***    ",-6.70557996000000,108.53902250000000,"KAB. CIREBON",KEDAWUNG,KEDUNGJAYA
691740,533112111794,"PJU ********* *******    ",-6.91526858500000,108.73461491500000,"KAB. CIREBON",CILEDUG,"JATISEENG KIDUL"
691741,533112125074,"PJU *** ****             ",-6.72142040000000,108.57187620000000,"KOTA CIREBON",HARJAMUKTI,KALIJAGA
691742,533112125082,"PJU *** ****             ",-6.75839568111110,108.54307221111000,"KOTA CIREBON",HARJAMUKTI,KALIJAGA
691743,533112125090,"PJU *** ****             ",-6.74391857111110,108.54276451111000,"KOTA CIREBON",HARJAMUKTI,HARJAMUKTI
691744,533112125104,"PJU *** ****             ",-6.74367645111110,108.54222511111000,"KOTA CIREBON",HARJAMUKTI,HARJAMUKTI
691745,533112015201,"PJU ***** *******        ",-6.73194015000000,108.55515030000000,"KOTA CIREBON",KESAMBI,KESAMBI
691747,533112015227,"PJU ***** *******        ",-6.73193191200000,108.55515100000000,"KOTA CIREBON",KESAMBI,KESAMBI
691748,533112040852,"PJU *********            ",-6.91526858500000,108.73461491500000,"KAB. CIREBON",CILEDUG,"JATISEENG KIDUL"
691749,533112040860,"PJU ******* *****        ",-6.91526858500000,108.73461491500000,"KAB. CIREBON",CILEDUG,"JATISEENG KIDUL"
691750,533112040878,"PJU ******* *****        ",-6.91526858500000,108.73461491500000,"KAB. CIREBON",CILEDUG,"JATISEENG KIDUL"
691751,533112042521,"PJU ********* *******    ",-6.91526858500000,108.73461491500000,"KAB. CIREBON",CILEDUG,"JATISEENG KIDUL"
691752,533112042539,"PJU ********* *******    ",-6.91526858500000,108.73461491500000,"KAB. CIREBON",CILEDUG,"JATISEENG KIDUL"
691753,533112042547,"PJU ********* *******    ",-6.91526858500000,108.73461491500000,"KAB. CIREBON",CILEDUG,"JATISEENG KIDUL"
691754,533112042554,"PJU ********* *******    ",-6.91526858500000,108.73461491500000,"KAB. CIREBON",CILEDUG,"JATISEENG KIDUL"
691755,533112042562,"PJU ********* *******    ",-6.91526858500000,108.73461491500000,"KAB. CIREBON",CILEDUG,"JATISEENG KIDUL"
691756,533112042570,"PJU ********* *******    ",-6.91526858500000,108.73461491500000,"KAB. CIREBON",CILEDUG,"JATISEENG KIDUL"
691757,533112060279,"PJU ********* ********** ",-6.91526858500000,108.73461491500000,"KAB. CIREBON",CILEDUG,"JATISEENG KIDUL"
691758,533112104671,"PJU ******* *******      ",-6.69950720000000,108.55263060000000,"KOTA CIREBON",KEJAKSAN,KESENDEN
691759,533112102875,"IST*** ****** ***** ***  ",-6.74277125800000,108.56881981400000,"KOTA CIREBON",HARJAMUKTI,LARANGAN
691760,533112111902,"PJU ******* ***          ",-6.91526858500000,108.73461491500000,"KAB. CIREBON",CILEDUG,"JATISEENG KIDUL"
691761,533112111910,"PJU ******* *****        ",-6.91526858500000,108.73461491500000,"KAB. CIREBON",CILEDUG,"JATISEENG KIDUL"
691762,533112111928,"PJU ****** ***           ",-6.91526858500000,108.73461491500000,"KAB. CIREBON",CILEDUG,"JATISEENG KIDUL"
691763,533112111936,"PJU ****** *****         ",-6.91526858500000,108.73461491500000,"KAB. CIREBON",CILEDUG,"JATISEENG KIDUL"
691764,533112111944,"PJU ****** ******        ",-6.91526858500000,108.73461491500000,"KAB. CIREBON",CILEDUG,"JATISEENG KIDUL"
691765,533112111951,"PJU *****                ",-6.91526858500000,108.73461491500000,"KAB. CIREBON",CILEDUG,"JATISEENG KIDUL"
691766,533112111969,"PJU *********            ",-6.91526858500000,108.73461491500000,"KAB. CIREBON",CILEDUG,"JATISEENG KIDUL"
691767,533112111977,"PJU ****** ****          ",-6.91526858500000,108.73461491500000,"KAB. CIREBON",CILEDUG,"JATISEENG KIDUL"
691768,533112111985,"PJU *******              ",-6.91526858500000,108.73461491500000,"KAB. CIREBON",CILEDUG,"JATISEENG KIDUL"
691769,533112726759,"PJU ** *********",-6.91526858500000,108.73461491500000,"KAB. CIREBON",CILEDUG,"JATISEENG KIDUL"
691770,533112726767,"PJU *********",-6.91526858500000,108.73461491500000,"KAB. CIREBON",CILEDUG,"JATISEENG KIDUL"
691771,533112726775,"PJU *********",-6.91526858500000,108.73461491500000,"KAB. CIREBON",CILEDUG,"JATISEENG KIDUL"
691772,533112726688,"PJU *************",-6.91526858500000,108.73461491500000,"KAB. CIREBON",CILEDUG,"JATISEENG KIDUL"
691773,533112726696,"PJU *** **********",-6.91526858500000,108.73461491500000,"KAB. CIREBON",CILEDUG,"JATISEENG KIDUL"
691774,533112726700,"PJU ********** ***",-6.91526858500000,108.73461491500000,"KAB. CIREBON",CILEDUG,"JATISEENG KIDUL"
691775,533112726718,"PJU ********** ***",-6.91526858500000,108.73461491500000,"KAB. CIREBON",CILEDUG,"JATISEENG KIDUL"
691776,533112726726,"PJU ********",-6.91526858500000,108.73461491500000,"KAB. CIREBON",CILEDUG,"JATISEENG KIDUL"
691777,533112726734,"PJU *********",-6.91526858500000,108.73461491500000,"KAB. CIREBON",CILEDUG,"JATISEENG KIDUL"
691778,533112726742,"PJU ** *********",-6.91526858500000,108.73461491500000,"KAB. CIREBON",CILEDUG,"JATISEENG KIDUL"
691779,533112726783,"PJU *** ******",-6.91526858500000,108.73461491500000,"KAB. CIREBON",CILEDUG,"JATISEENG KIDUL"
691780,533112726791,"PJU *************",-6.91526858500000,108.73461491500000,"KAB. CIREBON",CILEDUG,"JATISEENG KIDUL"
691781,533112726804,"PJU *************",-6.91526858500000,108.73461491500000,"KAB. CIREBON",CILEDUG,"JATISEENG KIDUL"
691782,533112726812,"PJU *************",-6.91526858500000,108.73461491500000,"KAB. CIREBON",CILEDUG,"JATISEENG KIDUL"
691783,533112726820,"PJU *********",-6.91526858500000,108.73461491500000,"KAB. CIREBON",CILEDUG,"JATISEENG KIDUL"
691784,533112726838,"PJU ************",-6.91526858500000,108.73461491500000,"KAB. CIREBON",CILEDUG,"JATISEENG KIDUL"
691785,533113617449,"PJU ****** *** ******* **",-6.76990330000000,108.55335830000000,"KAB. CIREBON",MUNDU,WARUDUWUR
691786,533113409146,"PJU *** ************",-6.63237311111000,108.52789911111000,"KAB. CIREBON",SURANENGGALA,KARANGREJA
691787,533113407801,"TRA**** ***** ***********",-6.74007630000000,108.55269430000000,"KOTA CIREBON",KESAMBI,KESAMBI
691788,533113877776,"ANA***** **** *** *****",-6.78620782833920,108.63274175674000,"KAB. CIREBON",ASTANAJAPURA,KANCI
691789,533113902625,"PJU * ***** ************",-6.62378340000000,108.50072360000000,"KAB. CIREBON",SURANENGGALA,"SURANENGGALA LOR"
691790,533113903564,"PJU ****** *** *******",-6.79354080000000,108.56557190000000,"KAB. CIREBON",MUNDU,SINARANCANG
691791,533112011618,"PJU ******** ***** *     ",-6.73855296700000,108.55476940000000,"KOTA CIREBON",HARJAMUKTI,KECAPI
691793,533112013559,"PJU ***** *******        ",-6.71916642100000,108.55287550000000,"KOTA CIREBON",KESAMBI,PEKIRINGAN
691795,533112015348,"PJU ***** *******        ",-6.70852560000000,108.55858690000000,"KOTA CIREBON",KEJAKSAN,KEBONBARU
691796,533112726605,"PJU ************",-6.91526858500000,108.73461491500000,"KAB. CIREBON",CILEDUG,"JATISEENG KIDUL"
691797,533112726613,"PJU **********",-6.91526858500000,108.73461491500000,"KAB. CIREBON",CILEDUG,"JATISEENG KIDUL"
691798,533112726621,"PJU *********",-6.91526858500000,108.73461491500000,"KAB. CIREBON",CILEDUG,"JATISEENG KIDUL"
691799,533112726639,"PJU ********",-6.91526858500000,108.73461491500000,"KAB. CIREBON",CILEDUG,"JATISEENG KIDUL"
691800,533112726647,"PJU ********",-6.91526858500000,108.73461491500000,"KAB. CIREBON",CILEDUG,"JATISEENG KIDUL"
691801,533112726654,"PJU *********",-6.91526858500000,108.73461491500000,"KAB. CIREBON",CILEDUG,"JATISEENG KIDUL"
691802,533112726662,"PJU *** ****",-6.91526858500000,108.73461491500000,"KAB. CIREBON",CILEDUG,"JATISEENG KIDUL"
691803,533112726670,"PJU **********",-6.91526858500000,108.73461491500000,"KAB. CIREBON",CILEDUG,"JATISEENG KIDUL"
691804,533112624915,"PJU ** ****** ********",-6.69678290000000,108.55650530000000,"KOTA CIREBON",KEJAKSAN,KESENDEN
691805,533112624972,"PJU ************",-6.71384600000000,108.55498330000000,"KOTA CIREBON",LEMAHWUNGKUK,LEMAHWUNGKUK
691806,533112624980,"PJU *** ********",-6.70292983111110,108.55301311111000,"KOTA CIREBON",KEJAKSAN,SUKAPURA
691807,533112625008,"PJU ************",-6.71204970000000,108.55822600000000,"KOTA CIREBON",KEJAKSAN,KEJAKSAN
691808,533112626777,"PJU ********",-6.72550100000000,108.53393950000000,"KAB. CIREBON",KEDAWUNG,TUK
691809,533112626785,"PJU ********* * ***",-6.74937730000000,108.56181710000000,"KOTA CIREBON",HARJAMUKTI,LARANGAN
691810,533112626793,"PJU ******",-6.77187411111000,108.53759111110000,"KOTA CIREBON",HARJAMUKTI,ARGASUNYA
691811,533112626806,"PJU ***** ****",-6.77421420000000,108.55280960000000,"KOTA CIREBON",HARJAMUKTI,ARGASUNYA
691812,533112626814,"PJU ***** *****",-6.73872486111110,108.55835581111000,"KOTA CIREBON",HARJAMUKTI,KECAPI
691813,533112626822,"PJU ****** *******",-6.76575388600000,108.53915560000000,"KOTA CIREBON",HARJAMUKTI,LARANGAN
691814,533112626830,"PJU *** ******",-6.75922091111110,108.54686471111000,"KOTA CIREBON",HARJAMUKTI,KALIJAGA
691815,533112626848,"PJU ******** *****",-6.74678215111110,108.56634471111000,"KOTA CIREBON",HARJAMUKTI,LARANGAN
691816,533112628540,"PJU ** ** *********",-6.72904252300000,108.56579714400000,"KOTA CIREBON",PEKALIPAN,JAGASATRU
691817,533112628557,"PJU ** ** ********* *****",-6.72609630000000,108.56244280000000,"KOTA CIREBON",PEKALIPAN,PULASAREN
691818,533112628565,"PJU ** ** ***** ****",-6.73669210000000,108.54598230000000,"KOTA CIREBON",KESAMBI,SUNYARAGI
691819,533112513367,"PJU **** *** ******      ",-6.69386468700000,108.55033130000000,"KAB. CIREBON","GUNUNG JATI",ADIDHARMA
691820,533112541257,"PJU ********** **        ",-6.70573227500000,108.56027790000000,"KOTA CIREBON",LEMAHWUNGKUK,PANJUNAN
691821,533112625065,"PJU *** ***** *****",-6.70852560000000,108.55858690000000,"KOTA CIREBON",KEJAKSAN,KEBONBARU
691822,533112626855,"PJU ****** *****",-6.73743034111110,108.56458081111000,"KOTA CIREBON",HARJAMUKTI,LARANGAN
691823,533112626897,"PJU ******** *****",-6.74333534800000,108.56145347300000,"KOTA CIREBON",HARJAMUKTI,KECAPI
691824,533112323346,"PJU ********* *******    ",-6.91526858500000,108.73461491500000,"KAB. CIREBON",CILEDUG,"JATISEENG KIDUL"
691825,533113620189,"PJU ****** *",-6.75109430000000,108.54601690000000,"KAB. CIREBON",TALUN,SAMPIRAN
691826,533113409394,"PJU *** **********",-6.65952490000000,108.50706250000000,"KAB. CIREBON","GUNUNG JATI",BUYUT
691827,533113316380,"PJU ***** ****",-6.71301900000000,108.56075700000000,"KOTA CIREBON",KEJAKSAN,KEJAKSAN
691828,533113714170,"PJU ****** *** *******",-6.75543780000000,108.59277520000000,"KAB. CIREBON",MUNDU,"MUNDU PESISIR"
691829,533113846743,"PJU **** *******",-6.75111220000000,108.54602650000000,"KAB. CIREBON",TALUN,CIPERNA
691830,533113876150,"JAY* ***** ********",-6.73992440344560,108.52504704148000,"KOTA CIREBON",KESAMBI,KARYAMULYA
691831,533112452589,"PJU **** *******         ",-6.74832397900000,108.53687147400000,"KOTA CIREBON",HARJAMUKTI,HARJAMUKTI
691832,533112452597,"PJU **** *******         ",-6.75215737111110,108.54014111110000,"KOTA CIREBON",HARJAMUKTI,KALIJAGA
691833,533112452600,"PJU **** *******         ",-6.74619746111110,108.53744371111000,"KOTA CIREBON",HARJAMUKTI,KECAPI
691834,533112452618,"PJU **** *******         ",-6.75377654500000,108.55822836800000,"KOTA CIREBON",HARJAMUKTI,KECAPI
691835,533112455919,"PJU ***** ***********    ",-6.91526858500000,108.73461491500000,"KAB. CIREBON",CILEDUG,"JATISEENG KIDUL"
691836,533112455927,"PJU ***** ***********    ",-6.91526858500000,108.73461491500000,"KAB. CIREBON",CILEDUG,"JATISEENG KIDUL"
691837,533112455935,"PJU ***** ***********    ",-6.91526858500000,108.73461491500000,"KAB. CIREBON",CILEDUG,"JATISEENG KIDUL"
691838,533112455943,"PJU ***** ***********    ",-6.91526858500000,108.73461491500000,"KAB. CIREBON",CILEDUG,"JATISEENG KIDUL"
691839,533112455950,"PJU ***** ***********    ",-6.91526858500000,108.73461491500000,"KAB. CIREBON",CILEDUG,"JATISEENG KIDUL"
691840,533112455968,"PJU ***** ***********    ",-6.91526858500000,108.73461491500000,"KAB. CIREBON",CILEDUG,"JATISEENG KIDUL"
691841,533113320302,"PJU ** ********** *",-6.71741450000000,108.52655400000000,"KAB. CIREBON",KEDAWUNG,KEDUNGJAYA
691842,533113320264,"PJU ** ************ *",-6.71513950000000,108.54237810000000,"KAB. CIREBON",KEDAWUNG,SUTAWINANGUN
691843,533112322925,"PJU *** ***********      ",-6.91526858500000,108.73461491500000,"KOTA CIREBON",KEJAKSAN,SUKAPURA
691844,533112322941,"PJU *** ********  ***    ",-6.72131090000000,108.57199530000000,"KOTA CIREBON",HARJAMUKTI,HARJAMUKTI
691845,533112322966,"PJU *** ********  ***    ",-6.91526858500000,108.73461491500000,"KOTA CIREBON",HARJAMUKTI,KALIJAGA
691846,533112323943,"PJU ***** ***********    ",-6.91526858500000,108.73461491500000,"KAB. CIREBON",CILEDUG,"JATISEENG KIDUL"
691847,533112323950,"PJU ***** ***********    ",-6.78125571900000,108.52103060000000,"KAB. CIREBON",BEBER,PATAPAN
691848,533113720273,"PJU **** ****** *** *****",-6.62016170000000,108.51890330000000,"KAB. CIREBON","GUNUNG JATI",GROGOL
691849,533113720299,"PJU **** ******* *****",-6.59778360000000,108.51547980000000,"KAB. CIREBON",KEPETAKAN,"PEGAGAN KIDUL"
691850,533112322256,"IST*** ****** ***** ***  ",-6.74292060000000,108.57120610000000,"KOTA CIREBON",HARJAMUKTI,LARANGAN
691851,533112326965,"PJU ***** ******* *******",-6.75603725111110,108.57184461111000,"KAB. CIREBON",MUNDU,PAMENGKANG
691855,533112389264,"PJU ***** ****** ******* ",-6.73458644111110,108.54284361111000,"KOTA CIREBON",KESAMBI,SUNYARAGI
691854,533112344267,"PJU **** *********",-6.91526858500000,108.73461491500000,"KAB. INDRAMAYU",,
691853,533112344259,"PJU **** *********",-6.91526858500000,108.73461491500000,"KAB. INDRAMAYU",,
691852,533112344242,"PJU **** *********",-6.91526858500000,108.73461491500000,"KAB. INDRAMAYU",,
691867,533112347759,"PJU ****** *********     ",-6.91526858500000,108.73461491500000,"KAB. CIREBON",CILEDUG,"JATISEENG KIDUL"
691868,533112347767,"PJU ****** ***           ",-6.91526858500000,108.73461491500000,"KAB. CIREBON",CILEDUG,"JATISEENG KIDUL"
691869,533112347775,"PJU ****** ***           ",-6.91526858500000,108.73461491500000,"KAB. CIREBON",CILEDUG,"JATISEENG KIDUL"
691870,533112347783,"PJU ****** ***           ",-6.91526858500000,108.73461491500000,"KAB. CIREBON",CILEDUG,"JATISEENG KIDUL"
691871,533112347804,"PJU ***** ***********    ",-6.91526858500000,108.73461491500000,"KAB. CIREBON",CILEDUG,"JATISEENG KIDUL"
691872,533112349459,"PJU ***** ***********    ",-6.71340440000000,108.54653240000000,"KAB. CIREBON",KEDAWUNG,SUTAWINANGUN
691873,533112349467,"PJU ***** ***********    ",-6.71340440000000,108.54653240000000,"KAB. CIREBON",KEDAWUNG,SUTAWINANGUN
691874,533112349475,"PJU ***** ***********    ",-6.71444610000000,108.53118250000000,"KAB. CIREBON",KEDAWUNG,KEDAWUNG
691875,533112349483,"PJU ***** ***********    ",-6.71125067000000,108.54310080000000,"KAB. CIREBON",KEDAWUNG,SUTAWINANGUN
691876,533112389272,"PJU ***** ****** ******* ",-6.73314530000000,108.54322150000000,"KOTA CIREBON",KESAMBI,SUNYARAGI
691877,533112389302,"PJU ***** ***********    ",-6.75106160000000,108.58917380000000,"KAB. CIREBON",MUNDU,"MUNDU PESISIR"
691878,533112400961,"PJU ********** ********  ",-6.72551320000000,108.53798110000000,"KAB. CIREBON",KEDAWUNG,TUK
691879,533112401006,"PJU **** *******         ",-6.71694490000000,108.55409710000000,"KOTA CIREBON",KEJAKSAN,KEJAKSAN
691880,533112347853,"PJU ***** ***********    ",-6.91526858500000,108.73461491500000,"KAB. CIREBON",CILEDUG,"JATISEENG KIDUL"
691881,533112347861,"PJU ***** ***********    ",-6.91526858500000,108.73461491500000,"KAB. CIREBON",CILEDUG,"JATISEENG KIDUL"
691882,533112347879,"PJU ***** ***********    ",-6.91526858500000,108.73461491500000,"KAB. CIREBON",CILEDUG,"JATISEENG KIDUL"
691883,533112347887,"PJU ***** ***********    ",-6.91526858500000,108.73461491500000,"KAB. CIREBON",CILEDUG,"JATISEENG KIDUL"
691884,533112347895,"PJU ***** ***********    ",-6.91526858500000,108.73461491500000,"KAB. CIREBON",CILEDUG,"JATISEENG KIDUL"
691898,533112347812,"PJU ***** ***********    ",-6.91526858500000,108.73461491500000,"KAB. CIREBON",CILEDUG,"JATISEENG KIDUL"
691899,533112347820,"PJU ***** ***********    ",-6.91526858500000,108.73461491500000,"KAB. CIREBON",CILEDUG,"JATISEENG KIDUL"
691900,533112347838,"PJU ***** ***********    ",-6.91526858500000,108.73461491500000,"KAB. CIREBON",CILEDUG,"JATISEENG KIDUL"
691901,533112347846,"PJU ***** ***********    ",-6.91526858500000,108.73461491500000,"KAB. CIREBON",CILEDUG,"JATISEENG KIDUL"
691903,533113409224,"PJU *** ********",-6.72054490000000,108.53321760000000,"KAB. CIREBON",KEDAWUNG,KERTAWINANGUN
691904,533113409378,"PJU *** ********",-6.72877100000000,108.52592800000000,"KAB. CIREBON",KEDAWUNG,KALIKOA
691905,533113409449,"PJU *** ********",-6.71155600000000,108.54872400000000,"KAB. CIREBON",KEDAWUNG,SUTAWINANGUN
691906,533113404775,"PJU **** *********",-6.57050600000000,108.50533300000000,"KAB. CIREBON",KEPETAKAN,GROGOL
691908,533113213933,"PJU ******* *",-6.65275720000000,108.51377610000000,"KAB. CIREBON","GUNUNG JATI",BABADAN
691909,533112398930,"PJU ***** ****** ******* ",-6.73314530000000,108.54322150000000,"KOTA CIREBON",KESAMBI,SUNYARAGI
691910,533112398971,"PJU ***** *************  ",-6.75594448111110,108.53785231111000,"KOTA CIREBON",HARJAMUKTI,KALIJAGA
691911,533112398989,"PJU ***** ********       ",-6.73939260000000,108.57975830000000,"KOTA CIREBON",LEMAHWUNGKUK,PEGAMBIRAN
691912,533112398997,"PJU ***** ******         ",-6.69833200500000,108.55430955200000,"KOTA CIREBON",KEJAKSAN,KESENDEN
691913,533112402351,"PJU ****** ** **** ****  ",-6.72128181200000,108.54769950000000,"KOTA CIREBON",KESAMBI,PEKIRINGAN
691914,533112322207,"PT ******* *******       ",-6.73166867111110,108.53902021111000,"KOTA CIREBON",KESAMBI,SUNYARAGI
691915,533112323968,"PJU ***** ***********    ",-6.91526858500000,108.73461491500000,"KAB. CIREBON",CILEDUG,"JATISEENG KIDUL"
691916,533112323976,"PJU ***** ***********    ",-6.91526858500000,108.73461491500000,"KAB. CIREBON",CILEDUG,"JATISEENG KIDUL"
691917,533112323984,"PJU ***** ***********    ",-6.91526858500000,108.73461491500000,"KAB. CIREBON",CILEDUG,"JATISEENG KIDUL"
691918,533112323992,"PJU ***** ***********    ",-6.91526858500000,108.73461491500000,"KAB. CIREBON",CILEDUG,"JATISEENG KIDUL"
691919,533112329706,"PJU **********           ",-6.91526858500000,108.73461491500000,"KAB. CIREBON",CILEDUG,"JATISEENG KIDUL"
691920,533112329714,"PJU *****************    ",-6.91526858500000,108.73461491500000,"KAB. CIREBON",CILEDUG,"JATISEENG KIDUL"
691921,533112011912,"PJU ********* ******     ",-6.69666273400000,108.55774120000000,"KOTA CIREBON",KEJAKSAN,KESENDEN
691922,533112013661,"PJU ***** *******        ",-6.74029738200000,108.56276000000000,"KOTA CIREBON",HARJAMUKTI,KECAPI
691923,533112013679,"PJU ***** *******        ",-6.74034732300000,108.56280500000000,"KOTA CIREBON",HARJAMUKTI,KECAPI
691924,533112013687,"PJU ***** *******        ",-6.71781038800000,108.55844422400000,"KOTA CIREBON",PEKALIPAN,PEKALANGAN
691925,533112013695,"PJU ***** *******        ",-6.71371315700000,108.55866730000000,"KOTA CIREBON",PEKALIPAN,PEKALANGAN
691926,533112013709,"PJU ***** *******        ",-6.71608884800000,108.56068120000000,"KOTA CIREBON",PEKALIPAN,PEKALANGAN
691927,533112013717,"PJU ***** *******        ",-6.72141830000000,108.57186520000000,"KOTA CIREBON",KESAMBI,DRAJAT
691928,533112013725,"PJU ***** *******        ",-6.74620921900000,108.55989829400000,"KOTA CIREBON",HARJAMUKTI,KECAPI
691929,533112110422,"PJU ********* *******    ",-6.91526858500000,108.73461491500000,"KAB. CIREBON",CILEDUG,"JATISEENG KIDUL"
691930,533112110455,"PJU ********* *******    ",-6.91526858500000,108.73461491500000,"KAB. CIREBON",CILEDUG,"JATISEENG KIDUL"
691931,533112110489,"PJU ********* *******    ",-6.91526858500000,108.73461491500000,"KAB. CIREBON",CILEDUG,"JATISEENG KIDUL"
691932,533112121984,"PJU **** ******          ",-6.91526858500000,108.73461491500000,"KAB. CIREBON",CILEDUG,"JATISEENG KIDUL"
691933,533112121992,"PJU ** *** *****         ",-6.91526858500000,108.73461491500000,"KAB. CIREBON",CILEDUG,"JATISEENG KIDUL"
691934,533112123789,"PJU **** *******         ",-6.91526858500000,108.73461491500000,"KAB. CIREBON",CILEDUG,"JATISEENG KIDUL"
691937,533112011920,"PJU ********* ******     ",-6.69895237700000,108.55428230000000,"KOTA CIREBON",KEJAKSAN,KESENDEN
691938,533112011938,"PJU ********* ******     ",-6.69959289400000,108.55348970000000,"KOTA CIREBON",KEJAKSAN,KESENDEN
691939,533112011946,"PJU ********* ******     ",-6.71292630000000,108.55418280000000,"KOTA CIREBON",LEMAHWUNGKUK,LEMAHWUNGKUK
691940,533112011953,"PJU ********* ******     ",-6.71199993900000,108.54932303800000,"KOTA CIREBON",KESAMBI,PEKIRINGAN
691941,533112011961,"PJU ********* ******     ",-6.72903830000000,108.54732640000000,"KOTA CIREBON",KESAMBI,SUNYARAGI
691942,533112011979,"PJU ********* ******     ",-6.72916240000000,108.54638980000000,"KOTA CIREBON",KESAMBI,SUNYARAGI
691943,533112011987,"PJU ********* ******     ",-6.72925250000000,108.54656270000000,"KOTA CIREBON",KESAMBI,SUNYARAGI
691944,533112012884,"PJU ***** *******        ",-6.72142620000000,108.57185720000000,"KOTA CIREBON",KEJAKSAN,KESENDEN
691945,533112012892,"PJU ***** *******        ",-6.70074888200000,108.56035360000000,"KOTA CIREBON",KEJAKSAN,KESENDEN
691946,533112012906,"PJU ***** *******        ",-6.70126540400000,108.55455520000000,"KOTA CIREBON",KEJAKSAN,SUKAPURA
691947,533112012914,"PJU ***** *******        ",-6.71160410000000,108.56216480000000,"KOTA CIREBON",KEJAKSAN,KEJAKSAN
691948,533112012922,"PJU ***** *******        ",-6.71160410000000,108.56216480000000,"KOTA CIREBON",KEJAKSAN,KEJAKSAN
691949,533112012930,"PJU ***** *******        ",-6.70392570100000,108.56042310000000,"KOTA CIREBON",KEJAKSAN,KEBONBARU
691951,533112064118,"DIN * *** *              ",-6.73859421300000,108.55438588100000,"KOTA CIREBON",HARJAMUKTI,KECAPI
691952,533112064126,"DIN * *** *              ",-6.74730076600000,108.53537667100000,"KOTA CIREBON",HARJAMUKTI,HARJAMUKTI
691953,533112064134,"DIN * *** *              ",-6.73993133000000,108.55055510000000,"KOTA CIREBON",HARJAMUKTI,HARJAMUKTI
691954,533112134247,"PJU ** ***** * **        ",-6.91526858500000,108.73461491500000,"KAB. CIREBON",CILEDUG,"JATISEENG KIDUL"
691955,533112110501,"PJU ********* *******    ",-6.91526858500000,108.73461491500000,"KAB. CIREBON",CILEDUG,"JATISEENG KIDUL"
691956,533112123891,"PJU *** *******          ",-6.91526858500000,108.73461491500000,"KAB. CIREBON",CILEDUG,"JATISEENG KIDUL"
691961,533113408080,"TRA**** ***** ****** ****",-6.73694000000000,108.55014000000000,"KOTA CIREBON",KESAMBI,DRAJAT
691962,533113319806,"PJU ** *********",-6.61380063111110,108.52019731111000,"KAB. CIREBON",KEPETAKAN,KERTASURA
691963,533113320393,"PJU ** ************ *",-6.60932861111110,108.51844351111000,"KAB. CIREBON",SURANENGGALA,SURANENGGALA
691964,533113400982,"PJU ** * **** **********",-6.71922590000000,108.55315720000000,"KOTA CIREBON",KESAMBI,PEKIRINGAN
691965,533112323744,"PJU **** *******         ",-6.91526858500000,108.73461491500000,"KAB. CIREBON",CILEDUG,"JATISEENG KIDUL"
691978,533112335771,"PJU ***** ***********    ",-6.70992854400000,108.53220980000000,"KAB. CIREBON",KEDAWUNG,KERTAWINANGUN
691991,533113122350,"PJU ***** *******",-6.75166600000000,108.54556600000000,"KAB. CIREBON",MUNDU,PAMENGKANG
691992,533113131755,"PJU ****** ****",-6.71839100000000,108.52387200000000,"KAB. CIREBON",KEDAWUNG,KEDUNGJAYA
691993,533312996279,"PJU ** ******** *",-6.74890170000000,108.53017670000000,"KOTA CIREBON",HARJAMUKTI,HARJAMUKTI
691994,533112455976,"PJU ***** ***********    ",-6.91526858500000,108.73461491500000,"KAB. CIREBON",CILEDUG,"JATISEENG KIDUL"
691995,533112455984,"PJU ***** ***********    ",-6.91526858500000,108.73461491500000,"KAB. CIREBON",CILEDUG,"JATISEENG KIDUL"
691996,533112450838,"PJU **** *******         ",-6.70182337700000,108.55722310000000,"KOTA CIREBON",KEJAKSAN,KESENDEN
691997,533112450846,"PJU **** *******         ",-6.70627220000000,108.56246610000000,"KOTA CIREBON",KEJAKSAN,KEBONBARU
691998,533112450853,"PJU **** *******         ",-6.70714382111110,108.55996711111000,"KOTA CIREBON",KEJAKSAN,KEBONBARU
691999,533112042588,"PJU ********* *******    ",-6.91526858500000,108.73461491500000,"KAB. CIREBON",CILEDUG,"JATISEENG KIDUL"
692000,533112042596,"PJU ********* *******    ",-6.91526858500000,108.73461491500000,"KAB. CIREBON",CILEDUG,"JATISEENG KIDUL"
692001,533112042609,"PJU ********* *******    ",-6.91526858500000,108.73461491500000,"KAB. CIREBON",CILEDUG,"JATISEENG KIDUL"
692002,533112111993,"PJU *******              ",-6.91526858500000,108.73461491500000,"KAB. CIREBON",CILEDUG,"JATISEENG KIDUL"
692003,533112112003,"PJU *************        ",-6.91526858500000,108.73461491500000,"KAB. CIREBON",CILEDUG,"JATISEENG KIDUL"
692004,533112112011,"PJU ******               ",-6.91526858500000,108.73461491500000,"KAB. CIREBON",CILEDUG,"JATISEENG KIDUL"
692005,533112112029,"PJU ******               ",-6.91526858500000,108.73461491500000,"KAB. CIREBON",CILEDUG,"JATISEENG KIDUL"
692006,533112112037,"PJU ***** *******        ",-6.91526858500000,108.73461491500000,"KAB. CIREBON",CILEDUG,"JATISEENG KIDUL"
692007,533112112045,"PJU ******               ",-6.91526858500000,108.73461491500000,"KAB. CIREBON",CILEDUG,"JATISEENG KIDUL"
692009,533112013583,"PJU ***** *******        ",-6.71813800000000,108.57093090000000,"KOTA CIREBON",LEMAHWUNGKUK,LEMAHWUNGKUK
692010,533112013591,"PJU ***** *******        ",-6.71813800000000,108.57093090000000,"KOTA CIREBON",LEMAHWUNGKUK,LEMAHWUNGKUK
692011,533112013604,"PJU ***** *******        ",-6.72067830000000,108.56536160000000,"KOTA CIREBON",PEKALIPAN,PEKALIPAN
692012,533112013612,"PJU ***** *******        ",-6.72067830000000,108.56536160000000,"KOTA CIREBON",PEKALIPAN,PEKALIPAN
692013,533112013620,"PJU ***** *******        ",-6.71906408900000,108.56108734200000,"KOTA CIREBON",PEKALIPAN,PEKALANGAN
692014,533112013638,"PJU ***** *******        ",-6.71826010000000,108.56431480000000,"KOTA CIREBON",PEKALIPAN,PEKALANGAN
692015,533112013646,"PJU ***** *******        ",-6.72067830000000,108.56536160000000,"KOTA CIREBON",PEKALIPAN,PEKALIPAN
692016,533112013653,"PJU ***** *******        ",-6.70614227100000,108.55096052000000,"KOTA CIREBON",KEJAKSAN,SUKAPURA
692017,533112113884,"PJU **** ********* *     ",-6.72804864600000,108.54615700000000,"KOTA CIREBON",KESAMBI,SUNYARAGI
692018,533112121968,"PJU ********** *         ",-6.91526858500000,108.73461491500000,"KAB. CIREBON",CILEDUG,"JATISEENG KIDUL"
692019,533112121976,"PJU **** ******          ",-6.91526858500000,108.73461491500000,"KAB. CIREBON",CILEDUG,"JATISEENG KIDUL"
692020,533113448315,"PJU ***** *",-6.72752500000000,108.54036000000000,"KOTA CIREBON",KESAMBI,PEKIRINGAN
692021,533113448349,"PJU ************** ******",-6.75058000000000,108.56566000000000,"KOTA CIREBON",HARJAMUKTI,LARANGAN
692022,533112399007,"PJU ***** ********       ",-6.73939260000000,108.57975830000000,"KOTA CIREBON",LEMAHWUNGKUK,PEGAMBIRAN
692023,533112399015,"PJU ***** **********     ",-6.75553811111000,108.54610811111000,"KOTA CIREBON",HARJAMUKTI,ARGASUNYA
692024,533113409120,"PJU *** ********",-6.72881173111110,108.52793111111000,"KAB. CIREBON",KEDAWUNG,KALIKOA
692025,533113409232,"PJU *** ********",-6.72950800000000,108.52559300000000,"KAB. CIREBON",KEDAWUNG,KALIKOA
692026,533112931937,"PJU **** *** ******* *",-6.73079900000000,108.57655720000000,"KOTA CIREBON",LEMAHWUNGKUK,PEGAMBIRAN
692027,533112913853,"MAR**** ***** *** *****",-6.76034274111110,108.56454061111000,"KAB. CIREBON",MUNDU,PAMENGKANG
692028,533113304457,"BAD** ******** ****** ***",-6.71000060000000,108.56093520000000,"KOTA CIREBON",KEJAKSAN,KESENDEN
692029,533113877768,"MON******* **** *** *****",-6.76037997789400,108.53242646903000,"KAB. CIREBON",TALUN,CIPERNA
692030,533113835647,"PJU **** *********",-6.68086190000000,108.54365120000000,"KAB. CIREBON","GUNUNG JATI",JATIMERTA
692031,533113321745,"TRA**** ***** ******",-6.69986990000000,108.55214200000000,"KOTA CIREBON",KEJAKSAN,SUKAPURA
692032,533113409179,"PJU *** ********",-6.72938200000000,108.53247300000000,"KAB. CIREBON",KEDAWUNG,KALIKOA
692038,533113012664,"PJU **** *",-6.73176467111110,108.53267481111000,"KOTA CIREBON",KESAMBI,SUNYARAGI
692040,533113532620,"PJU ****** **** *******",-6.74216490000000,108.55540700000000,"KOTA CIREBON",HARJAMUKTI,KECAPI
692041,533112427463,"PJU ********** ********* ",-6.73390270500000,108.56658280000000,"KOTA CIREBON",LEMAHWUNGKUK,PEGAMBIRAN
692042,533112456276,"PJU ******* *****        ",-6.73352845000000,108.56670000000000,"KOTA CIREBON",LEMAHWUNGKUK,PEGAMBIRAN
692043,533113532695,"PJU ****** **** *******",-6.75930190000000,108.55002650000000,"KOTA CIREBON",HARJAMUKTI,KALIJAGA
692044,533113409208,"PJU *** ********",-6.71292080000000,108.54804990000000,"KAB. CIREBON",KEDAWUNG,SUTAWINANGUN
692045,533113407212,"PJU *** *******",-6.72679310000000,108.54019400000000,"KOTA CIREBON",KESAMBI,SUNYARAGI
692046,533113404759,"PJU **** *********",-6.54716500000000,108.51650380000000,"KAB. CIREBON",KEPETAKAN,"BUNGKO LOR"
692047,533113404812,"PJU **** *********",-6.58632180000000,108.50492010000000,"KAB. CIREBON",KEPETAKAN,DUKUH
692048,533113190088,"PJU ***** ********",-6.74741887111110,108.56173291111000,"KOTA CIREBON",HARJAMUKTI,KECAPI
692049,533113205252,"PJU ***** ******",-6.75882780000000,108.59474000000000,"KAB. CIREBON",MUNDU,LUWUNG
692050,533113482013,"PJU ******* ******",-6.75573979111110,108.55709151111000,"KOTA CIREBON",HARJAMUKTI,KALIJAGA
692051,533113213990,"PJU ****** **** *",-6.71653060000000,108.52574970000000,"KAB. CIREBON",KEDAWUNG,KEDUNGJAYA
692052,533112488722,"DIS*** *******           ",-6.70746544200000,108.56413040000000,"KOTA CIREBON",LEMAHWUNGKUK,PANJUNAN
692053,533113532679,"PJU ****** **** *******",-6.75119190000000,108.54880420000000,"KOTA CIREBON",HARJAMUKTI,KALIJAGA
692054,533113714196,"PJU ****** *** *******",-6.79246390000000,108.61930370000000,"KAB. CIREBON",ASTANAJAPURA,KANCI
692055,533113720329,"PJU **** *********",-6.64735720000000,108.52783670000000,"KAB. CIREBON","GUNUNG JATI",SIRNABAYA
692056,533113714209,"PJU ****** *** *******",-6.78513137111110,108.61028981111000,"KAB. CIREBON",ASTANAJAPURA,"KANCI KULON"
692057,533113720311,"PJU **** ***** *** ******",-6.58936470000000,108.50569340000000,"KAB. CIREBON",KEPETAKAN,DUKUH
692058,533113714188,"PJU ****** *** *******",-6.76672901111110,108.55681651111000,"KAB. CIREBON",MUNDU,PAMENGKANG
692059,533113714147,"PJU ****** *** *******",-6.79214450000000,108.58507670000000,"KAB. CIREBON",MUNDU,LUWUNG
692060,533113610483,"PJU **** *********",-6.75811700000000,108.52676050000000,"KAB. CIREBON",TALUN,SAMPIRAN
692061,533113409337,"PJU *** **********",-6.65850889111110,108.53863171111000,"KAB. CIREBON","GUNUNG JATI",GROGOL
692062,533113132022,"PJU ******* *****",-6.59793400000000,108.51413000000000,"KAB. CIREBON",KEPETAKAN,"PEGAGAN KIDUL"
692063,533113133974,"PJU ************",-6.72108700000000,108.53759400000000,"KAB. CIREBON",KEDAWUNG,KERTAWINANGUN
692064,533113130616,"PJU *** ***** ******* ***",-6.76262270000000,108.56836110000000,"KAB. CIREBON",MUNDU,BANJARWANGUNAN
692065,533113213966,"PJU ***** *",-6.65444120000000,108.51142530000000,"KAB. CIREBON","GUNUNG JATI",MAYUNG
692066,533113214043,"PJU ******* *",-6.65275720000000,108.51377610000000,"KAB. CIREBON","GUNUNG JATI",BABADAN
692067,533112021051,"PJU ******** ***         ",-6.71739430000000,108.57081770000000,"KOTA CIREBON",LEMAHWUNGKUK,PANJUNAN
692068,533112021069,"PJU ********* ***        ",-6.71469520000000,108.56862330000000,,,
692069,533112021077,"PJU ********* ***        ",-6.71744980000000,108.57077060000000,"KOTA CIREBON",LEMAHWUNGKUK,PANJUNAN
692070,533112059886,"PJU *** *******          ",-6.91526858500000,108.73461491500000,"KAB. CIREBON",CILEDUG,"JATISEENG KIDUL"
692071,533112059894,"PJU *** *******          ",-6.91526858500000,108.73461491500000,"KAB. CIREBON",CILEDUG,"JATISEENG KIDUL"
692072,533112059908,"PJU *** *******          ",-6.91526858500000,108.73461491500000,"KAB. CIREBON",CILEDUG,"JATISEENG KIDUL"
692073,533112059916,"PJU *** *******          ",-6.91526858500000,108.73461491500000,"KAB. CIREBON",CILEDUG,"JATISEENG KIDUL"
692074,533112059924,"PJU *** *******          ",-6.91526858500000,108.73461491500000,"KAB. CIREBON",CILEDUG,"JATISEENG KIDUL"
692075,533112059932,"PJU *** *******          ",-6.91526858500000,108.73461491500000,"KAB. CIREBON",CILEDUG,"JATISEENG KIDUL"
692076,533112059940,"PJU *** *******          ",-6.91526858500000,108.73461491500000,"KAB. CIREBON",CILEDUG,"JATISEENG KIDUL"
692077,533112059957,"PJU *** *******          ",-6.91526858500000,108.73461491500000,"KAB. CIREBON",CILEDUG,"JATISEENG KIDUL"
692078,533112059965,"PJU *** *******          ",-6.91526858500000,108.73461491500000,"KAB. CIREBON",CILEDUG,"JATISEENG KIDUL"
692079,533112113358,"PJU ***** *****          ",-6.72820214600000,108.53956540000000,"KOTA CIREBON",KESAMBI,SUNYARAGI
692080,533112111616,"LAM** **** ***** ********",-6.91526858500000,108.73461491500000,"KAB. CIREBON",CILEDUG,"JATISEENG KIDUL"
692081,533112111657,"PJU ********* *******    ",-6.91526858500000,108.73461491500000,"KAB. CIREBON",CILEDUG,"JATISEENG KIDUL"
692082,533112111665,"PJU ********* *******    ",-6.91526858500000,108.73461491500000,"KAB. CIREBON",CILEDUG,"JATISEENG KIDUL"
692089,533112118567,"PJU *************        ",-6.91526858500000,108.73461491500000,,,
692092,533112118591,"PJU **************       ",-6.91526858500000,108.73461491500000,"KOTA CIREBON",HARJAMUKTI,KALIJAGA
692095,533112126616,"LAM** **** ***           ",-6.91526858500000,108.73461491500000,"KOTA CIREBON",HARJAMUKTI,KALIJAGA
692096,533112021085,"PJU ********* ***        ",-6.71739430000000,108.57081770000000,"KOTA CIREBON",LEMAHWUNGKUK,PANJUNAN
692097,533112021093,"PJU ********* ***        ",-6.71739430000000,108.57081770000000,"KOTA CIREBON",LEMAHWUNGKUK,PANJUNAN
692098,533112021107,"PJU ********* ***        ",-6.70699070000000,108.56647070000000,"KOTA CIREBON",LEMAHWUNGKUK,PANJUNAN
692099,533112021115,"PJU ********* ***        ",-6.71813800000000,108.57093090000000,,,
692100,533112111673,"PJU ********* *******    ",-6.91526858500000,108.73461491500000,"KAB. CIREBON",CILEDUG,"JATISEENG KIDUL"
692101,533112111681,"PJU ********* *******    ",-6.91526858500000,108.73461491500000,"KAB. CIREBON",CILEDUG,"JATISEENG KIDUL"
692102,533112111711,"PJU *** ***********      ",-6.91526858500000,108.73461491500000,,,
692105,533112111752,"PJU *** ***********      ",-6.72143970000000,108.57186250000000,"KOTA CIREBON",HARJAMUKTI,KECAPI
692110,533112914504,"PJU **** ***** **** *",-6.74041430000000,108.52912320000000,"KOTA CIREBON",KESAMBI,KARYAMULYA
692111,533112918312,"PJU **** ***** **",-6.72309160000000,108.55267310000000,"KOTA CIREBON",KESAMBI,PEKIRINGAN
692112,533112918320,"PJU **** ***** *",-6.71922590000000,108.55315720000000,"KOTA CIREBON",KESAMBI,PEKIRINGAN
692113,533113720281,"PJU **** ****** *** *****",-6.66128650000000,108.54412340000000,"KAB. CIREBON","GUNUNG JATI",KLAYAN
692114,533113727716,"PJU * **** ********",-6.71762380000000,108.52853380000000,"KAB. CIREBON",KEDAWUNG,KEDAWUNG
692115,533112468694,"PT. ***** ***** ******   ",-6.73310590000000,108.56533970000000,"KOTA CIREBON",LEMAHWUNGKUK,PEGAMBIRAN
692116,533113236078,"PJU ** ***** ********* *",-6.68927010000000,108.55280960000000,"KAB. CIREBON","GUNUNG JATI",ADIDHARMA
692117,533113299053,"PJU ******* ***** ******",-6.77616900000000,108.59400300000000,"KAB. CIREBON",MUNDU,LUWUNG
692118,533113214019,"PJU ****** **** *",-6.72406231111100,108.52188231111000,"KOTA CIREBON",HARJAMUKTI,KALIJAGA
692119,533113213917,"PJU **********",-6.65485279000000,108.53339849000000,"KAB. CIREBON","GUNUNG JATI",MERTASINGA
692122,533113213895,"PJU ***** *",-6.65723900000000,108.50756800000000,"KAB. CIREBON","GUNUNG JATI",BUYUT
692123,533113213941,"PJU ****** **** *",-6.71571600000000,108.52605000000000,"KAB. CIREBON",KEDAWUNG,KEDUNGJAYA
692124,533113213909,"PJU ******** *",-6.66729970000000,108.54025750000000,"KAB. CIREBON","GUNUNG JATI",WANAKAYA
692125,533113427199,"PJU **** ****",-6.75328136111110,108.58193311111000,"KAB. CIREBON",MUNDU,SUCI
692126,533112479007,"PJU ***                  ",-6.91526858500000,108.73461491500000,"KAB. CIREBON",CILEDUG,"JATISEENG KIDUL"
692127,533112479015,"PJU ***                  ",-6.58283511111000,108.50552491111000,"KAB. CIREBON",KEPETAKAN,KARANGKENDAL
692128,533112479023,"PJU ***                  ",-6.91526858500000,108.73461491500000,"KAB. CIREBON",CILEDUG,"JATISEENG KIDUL"
692129,533112479031,"PJU ***                  ",-6.58295461111110,108.50546651111000,"KAB. CIREBON",KEPETAKAN,KARANGKENDAL
692130,533112479049,"PJU ***                  ",-6.58324654111110,108.50534731111000,"KAB. CIREBON",KEPETAKAN,KARANGKENDAL
692131,533112479056,"PJU ***                  ",-6.58378765111110,108.50518011111000,"KAB. CIREBON",KEPETAKAN,KARANGKENDAL
692132,533112479064,"PJU ***                  ",-6.58340223111110,108.50524531111000,"KAB. CIREBON",KEPETAKAN,KARANGKENDAL
692133,533113131133,"PJU **********",-6.65482600000000,108.53717800000000,"KAB. CIREBON","GUNUNG JATI",MERTASINGA
692134,533113213812,"PJU ************ *****",-6.63148006111110,108.52121851111000,"KAB. CIREBON",SURANENGGALA,"SURANENGGALA KULON"
692135,533113134068,"PJU ****** ****",-6.70522600000000,108.54067300000000,"KAB. CIREBON",KEDAWUNG,KEDUNGJAYA
692137,533112452468,"PJU **** *******         ",-6.74425700000000,108.56205540000000,"KOTA CIREBON",HARJAMUKTI,KECAPI
692138,533112452484,"PJU **** *******         ",-6.74480400000000,108.55509040000000,"KOTA CIREBON",HARJAMUKTI,KECAPI
692139,533112452492,"PJU **** *******         ",-6.74436680000000,108.56328830000000,"KOTA CIREBON",HARJAMUKTI,LARANGAN
692140,533112449408,"P J *                    ",-6.70061249111110,108.56050861111000,"KOTA CIREBON",KEJAKSAN,KESENDEN
692141,533112452506,"PJU **** *******         ",-6.73178649500000,108.56965330000000,"KOTA CIREBON",LEMAHWUNGKUK,PEGAMBIRAN
692142,533112452514,"PJU **** *******         ",-6.75412825111110,108.55015851111000,"KOTA CIREBON",HARJAMUKTI,KALIJAGA
692143,533112452522,"PJU **** *******         ",-6.73860820000000,108.55652010000000,"KOTA CIREBON",HARJAMUKTI,KECAPI
692144,533112452530,"PJU **** *******         ",-6.75013756200000,108.55742720000000,"KOTA CIREBON",HARJAMUKTI,KECAPI
692145,533112452548,"PJU **** *******         ",-6.75127111110000,108.54639511111000,"KOTA CIREBON",HARJAMUKTI,HARJAMUKTI
692146,533112452555,"PJU **** *******         ",-6.74541400000000,108.55908600000000,"KOTA CIREBON",HARJAMUKTI,KECAPI
692147,533112452563,"PJU **** *******         ",-6.75371630000000,108.56131760000000,"KOTA CIREBON",HARJAMUKTI,LARANGAN
692148,533112452571,"PJU **** *******         ",-6.74057190000000,108.53189200000000,"KOTA CIREBON",KESAMBI,KARYAMULYA
692149,533112385407,"PJU **** *******         ",-6.71717498111110,108.53020081111000,"KOTA CIREBON",HARJAMUKTI,LARANGAN
692150,533112405220,"PJU ** ** ***** *****    ",-6.74214971111100,108.54327341111000,"KOTA CIREBON",HARJAMUKTI,HARJAMUKTI
692154,533112347909,"PJU ***** ***********    ",-6.91526858500000,108.73461491500000,"KAB. CIREBON",CILEDUG,"JATISEENG KIDUL"
692155,533112359624,"PJU **** *******         ",-6.72144150000000,108.57186050000000,"KOTA CIREBON",KESAMBI,KARYAMULYA
692156,533112359632,"PJU **** *******         ",-6.74163480000000,108.55187040000000,"KOTA CIREBON",HARJAMUKTI,KALIJAGA
692157,533112359640,"PJU **** *******         ",-6.73251272918580,108.55139144440000,"KOTA CIREBON",KESAMBI,KESAMBI
692158,533112359657,"PJU **** *******         ",-6.75775710000000,108.55241820000000,"KOTA CIREBON",HARJAMUKTI,KALIJAGA
692159,533112399488,"PT **** ****** *******   ",-6.74431120000000,108.53018970000000,"KOTA CIREBON",KESAMBI,KARYAMULYA
692161,533113131294,"PJU **********",-6.65322400000000,108.53766800000000,"KAB. CIREBON","GUNUNG JATI",MERTASINGA
692162,533113080734,"PJU ***** ****** *",-6.71923100000000,108.55392300000000,"KOTA CIREBON",KESAMBI,PEKIRINGAN
692163,533113133982,"PJU ********",-6.71453400000000,108.53854900000000,"KAB. CIREBON",KEDAWUNG,KERTAWINANGUN
692164,533113213982,"PJU ******** *",-6.66745270000000,108.53945230000000,"KAB. CIREBON","GUNUNG JATI",WANAKAYA
692165,533113214035,"PJU ****** **** *****",-6.70091238111110,108.53833441111000,"KAB. CIREBON",KEDAWUNG,KEDUNGJAYA
692166,533113448331,"PJU ************ ****",-6.73081500000000,108.55080600000000,"KOTA CIREBON",KESAMBI,SUNYARAGI
692167,533113131158,"PJU ****** ****",-6.70441500000000,108.53702500000000,"KAB. CIREBON",KEDAWUNG,PILANGSARI
692168,533113569537,"PJU **** *******",-6.72719700000000,108.53112500000000,"KAB. CIREBON",KEDAWUNG,KALIKOA
692169,533113569503,"PJU **** *************",-6.71670596111110,108.53699961111000,"KAB. CIREBON",KEDAWUNG,KERTAWINANGUN
692170,533113252986,"PJU ********** *******",-6.75667606111110,108.55046591111000,"KOTA CIREBON",HARJAMUKTI,KALIJAGA
692171,533113320351,"PJU ** ********",-6.66260700000000,108.53831900000000,"KAB. CIREBON","GUNUNG JATI",WANAKAYA
692172,533113319769,"PJU ** ****** ***",-6.55271731111110,108.52100651111000,"KAB. CIREBON",KEPETAKAN,"BUNGKO LOR"
692173,533113319710,"PJU *** ******* *** *",-6.59645411111000,108.51384411111000,"KAB. CIREBON",KEPETAKAN,"PEGAGAN LOR"
692174,533113103616,"TAM** ******* ********",-6.70020900000000,108.55168800000000,"KOTA CIREBON",KEJAKSAN,SUKAPURA
692175,533113131676,"PJU ****** ****",-6.70578900000000,108.53425700000000,"KAB. CIREBON",KEDAWUNG,PILANGSARI
692176,533113696941,"GRI** ***** **** *",-6.69143330000000,108.55088010000000,"KAB. CIREBON","GUNUNG JATI",PASINDANGAN
692177,533113080846,"PJU ** **** **",-6.75147100000000,108.56245690000000,"KOTA CIREBON",HARJAMUKTI,LARANGAN
692178,533113308273,"BAD** ******** ****** ***",-6.69875420000000,108.55373260000000,"KOTA CIREBON",KEJAKSAN,KESENDEN
692179,533113213838,"PJU ****** **** *",-6.71814671111100,108.52509121111000,"KAB. CIREBON",KEDAWUNG,KEDUNGJAYA
692180,533113130553,"PJU ******** *******",-6.75301840000000,108.58266520000000,"KAB. CIREBON",MUNDU,SUCI
692181,533113478258,"PJU ****** ***** ********",-6.75396170000000,108.56239150000000,"KOTA CIREBON",HARJAMUKTI,HARJAMUKTI
692182,533113131763,"PJU ****** ****",-6.91526858500000,108.73461491500000,"KAB. CIREBON",CILEDUG,"JATISEENG KIDUL"
692183,533113448372,"PJU ******* ********",-6.75141500000000,108.54156800000000,"KOTA CIREBON",HARJAMUKTI,KALIJAGA
692185,533111050865,"PJU ***** ******         ",-6.72855176100000,108.54867240000000,"KOTA CIREBON",KESAMBI,SUNYARAGI
692190,533111042393,"PJU **** *******         ",-6.74722590000000,108.53249760000000,"KOTA CIREBON",KESAMBI,KARYAMULYA
692191,533111042406,"PJU **** *******         ",-6.74011391111100,108.52352251111000,"KOTA CIREBON",KESAMBI,KARYAMULYA
692192,533111042414,"PJU **** *******         ",-6.72932920000000,108.53753737600000,"KOTA CIREBON",KESAMBI,SUNYARAGI
692193,533112933708,"PJU ** ** *********",-6.74367060000000,108.57547060000000,"KAB. CIREBON",MUNDU,BANJARWANGUNAN
692194,533113066988,"PJU ***** ******* *",-6.70499700000000,108.55874640000000,"KOTA CIREBON",KEJAKSAN,KEBONBARU
692195,533113702708,"JEM***** ***** *** ******",-6.78156690000000,108.61866310000000,"KAB. CIREBON",ASTANAJAPURA,KANCI
692196,533113702716,"JEM***** ******** *** ***",-6.75378250000000,108.53864270000000,"KOTA CIREBON",LEMAHWUNGKUK,PEGAMBIRAN
692197,533113071937,"PJU ** ***** *****",-6.73841920000000,108.55822340000000,"KOTA CIREBON",HARJAMUKTI,KECAPI
692198,533113078249,"PJU ** ****** ** ********",-6.70294880000000,108.55939110000000,"KOTA CIREBON",KEJAKSAN,KESENDEN
692199,533113071994,"PJU ** ****** **** *",-6.73065000000000,108.56076500000000,"KOTA CIREBON",KESAMBI,DRAJAT
692200,533113071960,"PJU ***** ****** *****",-6.72608010000000,108.55995360000000,"KOTA CIREBON",KESAMBI,KESAMBI
692201,533113075027,"PJU ** ****** *",-6.70383900000000,108.56228820000000,"KOTA CIREBON",KEJAKSAN,KEBONBARU
692202,533113066826,"PJU ** ********* ******",-6.71298500000000,108.55500000000000,"KOTA CIREBON",KEJAKSAN,KEJAKSAN
692203,533113067072,"PJU ***** ****** ****** *",-6.72013560000000,108.54869560000000,"KOTA CIREBON",KESAMBI,PEKIRINGAN
692204,533113639339,"TRA*** ***** *** ********",-6.78610400000000,108.63211600000000,"KAB. CIREBON",ASTANAJAPURA,KANCI
692205,533113066789,"PJU ***** ****",-6.70883600000000,108.54989700000000,"KOTA CIREBON",KEJAKSAN,SUKAPURA
692206,533113078145,"PJU ** ****** ** *****",-6.70118553111110,108.55805231111000,"KOTA CIREBON",KEJAKSAN,KESENDEN
692207,533113075122,"PJU *** ****** ******* *",-6.73813761111100,108.52112811111000,"KOTA CIREBON",KESAMBI,KARYAMULYA
692208,533113075092,"PJU **** ***** ********",-6.74212400000000,108.53778390000000,"KOTA CIREBON",KESAMBI,KARYAMULYA
692209,533113081019,"WAR**** ***** ****",-6.91526858500000,108.73461491500000,,,
692212,533113131684,"PJU ****** ****",-6.91526858500000,108.73461491500000,"KAB. CIREBON",CILEDUG,"JATISEENG KIDUL"
692213,533113205357,"PJU ** *********** ******",-6.70413540000000,108.53263290000000,"KAB. CIREBON",KEDAWUNG,PILANGSARI
692214,533113569440,"PJU **** ************",-6.71198050000000,108.53874100000000,"KAB. CIREBON",KEDAWUNG,SUTAWINANGUN
692215,533111031940,"PJU **** ***** **** *",-6.73751681111100,108.52814321111000,"KOTA CIREBON",KESAMBI,KARYAMULYA
692216,533113132071,"PJU ************",-6.61504280000000,108.52004700000000,"KAB. CIREBON",SURANENGGALA,SURANENGGALA
692217,533113383926,"PT. *** **** *********",-6.74361000000000,108.53161000000000,"KOTA CIREBON",KESAMBI,KARYAMULYA
692218,533113071873,"PJU ***** **** *****",-6.70465000000000,108.55189300000000,"KOTA CIREBON",KEJAKSAN,SUKAPURA
692219,533113075148,"PJU ** ******* ***** *",-6.72970280000000,108.56350620000000,"KOTA CIREBON",PEKALIPAN,JAGASATRU
692220,533113066905,"PJU **** **** *********",-6.72531300000000,108.56987810000000,"KOTA CIREBON",LEMAHWUNGKUK,KESEPUHAN
692221,533113071824,"PJU ****** **** *** *****",-6.72128940000000,108.57204120000000,"KOTA CIREBON",PEKALIPAN,PULASAREN
692222,533113072046,"PJU ***** *********",-6.72284830000000,108.56439500000000,"KOTA CIREBON",PEKALIPAN,PEKALIPAN
692223,533113072117,"PJU ***** ********",-6.72130860000000,108.57200150000000,"KOTA CIREBON",KEJAKSAN,KEJAKSAN
692224,533113072020,"PJU ** *** *** *",-6.74578600000000,108.58551050000000,"KOTA CIREBON",LEMAHWUNGKUK,PEGAMBIRAN
692225,533113532612,"PJU ****** **** *******",-6.71573000000000,108.56694000000000,"KOTA CIREBON",LEMAHWUNGKUK,PEGAMBIRAN
692226,533113066962,"PJU ******** ********",-6.69690010000000,108.55779970000000,"KOTA CIREBON",KEJAKSAN,KESENDEN
692227,533113078040,"PJU **** ***** ****** **",-6.74353673111110,108.55354241111000,"KOTA CIREBON",HARJAMUKTI,KECAPI
692228,533113078137,"PJU ** ** *******",-6.74582830000000,108.56374490000000,"KOTA CIREBON",LEMAHWUNGKUK,KESEPUHAN
692229,533113163557,"DIS*** **** *******",-6.70852560000000,108.55858690000000,"KOTA CIREBON",KEJAKSAN,KEBONBARU
692230,533113072125,"PJU ***** ** *****",-6.71347750000000,108.55849140000000,"KOTA CIREBON",KEJAKSAN,KEJAKSAN
692231,533113066755,"PJU ***** ******* **** *",-6.72773190000000,108.55534990000000,"KOTA CIREBON",KESAMBI,KESAMBI
692232,533113404734,"PJU **** *********",-6.58765253111110,108.50906211111000,"KAB. CIREBON",KEPETAKAN,"PEGAGAN KIDUL"
692233,533113617464,"PJU ****** *** *******",-6.76992170000000,108.55332330000000,"KAB. CIREBON",MUNDU,"MUNDU PESISIR"
692234,533113080759,"PJU ***** ******* *",-6.71146300000000,108.55095300000000,"KOTA CIREBON",KEJAKSAN,SUKAPURA
692235,533113080861,"PJU ** *** **** ***",-6.70179130000000,108.55422960000000,"KOTA CIREBON",KEJAKSAN,KESENDEN
692236,533113080838,"PJU ** ********** *******",-6.73422440000000,108.56245690000000,"KOTA CIREBON",KESAMBI,DRAJAT
692237,533113404791,"PJU **** *********",-6.55699113111110,108.51830711111000,"KAB. CIREBON",KEPETAKAN,BUNGKO
692238,533113407253,"PJU *** ****** **********",-6.75270415111110,108.55671811111000,"KOTA CIREBON",HARJAMUKTI,KECAPI
692239,533113409352,"PJU *** **********",-6.67251600000000,108.54136600000000,"KAB. CIREBON","GUNUNG JATI",ASTANA
692240,533113407798,"TRA**** ***** *********",-6.73813000000000,108.54325000000000,"KOTA CIREBON",KESAMBI,SUNYARAGI
692241,533113407238,"PJU *** ******* ****",-6.74953641000000,108.55347500000000,"KOTA CIREBON",HARJAMUKTI,KECAPI
692242,533113131771,"PJU ***",-6.72275300000000,108.52830300000000,"KAB. CIREBON",KEDAWUNG,TUK
692243,533113131229,"PJU ****** *** ******",-6.69945600000000,108.54062000000000,"KAB. CIREBON",KEDAWUNG,KEDUNGJAYA
692244,533113305355,"PJU *** *******",-6.70719600000000,108.55096300000000,"KOTA CIREBON",KEJAKSAN,SUKAPURA
692245,533113131141,"PJU ****** *** ******",-6.70187400000000,108.54056500000000,"KAB. CIREBON",KEDAWUNG,KEDUNGJAYA
692246,533113132097,"PJU ******",-6.54774360000000,108.51754050000000,"KAB. CIREBON",KEPETAKAN,"BUNGKO LOR"
692247,533113131800,"PJU ****** ****",-6.91526858500000,108.73461491500000,"KAB. CIREBON",CILEDUG,"JATISEENG KIDUL"
692248,533111042422,"PJU **** *******         ",-6.73839440000000,108.56314790000000,"KOTA CIREBON",HARJAMUKTI,KECAPI
692249,533111042430,"PJU **** *******         ",-6.73972303200000,108.55374750000000,"KOTA CIREBON",HARJAMUKTI,KECAPI
692250,533111042448,"PJU **** *******         ",-6.76123027600000,108.55759060000000,"KOTA CIREBON",HARJAMUKTI,KALIJAGA
692251,533111042455,"PJU **** *******         ",-6.72892050000000,108.57456240000000,"KOTA CIREBON",LEMAHWUNGKUK,KESEPUHAN
692252,533111042463,"PJU **** *******         ",-6.71549960000000,108.55740280000000,"KOTA CIREBON",KEJAKSAN,KEJAKSAN
692253,533111042471,"PJU **** *******         ",-6.73485210000000,108.53314560000000,"KOTA CIREBON",KESAMBI,SUNYARAGI
692254,533111042489,"PJU **** *******         ",-6.71725010000000,108.56744830000000,"KOTA CIREBON",LEMAHWUNGKUK,PANJUNAN
692255,533113569529,"PJU **** *******",-6.72647700000000,108.53680200000000,"KAB. CIREBON",KEDAWUNG,KALIKOA
692256,533111051183,"PJU ****                 ",-6.71826010000000,108.56431480000000,"KOTA CIREBON",LEMAHWUNGKUK,PANJUNAN
692257,533111051191,"PJU ****                 ",-6.73690266900000,108.58327787900000,"KOTA CIREBON",LEMAHWUNGKUK,PEGAMBIRAN
692258,533111051204,"PJU ****                 ",-6.73534650000000,108.53708940000000,"KOTA CIREBON",KESAMBI,KARYAMULYA
692259,533113532653,"PJU ****** **** *******",-6.75965140000000,108.55220430000000,"KOTA CIREBON",HARJAMUKTI,KALIJAGA
692260,533113075189,"PJU ******* ***** *****",-6.75234217111110,108.56526981111000,"KOTA CIREBON",HARJAMUKTI,LARANGAN
692261,533113071945,"PJU ** ** *********",-6.72496600000000,108.54976100000000,"KOTA CIREBON",KESAMBI,SUNYARAGI
692262,533113072158,"PJU ** ****** ********* *",-6.71464670000000,108.56505430000000,"KOTA CIREBON",LEMAHWUNGKUK,PANJUNAN
692263,533113216798,"PJU ********** *",-6.75952890000000,108.56876490000000,,,
692264,533113569511,"PJU **** ******",-6.57455240000000,108.50585770000000,"KAB. CIREBON",KEPETAKAN,GROGOL
692265,533113080726,"PJU ***** *******",-6.70769300000000,108.56533200000000,"KOTA CIREBON",KEJAKSAN,KEBONBARU
692266,533113098446,"SMA** *** ******* *******",-6.71446940000000,108.55320580000000,"KOTA CIREBON",KESAMBI,PEKIRINGAN
692267,533113248638,"PT. ******* **** *****",-6.75613000000000,108.56909900000000,"KOTA CIREBON",HARJAMUKTI,KALIJAGA
692268,533111043545,"PJU ***** ******* ****   ",-6.91526858500000,108.73461491500000,"KAB. CIREBON",CILEDUG,"JATISEENG KIDUL"
692269,533111050491,"PT ******* ******        ",-6.76187539111110,108.56325121111000,"KAB. CIREBON",MUNDU,PAMENGKANG
692270,533113131668,"PJU ****** ****",-6.91526858500000,108.73461491500000,"KAB. CIREBON",CILEDUG,"JATISEENG KIDUL"
692271,533113573723,"PJU ****** ***********",-6.77462430000000,108.60926640000000,"KAB. CIREBON",MUNDU,WARUDUWUR
692272,533113569499,"PJU **** **********",-6.71054460000000,108.52890810000000,"KAB. CIREBON",KEDAWUNG,KEDUNGJAYA
692273,533113080621,"PJU ** **********",-6.70322440000000,108.55674070000000,"KOTA CIREBON",KEJAKSAN,KEBONBARU
692274,533113409216,"PJU *** **********",-6.69254600000000,108.54820000000000,"KAB. CIREBON","GUNUNG JATI",ADIDHARMA
692275,533113409161,"PJU *** **********",-6.69335502111110,108.55444611111000,"KAB. CIREBON","GUNUNG JATI",PASINDANGAN
692276,533113348850,"PJU ******** ************",-6.76773200000000,108.56302100000000,"KOTA CIREBON",KEJAKSAN,KEBONBARU
692277,533113080767,"PJU ** ******************",-6.75666822111110,108.54491161111000,"KOTA CIREBON",HARJAMUKTI,ARGASUNYA
692278,533113213887,"PJU *********",-6.65672160000000,108.50865120000000,"KAB. CIREBON","GUNUNG JATI",BUYUT
692279,533113427124,"PJU **** *********",-6.78690122111110,108.57292151111000,"KAB. CIREBON",MUNDU,SETUPATOK
692280,533113213791,"PJU ****** ******* *",-6.76499340000000,108.52720850000000,"KAB. CIREBON",TALUN,CIPERNA
692281,533113214001,"PJU ****** *** ******",-6.70009130000000,108.54052690000000,"KAB. CIREBON",KEDAWUNG,KEDUNGJAYA
692282,533112495342,"PJU ********* *******    ",-6.73059600000000,108.54286480000000,"KOTA CIREBON",KESAMBI,SUNYARAGI
692283,533113448364,"PJU ********** **********",-6.75796200000000,108.54784980000000,"KOTA CIREBON",HARJAMUKTI,KALIJAGA
692284,533113444004,"PJU ***** ****** ****** *",-6.69958813111110,108.53403881111000,"KAB. CIREBON",KEDAWUNG,PILANGSARI
692286,533111768013,"PT ***** ***********     ",-6.91526858500000,108.73461491500000,,,
692290,533111819529,"PT ******** ********     ",-6.70634407000000,108.54826700600000,"KOTA CIREBON",KEJAKSAN,SUKAPURA
692291,533113213846,"PJU ****** *******",-6.70428570000000,108.53589910000000,"KAB. CIREBON",KEDAWUNG,KEDUNGJAYA
692292,533113685319,"BAN*** ***** *****",-6.76449149822340,108.55634171516000,"KOTA CIREBON",HARJAMUKTI,KALIJAGA
692293,533113214027,"PJU *******",-6.65217666886750,108.51895960048000,"KAB. CIREBON","GUNUNG JATI",SAMBENG
692294,533113217584,"PJU ****** ****",-6.67116620000000,108.54242060000000,"KAB. CIREBON","GUNUNG JATI",ASTANA
692295,533113427202,"PJU **** ******",-6.76785378111110,108.59554011111000,"KAB. CIREBON",MUNDU,LUWUNG
692296,533112878851,"PJU ** ********",-6.70472714700000,108.55109730000000,"KOTA CIREBON",KEJAKSAN,SUKAPURA
692297,533112878893,"PJU *** ***",-6.69691570000000,108.56005280000000,"KOTA CIREBON",KEJAKSAN,KESENDEN
692298,533112878907,"PJU ** ***** *****",-6.72131920000000,108.57197720000000,"KOTA CIREBON",KEJAKSAN,KEBONBARU
692299,533112878915,"PJU ***** *******",-6.70997390000000,108.56359930000000,"KOTA CIREBON",KEJAKSAN,KEJAKSAN
692300,533112873598,"PJU ** ***** ********",-6.74279703111110,108.52493121111000,"KOTA CIREBON",KESAMBI,KARYAMULYA
692301,533112873601,"PJU ** ******* ****** *",-6.73150425111110,108.55499391111000,"KOTA CIREBON",KESAMBI,KESAMBI
692302,533112304602,"PJU *** ******* ******** ",-6.74598940500000,108.53973450000000,"KOTA CIREBON",HARJAMUKTI,HARJAMUKTI
692303,533112304801,"PJU *** ******* ******** ",-6.72993076100000,108.53991738400000,"KOTA CIREBON",KESAMBI,SUNYARAGI
692304,533112305007,"PJU *** ******* ******** ",-6.73412398800000,108.54084200000000,"KOTA CIREBON",KESAMBI,SUNYARAGI
692305,533112305206,"PJU *** ******* ******** ",-6.73928494100000,108.54564540000000,"KOTA CIREBON",KESAMBI,SUNYARAGI
692307,533112329357,"PJU *********** *****    ",-6.91526858500000,108.73461491500000,"KAB. CIREBON",CILEDUG,"JATISEENG KIDUL"
692308,533112329365,"PJU *********** *****    ",-6.91526858500000,108.73461491500000,"KAB. CIREBON",CILEDUG,"JATISEENG KIDUL"
692309,533112359665,"PJU **** *******         ",-6.75342280000000,108.54926320000000,"KOTA CIREBON",HARJAMUKTI,KALIJAGA
692310,533112359673,"PJU **** *******         ",-6.73646100000000,108.52906130000000,"KOTA CIREBON",KESAMBI,KARYAMULYA
692311,533112359681,"PJU **** *******         ",-6.74800117111110,108.54499141111000,"KOTA CIREBON",HARJAMUKTI,KALIJAGA
692312,533112359699,"PJU **** *******         ",-6.73640040000000,108.53128980000000,"KOTA CIREBON",KESAMBI,KARYAMULYA
692313,533112359703,"PJU **** *******         ",-6.75221063900000,108.54008160300000,"KOTA CIREBON",HARJAMUKTI,KALIJAGA
692314,533112359711,"PJU **** *******         ",-6.74553320000000,108.54578870000000,"KOTA CIREBON",HARJAMUKTI,HARJAMUKTI
692315,533113216175,"PJU ****** ******* *",-6.77788154111110,108.52169721111000,"KAB. CIREBON",BEBER,PATAPAN
692316,533112489461,"PJU ********** ******* * ",-6.75285575111110,108.56577781111000,"KOTA CIREBON",HARJAMUKTI,LARANGAN
692317,533112873619,"PJU ** ******* ****** **",-6.73036310000000,108.55503590000000,"KOTA CIREBON",KESAMBI,KESAMBI
692318,533112873627,"PJU ** ****** *****",-6.73153868100000,108.56276430000000,"KOTA CIREBON",KESAMBI,DRAJAT
692319,533112873635,"PJU ******* ********",-6.71924790000000,108.55314850000000,"KOTA CIREBON",KESAMBI,PEKIRINGAN
692320,533112873643,"PJU ******* ***** *****",-6.75088019230290,108.53481060950000,"KOTA CIREBON",HARJAMUKTI,HARJAMUKTI
692321,533112873650,"PJU ***** **********",-6.77210211111000,108.54717311111000,"KOTA CIREBON",HARJAMUKTI,KALIJAGA
692322,533112873668,"PJU ***** **** *",-6.77096608111110,108.54964021111000,"KOTA CIREBON",HARJAMUKTI,KECAPI
692323,533112873676,"PJU ***** **** **",-6.72131590000000,108.57197080000000,"KOTA CIREBON",HARJAMUKTI,KECAPI
692324,533112873684,"PJU **********",-6.74884147111110,108.52927271111000,"KOTA CIREBON",HARJAMUKTI,HARJAMUKTI
692325,533112873692,"PJU ***** ********",-6.76222232111110,108.55482261111000,"KOTA CIREBON",HARJAMUKTI,KALIJAGA
692326,533112881281,"PJU ** ** ******** *****",-6.72511380000000,108.57587580000000,"KOTA CIREBON",LEMAHWUNGKUK,KESEPUHAN
692327,533112881299,"PJU ** **** *****",-6.72461140000000,108.57166450000000,"KOTA CIREBON",LEMAHWUNGKUK,KESEPUHAN
692328,533112873706,"PJU ******* **********",-6.75885400000000,108.55260710000000,"KOTA CIREBON",HARJAMUKTI,KALIJAGA
692329,533112873714,"PJU ** ** ***** *****",-6.73784944300000,108.53169770000000,"KOTA CIREBON",KESAMBI,KARYAMULYA
692330,533112873722,"PJU ***** **********",-6.71949320000000,108.56357010000000,"KOTA CIREBON",PEKALIPAN,PEKALIPAN
692331,533112879249,"GRA** ******* ********",-6.65650752111110,108.53793271111000,"KOTA CIREBON",HARJAMUKTI,KALIJAGA
692347,533112334250,"DIN** *********** *******",-6.91526858500000,108.73461491500000,"KAB. CIREBON",CILEDUG,"JATISEENG KIDUL"
692348,533112334268,"DIN** *********** *******",-6.91526858500000,108.73461491500000,"KAB. CIREBON",CILEDUG,"JATISEENG KIDUL"
692349,533112335580,"WAR**** *****            ",-6.91526858500000,108.73461491500000,,,
692351,533112417090,"PJU ********* *******    ",-6.71947467200000,108.57089287700000,"KOTA CIREBON",LEMAHWUNGKUK,LEMAHWUNGKUK
692354,533112334180,"DIN** *********** *******",-6.91526858500000,108.73461491500000,"KAB. CIREBON",CILEDUG,"JATISEENG KIDUL"
692355,533112334198,"DIN** *********** *******",-6.91526858500000,108.73461491500000,"KAB. CIREBON",CILEDUG,"JATISEENG KIDUL"
692356,533112334201,"DIN** *********** *******",-6.91526858500000,108.73461491500000,"KAB. CIREBON",CILEDUG,"JATISEENG KIDUL"
692357,533112334219,"DIN** *********** *******",-6.91526858500000,108.73461491500000,"KAB. CIREBON",CILEDUG,"JATISEENG KIDUL"
692358,533112334227,"DIN** *********** *******",-6.91526858500000,108.73461491500000,"KAB. CIREBON",CILEDUG,"JATISEENG KIDUL"
692359,533112334235,"DIN** *********** *******",-6.91526858500000,108.73461491500000,"KAB. CIREBON",CILEDUG,"JATISEENG KIDUL"
692372,533112334243,"DIN** *********** *******",-6.91526858500000,108.73461491500000,"KAB. CIREBON",CILEDUG,"JATISEENG KIDUL"
692373,533112353886,"PJU ******* ******       ",-6.72575301600000,108.55810046400000,"KOTA CIREBON",KESAMBI,KESAMBI
692374,533112353894,"PJU ******* *******      ",-6.72602740000000,108.55849197000000,"KOTA CIREBON",KESAMBI,KESAMBI
692375,533112391839,"NEO* *** ***             ",-6.72252860000000,108.55657430000000,"KOTA CIREBON",KESAMBI,PEKIRINGAN
692376,533112362469,"PJU ***                  ",-6.71156628000000,108.54802840000000,"KAB. CIREBON",KEDAWUNG,KERTAWINANGUN
692377,533112362477,"PJU ***                  ",-6.71151741900000,108.54771370000000,"KAB. CIREBON",KEDAWUNG,KERTAWINANGUN
692378,533112335714,"PJU ***** ***********    ",-6.70990709300000,108.53107260000000,"KAB. CIREBON",KEDAWUNG,KEDAWUNG
692379,533112335722,"PJU ***** ***********    ",-6.71477389100000,108.53278260000000,"KAB. CIREBON",KEDAWUNG,KEDAWUNG
692380,533112335730,"PJU ***** ***********    ",-6.71469374400000,108.53276080000000,"KAB. CIREBON",KEDAWUNG,KEDAWUNG
692381,533112335748,"PJU ***** ***********    ",-6.71794820000000,108.53496040000000,"KAB. CIREBON",KEDAWUNG,KERTAWINANGUN
692382,533112335755,"PJU ***** ***********    ",-6.72407876400000,108.53821160000000,"KAB. CIREBON",KEDAWUNG,TUK
692383,533112335763,"PJU ***** ***********    ",-6.71006410000000,108.52844600000000,"KAB. CIREBON",KEDAWUNG,KEDUNGJAYA
692396,533113448356,"PJU ****** ******* ******",-6.74060000000000,108.56666000000000,"KOTA CIREBON",HARJAMUKTI,LARANGAN
692401,533111767995,"PJU *****                ",-6.91526858500000,108.73461491500000,,,
692402,533112881536,"PJU *********",-6.73079900000000,108.57655720000000,"KOTA CIREBON",LEMAHWUNGKUK,PEGAMBIRAN
692403,533112881544,"PJU ** ****** ****",-6.75279160000000,108.56950700000000,"KAB. CIREBON",MUNDU,PAMENGKANG
692404,533112416844,"PJU ********* **** *****",-6.69025679400000,108.54716510000000,"KAB. CIREBON","GUNUNG JATI",KALISAPU
692405,533112336574,"DIN** *********** *** ***",-6.91526858500000,108.73461491500000,"KAB. CIREBON",CILEDUG,"JATISEENG KIDUL"
692406,533112336582,"DIN** *********** *** ***",-6.91526858500000,108.73461491500000,"KAB. CIREBON",CILEDUG,"JATISEENG KIDUL"
692407,533112336590,"DIN** *********** *** ***",-6.91526858500000,108.73461491500000,"KAB. CIREBON",CILEDUG,"JATISEENG KIDUL"
692408,533112336603,"DIN** *********** *** ***",-6.91526858500000,108.73461491500000,"KAB. CIREBON",CILEDUG,"JATISEENG KIDUL"
692409,533112336611,"DIN** *********** *** ***",-6.91526858500000,108.73461491500000,"KAB. CIREBON",CILEDUG,"JATISEENG KIDUL"
692410,533112381432,"PJU *********            ",-6.71004141500000,108.53361714200000,"KAB. CIREBON",KEDAWUNG,KEDAWUNG
692411,533112381440,"PJU *********            ",-6.71011438500000,108.53428896400000,"KAB. CIREBON",KEDAWUNG,KEDAWUNG
692412,533112381457,"PJU *********            ",-6.71153010000000,108.53971530000000,"KAB. CIREBON",KEDAWUNG,KERTAWINANGUN
692413,533112381465,"PJU *********            ",-6.72251200000000,108.56802270000000,"KOTA CIREBON",KEJAKSAN,SUKAPURA
692414,533113375374,"PT. ***** **** ***** ***",-6.62301079111110,108.51886841111000,"KAB. CIREBON",KEDAWUNG,KERTAWINANGUN
692415,533113770125,"PJU **********",-6.72192470000000,108.55531740000000,"KOTA CIREBON",KESAMBI,PEKIRINGAN
692416,533113636211,"PJU ******* ********** **",-6.72778320000000,108.56173330000000,"KOTA CIREBON",LEMAHWUNGKUK,PEGAMBIRAN
692417,533113066970,"PJU ***** **********",-6.71826010000000,108.56431480000000,"KOTA CIREBON",LEMAHWUNGKUK,PANJUNAN
692418,533113532638,"PJU ****** **** *******",-6.73874210000000,108.58219930000000,"KOTA CIREBON",LEMAHWUNGKUK,PEGAMBIRAN
692419,533113071986,"PJU ** ** ******* *****",-6.72905860000000,108.55921500000000,"KOTA CIREBON",KESAMBI,DRAJAT
692420,533113072109,"PJU **** ****",-6.72484870000000,108.57358870000000,"KOTA CIREBON",LEMAHWUNGKUK,LEMAHWUNGKUK
692421,533113071978,"PJU ** ***** ***** *",-6.73183197111110,108.56205961111000,"KOTA CIREBON",KESAMBI,DRAJAT
692422,533113078032,"PJU ** ****** ***** **",-6.73902155111110,108.52563641111000,"KOTA CIREBON",KESAMBI,KARYAMULYA
692423,533113075130,"PJU ** ********",-6.73918300000000,108.56522600000000,"KOTA CIREBON",HARJAMUKTI,LARANGAN
692424,533113042015,"PJU ****** **** *******",-6.75706000000000,108.57099000000000,"KAB. CIREBON",MUNDU,PAMENGKANG
692425,533113042128,"PJU ****** **** *******",-6.75701000000000,108.57098000000000,"KAB. CIREBON",MUNDU,PAMENGKANG
692426,533113216279,"PJU ****** *** ***",-6.59727100000000,108.51108000000000,"KAB. CIREBON",KEPETAKAN,"PEGAGAN KIDUL"
692427,533113071881,"PJU ** ********* *",-6.72989580000000,108.54746850000000,"KOTA CIREBON",KESAMBI,SUNYARAGI
692428,533113071903,"PJU ***** ******** *****",-6.71236060000000,108.55953840000000,"KOTA CIREBON",KEJAKSAN,KEJAKSAN
692429,533113067007,"PJU ** ** ********",-6.73161660000000,108.57725520000000,"KOTA CIREBON",LEMAHWUNGKUK,PEGAMBIRAN
692430,533113057974,"PJU ********* ******",-6.79200304000000,108.52219210000000,"KAB. CIREBON",TALUN,CIPERNA
692431,533113080917,"PJU ** ********",-6.71981250000000,108.56357010000000,"KOTA CIREBON",PEKALIPAN,PEKALANGAN
692432,533113066763,"PJU ***** *******",-6.71015800000000,108.55075220000000,"KOTA CIREBON",KEJAKSAN,SUKAPURA
692433,533113072203,"PJU ***** *******",-6.72062600000000,108.56988100000000,"KOTA CIREBON",LEMAHWUNGKUK,LEMAHWUNGKUK
692434,533113072095,"PJU ******** ***** ** *",-6.74250790000000,108.56058150000000,"KOTA CIREBON",HARJAMUKTI,KECAPI
692435,533113770109,"PJU ********",-6.75119120000000,108.54623690000000,"KOTA CIREBON",HARJAMUKTI,KALIJAGA
692436,533113770095,"PJU **********",-6.74790280000000,108.59172580000000,"KOTA CIREBON",LEMAHWUNGKUK,PEGAMBIRAN
692437,533113216819,"PJU ****** **** *********",-6.75700381111110,108.59339761111000,"KAB. CIREBON",MUNDU,"MUNDU PESISIR"
692438,533113213974,"PJU ************",-6.61554318000000,108.51865550000000,"KAB. CIREBON",SURANENGGALA,SURANENGGALA
692439,533113216756,"PJU ********** *",-6.75945021111110,108.56589621111000,"KAB. CIREBON",MUNDU,PAMENGKANG
692440,533113042263,"PJU ****** **** *******",-6.91526858500000,108.73461491500000,"KAB. CIREBON",CILEDUG,"JATISEENG KIDUL"
692441,533113042289,"PJU ****** **** *******",-6.91526858500000,108.73461491500000,"KAB. CIREBON",CILEDUG,"JATISEENG KIDUL"
692442,533113042297,"PJU ****** **** *******",-6.91526858500000,108.73461491500000,"KAB. CIREBON",CILEDUG,"JATISEENG KIDUL"
692443,533113216801,"PJU ********* *** ** ****",-6.76248471111100,108.59636531111000,"KAB. CIREBON",MUNDU,BANDENGAN
692444,533113080688,"PJU ** ****** *** *******",-6.73977600000000,108.53250850000000,"KOTA CIREBON",KESAMBI,KARYAMULYA
692445,533113532661,"PJU ****** **** *******",-6.74097110000000,108.56418790000000,"KOTA CIREBON",HARJAMUKTI,LARANGAN
692446,533113072061,"PJU ****** **** *****",-6.73078400000000,108.57692800000000,"KOTA CIREBON",LEMAHWUNGKUK,PEGAMBIRAN
692447,533113072182,"PJU ***** *******",-6.72515500000000,108.55117100000000,"KOTA CIREBON",KESAMBI,KESAMBI
692448,533113072012,"PJU ***** ******** *****",-6.71255200000000,108.56345400000000,"KOTA CIREBON",KEJAKSAN,KEJAKSAN
692449,533113066692,"PJU ***** *********",-6.70281800000000,108.56282000000000,"KOTA CIREBON",KEJAKSAN,KESENDEN
692450,533113078310,"PJU ** ******* ****",-6.74628394111110,108.53681781111000,"KOTA CIREBON",HARJAMUKTI,HARJAMUKTI
692451,533113078099,"PJU ** ****** *****",-6.74278340000000,108.56745760000000,"KOTA CIREBON",HARJAMUKTI,LARANGAN
692452,533113155035,"PJU ***** ******* *** **",-6.76628601111110,108.55006911111000,"KOTA CIREBON",HARJAMUKTI,ARGASUNYA
692453,533113532646,"PJU ****** **** *******",-6.75368711111000,108.54623611111000,"KOTA CIREBON",HARJAMUKTI,KALIJAGA
692454,533113535278,"PJU **** **********",-6.76381600000000,108.56246300000000,"KAB. CIREBON",MUNDU,PAMENGKANG
692455,533113079623,"PJU ********* *******",-6.79162900000000,108.52133700000000,"KAB. CIREBON",TALUN,CIPERNA
692456,533113066797,"PJU ***** ****** ****",-6.71828900000000,108.55724700000000,"KOTA CIREBON",KESAMBI,PEKIRINGAN
692457,533113770117,"PJU ******",-6.75120410000000,108.54609360000000,"KOTA CIREBON",HARJAMUKTI,KECAPI
692458,533113218465,"PJU ***** *******",-6.77001500000000,108.54371660000000,"KOTA CIREBON",HARJAMUKTI,ARGASUNYA
692459,533113213958,"PJU ******** *",-6.66250000000000,108.53825300000000,"KAB. CIREBON","GUNUNG JATI",WANAKAYA
692460,533711201698,"PJU *********** *********",-6.77987600000000,108.52336500000000,"KAB. CIREBON",BEBER,PATAPAN
692461,533113630698,"PEN******* ****",-6.67937660000000,108.54240220000000,"KAB. CIREBON",MUNDU,CITEMU
692463,533212618651,"PJU ****** *** ********",-6.97602030000000,108.44057620000000,"KAB. KUNINGAN",CIGUGUR,CIGUGUR
692464,533212618764,"PJU ****** *** ********",-6.97263210000000,108.43853100000000,"KAB. KUNINGAN",CIGUGUR,CIGUGUR
692465,533212618798,"PJU ****** *** ********",-6.97709990000000,108.44064680000000,"KAB. KUNINGAN",CIGUGUR,CIGUGUR
692466,533212618644,"PJU ****** *** ********",-6.97709990000000,108.44064680000000,"KAB. KUNINGAN",CIGUGUR,CIGUGUR
692467,533211563923,"PJU *** ******           ",-7.05787710000000,108.63437950000000,"KAB. KUNINGAN",KARANGKANCANA,SEGONG
692468,533211563931,"PJU ** ********          ",-7.06020350000000,108.63185060000000,"KAB. KUNINGAN",CIWARU,GARAJATI
692470,533212367868,"PJU **** ******** *",-6.99439700000000,108.44776500000000,"KAB. KUNINGAN",KADUGEDE,BAYUNING
692471,533212367850,"PJU **** ******** *",-6.99419400000000,108.44479800000000,"KAB. KUNINGAN",KADUGEDE,BAYUNING
692472,533211572315,"PJU *****                ",-7.02699840000000,108.67490360000000,"KAB. KUNINGAN",CIMAHI,CILEUYA
692473,533211572323,"PJU *****                ",-7.05657080000000,108.75100070000000,"KAB. KUNINGAN",CIBINGBIN,SUKAMAJU
692474,533211572331,"PJU *****                ",-7.05576040000000,108.75508440000000,"KAB. KUNINGAN",CIBINGBIN,CIBINGBIN
692475,533211572349,"PJU *****                ",-7.11930030000000,108.67845170000000,"KAB. KUNINGAN",KARANGKANCANA,JABRANTI
692476,533211579058,"PJU                      ",-7.04678900000000,108.63815980000000,"KAB. KUNINGAN",KUNINGAN,KUNINGAN
692478,533211838317,"PJU *****                ",-6.98424030000000,108.41666290000000,"KAB. KUNINGAN",DARMA,KARANGSARI
692480,533211838333,"PJU *****                ",-7.06514430000000,108.75354340000000,"KAB. KUNINGAN",CIBINGBIN,SINDANGJAWA
692489,533211741290,"PJU                      ",-7.00670320000000,108.39728190000000,"KAB. KUNINGAN",DARMA,CIKUPA
692490,533211742899,"PJU *****                ",-7.01951010000000,108.39431930000000,"KAB. KUNINGAN",DARMA,CIPASUNG
692492,533211744661,"PJU ****** *****         ",-6.98205680000000,108.39033310000000,"KAB. KUNINGAN",DARMA,GUNUNGSIRAH
692495,533211797378,"PJU *****                ",-7.08071780000000,108.74716100000000,"KAB. KUNINGAN",CIBINGBIN,CIANGIR
692507,533211744679,"PJU ********* ****** *   ",-7.01641050000000,108.39886020000000,"KAB. KUNINGAN",DARMA,CIPASUNG
692517,533212664856,"PJU **** ********",-7.04958930000000,108.49750070000000,"KAB. KUNINGAN",CINIRU,CIJEMIT
692518,533212664872,"PJU **** ********",-7.04904570000000,108.49805650000000,"KAB. KUNINGAN",CINIRU,CIJEMIT
692519,533212664831,"PJU **** ********",-7.04855330000000,108.49970590000000,"KAB. KUNINGAN",CINIRU,CIJEMIT
692520,533212664880,"PJU ****** *** ********",-7.01554000000000,108.63077200000000,"KAB. KUNINGAN",CINIRU,CIJEMIT
692521,533212618628,"PJU ****** *** ********",-6.98022260000000,108.45144630000000,"KAB. KUNINGAN",CIGUGUR,CIGUGUR
692522,533212618827,"PJU ****** *** ********",-6.98124530000000,108.45385020000000,"KAB. KUNINGAN",CIGUGUR,CIGUGUR
692523,533212618835,"PJU ****** *** ********",-6.98178160000000,108.45596760000000,"KAB. KUNINGAN",CIGUGUR,CIGUGUR
692524,533212618610,"PJU ****** *** ********",-6.98022260000000,108.45144630000000,"KAB. KUNINGAN",CIGUGUR,CIGUGUR
692525,533212616578,"PJU **** ********* *",-6.94977640000000,108.53203180000000,"KAB. KUNINGAN",CIPICUNG,MEKARSARI
692526,533211565339,"PJU                      ",-7.08807640000000,108.64846070000000,"KAB. KUNINGAN",KARANGKANCANA,SEGONG
692527,533211565347,"PJU                      ",-7.05662400000000,108.63613270000000,"KAB. KUNINGAN",KARANGKANCANA,SEGONG
692529,533211575503,"PJU                      ",-7.04640720000000,108.63964430000000,"KAB. KUNINGAN",CIWARU,GARAJATI
692536,533211813731,"PJU *****                ",-6.97065780000000,108.47490400000000,"KAB. KUNINGAN",CIGUGUR,WINDUHERANG
692537,533211836353,"PJU *****",-7.02049960000000,108.55969770000000,"KAB. KUNINGAN",MALEBER,KUTARAJA
692538,533211836361,"PJU *****",-7.02166870000000,108.56208580000000,"KAB. KUNINGAN",MALEBER,KUTARAJA
692539,533211743125,"PJU                      ",-7.03917660000000,108.40416820000000,"KAB. KUNINGAN",DARMA,SAKERTABARAT
692540,533211743133,"PJU                      ",-7.03600130000000,108.40492400000000,"KAB. KUNINGAN",DARMA,SAKERTABARAT
692541,533211743141,"PJU                      ",-7.03349870000000,108.40717660000000,"KAB. KUNINGAN",DARMA,SAKERTABARAT
692542,533211743158,"PJU                      ",-7.03777460000000,108.40256910000000,"KAB. KUNINGAN",DARMA,SAKERTABARAT
692543,533211743166,"PJU                      ",-7.02044270000000,108.39210300000000,"KAB. KUNINGAN",DARMA,SAKERTABARAT
692546,533211785715,"PJU *****                ",-6.99187940000000,108.50569020000000,"KAB. KUNINGAN",KUNINGAN,KARANGTAWANG
692554,533211806157,"PJU *****                ",-6.95459540000000,108.49054080000000,"KAB. KUNINGAN",KUNINGAN,KASTURI
692556,533211812563,"PJU *****                ",-7.02120330000000,108.56246000000000,"KAB. KUNINGAN",MALEBER,KUTARAJA
692557,533211812571,"PJU *****                ",-7.02120330000000,108.56246000000000,"KAB. KUNINGAN",MALEBER,KUTARAJA
692558,533211741537,"PJU                      ",-7.05591370000000,108.39922430000000,"KAB. KUNINGAN",DARMA,CAGEUR
692559,533211741545,"PJU                      ",-7.04177870000000,108.39886020000000,"KAB. KUNINGAN",DARMA,SUKARASA
692560,533211741552,"PJU                      ",-7.03634520000000,108.41519680000000,"KAB. KUNINGAN",DARMA,SAKERTATIMUR
692561,533211741560,"PJU                      ",-7.03634520000000,108.41519680000000,"KAB. KUNINGAN",DARMA,SAKERTATIMUR
692564,533211741594,"PJU                      ",-7.01046950000000,108.39980900000000,"KAB. KUNINGAN",DARMA,CIKUPA
692565,533211741607,"PJU                      ",-7.03953802000000,108.40511020000000,"KAB. KUNINGAN",DARMA,SAKERTABARAT
692566,533211743237,"PJU                      ",-7.01196660000000,108.42148470000000,"KAB. KUNINGAN",DARMA,JAGARA
692573,533211786973,"PJU *****                ",-7.01208500000000,108.42837830000000,"KAB. KUNINGAN",DARMA,CIKUPA
692574,533211742840,"PJU                      ",-7.02127350000000,108.40277840000000,"KAB. KUNINGAN",DARMA,PANINGGARAN
692575,533211742857,"PJU                      ",-7.02127350000000,108.40277840000000,"KAB. KUNINGAN",DARMA,PANINGGARAN
692576,533211742865,"PJU                      ",-7.02127350000000,108.40277840000000,"KAB. KUNINGAN",DARMA,PANINGGARAN
692577,533211742873,"PJU                      ",-7.02096200000000,108.40058390000000,"KAB. KUNINGAN",DARMA,PANINGGARAN
692578,533211241632,"PJU                      ",-6.97254280000000,108.58248960000000,"KAB. KUNINGAN",CIAWIGEBANG,CIAWIGEBANG
692579,533212728562,"PJU **** *********",-6.96687666700000,108.56537666700000,"KAB. KUNINGAN",CIAWIGEBANG,PANGKALAN
692580,533212728397,"PJU ****** *** ********",-7.03992660000000,108.39700590000000,"KAB. KUNINGAN",DARMA,SUKARASA
692581,533212728666,"PJU **** *********",-6.96534170000000,108.56808670000000,"KAB. KUNINGAN",CIAWIGEBANG,PANGKALAN
692582,533212728570,"PJU **** *********",-6.96671500000000,108.56511500000000,"KAB. KUNINGAN",CIAWIGEBANG,PANGKALAN
692583,533212728625,"PJU **** *********",-6.96650333300000,108.56817000000000,"KAB. KUNINGAN",CIAWIGEBANG,PANGKALAN
692584,533212728609,"PJU **** *********",-6.96663820000000,108.56690960000000,"KAB. KUNINGAN",CIAWIGEBANG,PANGKALAN
692585,533212728704,"PJU **** *********",-6.96508320000000,108.56800770000000,"KAB. KUNINGAN",CIAWIGEBANG,PANGKALAN
692586,533212728284,"PJU ** ************ **",-6.97993980000000,108.53791420000000,"KAB. KUNINGAN",SINDANGAGUNG,SINDANGAGUNG
692587,533212441466,"PJU ****** *",-6.99969420000000,108.43146120000000,"KAB. KUNINGAN",NUSAHERANG,CIKADU
692589,533212367843,"PJU **** ******** *",-6.99602830000000,108.44717340000000,"KAB. KUNINGAN",KADUGEDE,BAYUNING
692590,533212320562,"LAM** ********** *****",-6.97971666700000,108.53523333300000,"KAB. KUNINGAN",SINDANGAGUNG,KERTAUNGARAN
692592,533212629732,"PJU ******",-6.99157380000000,108.50330040000000,"KAB. KUNINGAN",KUNINGAN,KARANGTAWANG
692593,533212577449,"PJU ****** *** ********",-6.98646580000000,108.49678650000000,"KAB. KUNINGAN",KUNINGAN,WINDUHAJI
692594,533212577431,"PJU ****** *** ********",-6.98821500000000,108.49663710000000,"KAB. KUNINGAN",KUNINGAN,WINDUHAJI
692595,533212967824,"PJU **** ***** *** *",-6.95851510000000,108.53342730000000,"KAB. KUNINGAN",SINDANGAGUNG,DUKUHLOR
692597,533211806173,"PJU *****                ",-6.95356310000000,108.49350630000000,"KAB. KUNINGAN",KUNINGAN,KASTURI
692599,533211806199,"PJU *****                ",-6.95374920000000,108.49388170000000,"KAB. KUNINGAN",KUNINGAN,KASTURI
692600,533211806202,"PJU *****                ",-6.95374920000000,108.49388170000000,"KAB. KUNINGAN",KUNINGAN,KASTURI
692604,533211810152,"PJU *****                ",-6.94200710000000,108.60497820000000,"KAB. KUNINGAN",CIAWIGEBANG,CIGARUKGAK
692605,533211810160,"PJU *****                ",-6.93935170000000,108.60592160000000,"KAB. KUNINGAN",CIAWIGEBANG,CIGARUKGAK
692606,533211810178,"PJU *****                ",-6.99438000000000,108.59993200000000,"KAB. KUNINGAN",DARMA,CIKUPA
692611,533211811745,"PJU *****                ",-6.95226900000000,108.48849170000000,"KAB. KUNINGAN",KUNINGAN,CIRENDANG
692612,533211811752,"PJU *****                ",-6.95627850000000,108.49468990000000,"KAB. KUNINGAN",KUNINGAN,KASTURI
692615,533211823278,"PJU *****                ",-6.96118830000000,108.49399110000000,"KAB. KUNINGAN",KUNINGAN,KEDUNGARUM
692616,533211823286,"PJU *****                ",-6.96102340000000,108.49414950000000,"KAB. KUNINGAN",KUNINGAN,KEDUNGARUM
692617,533211823294,"PJU *****                ",-6.96243840000000,108.49118140000000,"KAB. KUNINGAN",KUNINGAN,CIJOHO
692618,533211823308,"PJU *****                ",-6.96102340000000,108.49414950000000,"KAB. KUNINGAN",KUNINGAN,KEDUNGARUM
692619,533211823316,"PJU *****                ",-6.96112060000000,108.49241020000000,"KAB. KUNINGAN",KUNINGAN,CIPORANG
692622,533211740072,"PJU ********             ",-7.02019720000000,108.36651490000000,"KAB. MAJALENGKA",CIKIJING,CIKIJING
692625,533211741656,"PJU                      ",-7.03942100000000,108.40403940000000,"KAB. KUNINGAN",DARMA,SAKERTABARAT
692626,533211801284,"PJU *****                ",-7.02129670000000,108.58694730000000,"KAB. KUNINGAN",LEBAKWANGI,CINAGARA
692628,533211775716,"PJU *****                ",-7.00373400000000,108.35875240000000,"KAB. MAJALENGKA",CIKIJING,BAGJASARI
692629,533211775724,"PJU *****                ",-7.00154330000000,108.34696170000000,"KAB. MAJALENGKA",CIKIJING,SUKASARI
692630,533211775732,"PJU *****                ",-7.02019380000000,108.37078140000000,"KAB. MAJALENGKA",CIKIJING,CIKIJING
692631,533211775740,"PJU *****                ",-7.02281530000000,108.37009270000000,"KAB. MAJALENGKA",CIKIJING,CIKIJING
692632,533211775757,"PJU *****                ",-7.02213333300000,108.37018330000000,"KAB. MAJALENGKA",CIKIJING,CIKIJING
692633,533212742342,"PJU ****** *** ********",-6.99643050000000,108.63326420000000,"KAB. KUNINGAN",LURAGUNG,CIKANDANG
692634,533212742391,"PJU ****** *** ********",-6.99770770000000,108.63298310000000,"KAB. KUNINGAN",LURAGUNG,CIKANDANG
692635,533212742453,"PJU ****** *** ********",-6.99689720000000,108.63481960000000,"KAB. KUNINGAN",LURAGUNG,CIKANDANG
692636,533212750672,"PJU ****** *** ********",-6.98709580000000,108.60704550000000,"KAB. KUNINGAN",CIAWIGEBANG,CIOMAS
692637,533212517333,"PJU **** ****",-7.04674230000000,108.46367940000000,"KAB. KUNINGAN",HANTARA,PAKAPASANGIRANG
692638,533211240264,"PJU                      ",-6.99329060000000,108.66822260000000,"KAB. KUNINGAN",CIDAHU,DATAR
692639,533211240272,"PJU                      ",-6.99318820000000,108.66815990000000,"KAB. KUNINGAN",CIDAHU,DATAR
692640,533211240280,"PJU                      ",-6.99329060000000,108.66822260000000,"KAB. KUNINGAN",CIDAHU,DATAR
692641,533211240298,"PJU                      ",-6.99329060000000,108.66822260000000,"KAB. KUNINGAN",CIDAHU,DATAR
692642,533211240302,"PJU                      ",-6.99329060000000,108.66822260000000,"KAB. KUNINGAN",CIDAHU,DATAR
692643,533211241969,"PJU                      ",-6.95704870000000,108.68281920000000,"KAB. KUNINGAN",CIDAHU,CIKEUSIK
692644,533211240369,"PJU                      ",-6.97042540000000,108.58118520000000,"KAB. KUNINGAN",CIAWIGEBANG,CIAWIGEBANG
692645,533212625023,"PJU ******* * *",-7.04422324900000,108.75871429600000,"KAB. KUNINGAN",CIBINGBIN,CITENJO
692646,533212625102,"PJU ******* * **",-7.04349930000000,108.75694070000000,"KAB. KUNINGAN",CIBINGBIN,CITENJO
692647,533212518620,"PJU ****** **********",-7.04686950000000,108.46326300000000,"KAB. KUNINGAN",HANTARA,PAKAPASANGIRANG
692648,533212577888,"PJU **** ******** *****",-6.93458950000000,108.62362240000000,"KAB. KUNINGAN",CIAWIGEBANG,CIKUBANGMULYA
692649,533212577862,"PJU **** ******** ***** *",-6.93458990000000,108.62362200000000,"KAB. KUNINGAN",CIAWIGEBANG,CIKUBANGMULYA
692650,533212577870,"PJU **** ******** ***** *",-6.93259500000000,108.62442820000000,"KAB. KUNINGAN",CIAWIGEBANG,CIKUBANGMULYA
692651,533212625098,"PJU ******* * **",-7.04416100000000,108.75626430000000,"KAB. KUNINGAN",CIBINGBIN,CITENJO
692652,533212625056,"PJU ******* * *",-7.04567150000000,108.75941180000000,"KAB. KUNINGAN",CIBINGBIN,CITENJO
692653,533212625128,"PJU ******* * **",-7.04549571000000,108.75602030000000,"KAB. KUNINGAN",CIBINGBIN,CITENJO
692654,533212625080,"PJU ******* * **",-7.04471639900000,108.75598382000000,"KAB. KUNINGAN",CIBINGBIN,CITENJO
692655,533212625110,"PJU ******* * **",-7.04349930000000,108.75694070000000,"KAB. KUNINGAN",CIBINGBIN,CITENJO
692656,533212625007,"PJU ******* * *",-7.03962990000000,108.76017470000000,"KAB. KUNINGAN",CIBINGBIN,CITENJO
692657,533212625049,"PJU ******* * *",-7.04567150000000,108.75941180000000,"KAB. KUNINGAN",CIBINGBIN,CITENJO
692658,533212625136,"PJU ******* * **",-7.04279719600000,108.75627592600000,"KAB. KUNINGAN",CIBINGBIN,CITENJO
692659,533212340162,"PJU ***** ******",-6.95832240000000,108.50808600000000,"KAB. KUNINGAN",KUNINGAN,PADAREK
692660,533212967808,"PJU **** ***** *** *",-6.95773830000000,108.53468500000000,"KAB. KUNINGAN",SINDANGAGUNG,DUKUHLOR
692661,533212582694,"PJU ****** *** ********",-6.97596049900000,108.47014390000000,"KAB. KUNINGAN",CIGUGUR,CILEULEUY
692662,533212582724,"PJU ****** *** ********",-6.98992640000000,108.55392280000000,"KAB. KUNINGAN",LEBAKWANGI,PAGUNDAN
692663,533212582678,"PJU ****** *** ********",-6.98157370000000,108.45692380000000,"KAB. KUNINGAN",CIGUGUR,CILEULEUY
692664,533212516832,"PJU ***** ***********",-6.98701010000000,108.60188400000000,"KAB. KUNINGAN",CIAWIGEBANG,GERESIK
692665,533212314626,"SPA** ***** ********",1.00000000000000,1.00000000000000,,,
692667,533212517390,"PJU ****** *",-7.01119640000000,108.43261200000000,"KAB. KUNINGAN",KADUGEDE,TINGGAR
692668,533210103446,"PEM** ********** ** ***  ",-7.01931666666660,108.36928333333000,"KAB. MAJALENGKA",CIKIJING,CIKIJING
692669,533210103296,"PEM** ********** * ***   ",-7.01647710000000,108.36544080000000,"KAB. MAJALENGKA",CIKIJING,SUKAMUKTI
692670,533210103300,"PEM** ********** * ***   ",-7.01671540000000,108.36248570000000,"KAB. MAJALENGKA",CIKIJING,SUKAMUKTI
692671,533210103318,"PEM** ********** * ***   ",-7.01716110000000,108.36661920000000,"KAB. MAJALENGKA",CIKIJING,CIKIJING
692672,533210103326,"PEM** ********** * ***   ",-7.01675000000000,108.36661670000000,"KAB. MAJALENGKA",CIKIJING,CIKIJING
692673,533210103334,"PEM** ********** * ***   ",-7.01840720000000,108.36809120000000,"KAB. MAJALENGKA",CIKIJING,CIKIJING
692674,533210103342,"PEM** ********** * ***   ",-7.01963010000000,108.36750270000000,"KAB. MAJALENGKA",CIKIJING,CIKIJING
692675,533212408001,"NIA *******",-6.99734080000000,108.56600470000000,"KAB. KUNINGAN",LEBAKWANGI,PAJAWANKIDUL
692676,533212542416,"PJU **** *********",-6.96147590000000,108.58360760000000,"KAB. KUNINGAN",CIAWIGEBANG,PAMIJAHAN
692677,533212701759,"PJU ****** *** ********",-6.97481410000000,108.57718540000000,"KAB. KUNINGAN",CIAWIGEBANG,CIOMAS
692678,533212702416,"PJU ****** *** ********",-6.98561070000000,108.61983720000000,"KAB. KUNINGAN",LURAGUNG,PANYOSOGAN
692679,533212702304,"PJU ****** *** ********",-6.99668030000000,108.66145830000000,"KAB. KUNINGAN",LURAGUNG,BENDA
692680,533212742375,"PJU ****** *** ********",-6.99747820000000,108.63202530000000,"KAB. KUNINGAN",LURAGUNG,CIKANDANG
692681,533212742461,"PJU ****** *** ********",-6.99747820000000,108.63202530000000,"KAB. KUNINGAN",LURAGUNG,CIKANDANG
692682,533212742326,"PJU ****** *** ********",-6.99594540000000,108.63417300000000,"KAB. KUNINGAN",LURAGUNG,CIKANDANG
692683,533212742359,"PJU ****** *** ********",-6.99747820000000,108.63202530000000,"KAB. KUNINGAN",LURAGUNG,CIKANDANG
692684,533212750503,"PJU ****** *** ********",-7.00258180000000,108.56911720000000,"KAB. KUNINGAN",LEBAKWANGI,PAGUNDAN
692685,533212750537,"PJU ****** *** ********",-7.00258180000000,108.56911720000000,"KAB. KUNINGAN",LEBAKWANGI,PAGUNDAN
692686,533212750387,"PJU ****** *** ********",-6.98826666666670,108.54922000000000,"KAB. KUNINGAN",LEBAKWANGI,PAGUNDAN
692687,533212548174,"PJU ** *********",-6.94622530000000,108.69903030000000,"KAB. KUNINGAN",CIMAHI,MEKARJAYA
692688,533212548260,"PJU ** ********",-7.01769820000000,108.61664940000000,"KAB. KUNINGAN",LURAGUNG,CIRAHAYU
692689,533212548278,"PJU ** ***********",-7.04536670000000,108.62591270000000,"KAB. KUNINGAN",LURAGUNG,DUKUHPICUNG
692690,533212684918,"PJU ****** *** ********",-6.98287500000000,108.68369100000000,"KAB. KUNINGAN",CIMAHI,KANANGA
692691,533212693159,"PJU ***** ***** *******",-6.99380170000000,108.46070620000000,"KAB. KUNINGAN",CIGUGUR,CIGADUNG
692692,533212510455,"PJU **** ********** *",-6.98385880000000,108.61625130000000,"KAB. KUNINGAN",LURAGUNG,PANYOSOGAN
692693,533212510422,"PJU **** ********** *",-6.98314370000000,108.61474480000000,"KAB. KUNINGAN",LURAGUNG,PANYOSOGAN
692694,533212510448,"PJU **** ********** *",-6.98409000000000,108.61311830000000,"KAB. KUNINGAN",LURAGUNG,PANYOSOGAN
692695,533212510406,"PJU **** ********** *",-6.98383300000000,108.61636550000000,"KAB. KUNINGAN",LURAGUNG,PANYOSOGAN
692696,533212548286,"PJU ** ***** *****",-7.02554500000000,108.75715200000000,"KAB. KUNINGAN",CIBINGBIN,DUKUHBADAG
692697,533212548190,"PJU **** ********",-7.00662450000000,108.76510820000000,"KAB. KUNINGAN",CIBINGBIN,BANTARPANJANG
692698,533212548245,"PJU ** ***** **** *",-7.00828770000000,108.64718020000000,"KAB. KUNINGAN",LURAGUNG,DUKUHMAJA
692699,533212548182,"PJU ** ***** **** *",-7.00765304000000,108.64530330000000,"KAB. KUNINGAN",LURAGUNG,DUKUHMAJA
692700,533212548237,"PJU ** ********",-7.07742770000000,108.75768680000000,"KAB. KUNINGAN",CIBINGBIN,CIPONDOK
692701,533212548229,"PJU ** ********* *",-7.06162640000000,108.75745480000000,"KAB. KUNINGAN",CIBINGBIN,SUKAHARJA
692702,533212855855,"PJU ****** ********",-6.98276340000000,108.44498060000000,"KAB. KUNINGAN",CIGUGUR,CILEULEUY
692703,533210509752,"PJU ***** ********       ",-7.05642950000000,108.75408240000000,"KAB. KUNINGAN",CIBINGBIN,CIBINGBIN
692704,533210509760,"PJU ***** ********       ",-6.98226100000000,108.64362180000000,"KAB. KUNINGAN",CIDAHU,CIDAHU
692708,533210509807,"PJU ***** ********       ",-6.95705780000000,108.48886060000000,"KAB. KUNINGAN",KUNINGAN,KUNINGAN
692710,533210509823,"PJU ***** ********       ",-6.96843530000000,108.51558090000000,"KAB. KUNINGAN",KUNINGAN,ANCARAN
692711,533212488514,"PJU ************",-6.97601690000000,108.53412040000000,"KAB. KUNINGAN",SINDANGAGUNG,SINDANGAGUNG
692712,533212488401,"PJU *********",-6.99756370000000,108.53350170000000,"KAB. KUNINGAN",GARAWANGI,PURWASARI
692713,533212487148,"PJU *** * ********",-7.08548280000000,108.71362190000000,"KAB. KUNINGAN",CIBEUREUM,CIMARA
692714,533212488450,"PJU ******* *****",-7.02335710000000,108.48899590000000,"KAB. KUNINGAN",CINIRU,MUNGKALDATAR
692715,533212487155,"PJU ***** ***** *****",-7.06208200000000,108.75731190000000,"KAB. KUNINGAN",CIBINGBIN,CIBINGBIN
692716,533212488555,"PJU **********",-7.03499350000000,108.44744890000000,"KAB. KUNINGAN",KADUGEDE,MARGABAKTI
692717,533212488468,"PJU ***********",-6.97667600000000,108.51509200000000,"KAB. KUNINGAN",KUNINGAN,KUNINGAN
692718,533212642925,"PJU ***** ***** ********",-6.96454160000000,108.46761660000000,"KAB. KUNINGAN",CIGUGUR,CIPARI
692719,533212640675,"PJU ***** *******",-6.95750750000000,108.49351840000000,"KAB. KUNINGAN",KUNINGAN,KEDUNGARUM
692720,533212477779,"PJU **** **** ***",-6.97254280000000,108.58248960000000,"KAB. KUNINGAN",CIAWIGEBANG,CIAWIGEBANG
692721,533212867842,"PJU ** ******************",-7.01576300000000,108.62938500000000,"KAB. KUNINGAN",LURAGUNG,SINDANGSUKA
692723,533212777039,"PJU ****** *** ********",-6.98351800000000,108.61033800000000,"KAB. KUNINGAN",CIAWIGEBANG,GERESIK
692724,533212642584,"PJU **********",-7.05993330000000,108.43402330000000,"KAB. KUNINGAN",HANTARA,BUNIGEULIS
692725,533212859146,"PJU ** **********",-6.93443331886340,108.63991197199000,"KAB. KUNINGAN",KALIMANGGIS,WANASARAYA
692726,533212805403,"PJU ** *************",-6.93402020000000,108.61292370000000,"KAB. KUNINGAN",CIAWIGEBANG,CIKUBANGMULYA
692727,533212805341,"PJU ** **********",-6.94218600000000,108.60170120000000,"KAB. KUNINGAN",CIAWIGEBANG,CIGARUKGAK
692728,533212472594,"PJU **** *******",-6.95467490000000,108.48939460000000,"KAB. KUNINGAN",KUNINGAN,KASTURI
692729,533212647702,"PJU ****** *** ********",-7.05507120000000,108.74464420000000,"KAB. KUNINGAN",CIBINGBIN,SUKAMAJU
692730,533212742367,"PJU ****** *** ********",-6.99035840000000,108.62385220000000,"KAB. KUNINGAN",LURAGUNG,CIKANDANG
692731,533212742300,"PJU ****** *** ********",-6.99635560000000,108.63446350000000,"KAB. KUNINGAN",LURAGUNG,CIKANDANG
692732,533212742479,"PJU ****** *** ********",-6.99644000000000,108.63577000000000,"KAB. KUNINGAN",LURAGUNG,CIKANDANG
692733,533212742334,"PJU ****** *** ********",-6.99635560000000,108.63446350000000,"KAB. KUNINGAN",LURAGUNG,CIKANDANG
692734,533212805801,"PJU ** *********",-7.00040000000000,108.47510000000000,"KAB. KUNINGAN",KUNINGAN,CIBINUANG
692735,533212805827,"PJU ** ************",-6.99040000000000,108.50520000000000,"KAB. KUNINGAN",KUNINGAN,KARANGTAWANG
692736,533212803026,"PJU ** ****** *******",-6.96262510000000,108.56040420000000,"KAB. KUNINGAN",CIPICUNG,SUSUKAN
692737,533212802966,"PJU ***** ** ** ******",-6.95852700000000,108.54475300000000,"KAB. KUNINGAN",CIPICUNG,KAROYA
692738,533212803059,"PJU ** ****** *******",-6.95767300000000,108.55341690000000,"KAB. KUNINGAN",CIPICUNG,SUSUKAN
692739,533212803075,"PJU ***** *** ********",-6.95103260000000,108.54519540000000,"KAB. KUNINGAN",CIPICUNG,CIPICUNG
692740,533212803067,"PJU ***** *** ********",-6.94842650000000,108.54167850000000,"KAB. KUNINGAN",CIPICUNG,CIPICUNG
692741,533212739770,"PJU ****** *** ********",-6.96334150000000,108.51411820000000,"KAB. KUNINGAN",KUNINGAN,ANCARAN
692742,533212684942,"PJU ****** *** ********",-6.96714870000000,108.67134080000000,"KAB. KUNINGAN",CIMAHI,KANANGA
692743,533212653768,"PJU ****** *** ********",-7.01500640000000,108.62118380000000,"KAB. KUNINGAN",LURAGUNG,CIRAHAYU
692744,533212653750,"PJU ****** *** ********",-7.01539760000000,108.62145930000000,"KAB. KUNINGAN",LURAGUNG,CIRAHAYU
692745,533212665315,"PJU **** *********",-6.95511820000000,108.55058340000000,"KAB. KUNINGAN",KUNINGAN,CIJOHO
692746,533212653784,"PJU ****** *** ********",-7.01500640000000,108.62118380000000,"KAB. KUNINGAN",LURAGUNG,CIRAHAYU
692747,533212625072,"PJU ******* * *",-7.04381300000000,108.75679810000000,"KAB. KUNINGAN",CIBINGBIN,CITENJO
692748,533212625031,"PJU ******* * *",-7.04685650000000,108.75195600000000,"KAB. KUNINGAN",CIBINGBIN,CITENJO
692749,533212599200,"PJU ***** ***** ******",-6.97710660000000,108.53046380000000,"KAB. KUNINGAN",SINDANGAGUNG,SINDANGSARI
692750,533212769992,"PJU ****** *** ********",-6.97578370000000,108.53129020000000,"KAB. KUNINGAN",LEBAKWANGI,PAGUNDAN
692751,533212517403,"PJU ******* ** *****",-7.03926930000000,108.39737670000000,"KAB. KUNINGAN",DARMA,SUKARASA
692752,533212562592,"PJU **** ******",-6.94866330000000,108.53037600000000,"KAB. KUNINGAN",SINDANGAGUNG,TARAJU
692753,533212546569,"PJU ** * *********",-7.08590950000000,108.71344310000000,"KAB. KUNINGAN",CIBINGBIN,SINDANGJAWA
692754,533212546593,"PJU **** ********",-7.08397400000000,108.72288680000000,"KAB. KUNINGAN",CIBEUREUM,SUKARAPIH
692755,533212542408,"PJU **** ***********",-6.97518710000000,108.59325570000000,"KAB. KUNINGAN",CIAWIGEBANG,CIAWIGEBANG
692756,533212542282,"PJU **********",-6.93408220000000,108.60811020000000,"KAB. KUNINGAN",CIAWIGEBANG,CIGARUKGAK
692757,533212546614,"PJU **** *****",-7.05774800000000,108.75877400000000,"KAB. KUNINGAN",CIBINGBIN,CIBINGBIN
692758,533212667272,"PJU ****** *** ********",-6.98230400000000,108.65592200000000,"KAB. KUNINGAN",CIDAHU,KERTAWINANGUN
692759,533210103367,"WAR**** *****            ",-7.01689030000000,108.36653840000000,"KAB. MAJALENGKA",CIKIJING,CIKIJING
692763,533210103404,"PEM** ********** ** ***  ",-7.02036666700000,108.38086670000000,"KAB. MAJALENGKA",CIKIJING,CIDULANG
692764,533210103412,"PEM** ********** ** ***  ",-7.02195333333330,108.38160333333000,"KAB. MAJALENGKA",CIKIJING,SINDANGPANJI
692765,533210103420,"PEM** ********** ** ***  ",-7.00443530000000,108.33604460000000,"KAB. KUNINGAN",DARMA,KARANGANYAR
692767,533212867834,"PJU ** ******************",-7.02506660000000,108.68037670000000,"KAB. KUNINGAN",LURAGUNG,MARGASARI
692769,533212449352,"PJU ******* *****",-6.97506110000000,108.53204330000000,"KAB. KUNINGAN",SINDANGAGUNG,SINDANGAGUNG
692770,533212653701,"PJU ****** *** ********",-7.01770570000000,108.61836410000000,"KAB. KUNINGAN",LURAGUNG,CIRAHAYU
692771,533212653805,"PJU ****** *** ********",-7.01769820000000,108.61664940000000,"KAB. KUNINGAN",LURAGUNG,CIRAHAYU
692772,533212647361,"PJU ****** *** ********",-6.97390900000000,108.61134390000000,"KAB. KUNINGAN",KALIMANGGIS,KALIMANGGISKULON
692773,533212653719,"PJU ****** *** ********",-7.01666100000000,108.61804680000000,"KAB. KUNINGAN",LURAGUNG,CIRAHAYU
692774,533212653697,"PJU ****** *** ********",-7.01769820000000,108.61664940000000,"KAB. KUNINGAN",LURAGUNG,CIRAHAYU
692775,533212653792,"PJU ****** *** ********",-7.02345130000000,108.58917380000000,"KAB. KUNINGAN",LURAGUNG,CIRAHAYU
692776,533212653776,"PJU ****** *** ********",-7.01539760000000,108.62145930000000,"KAB. KUNINGAN",LURAGUNG,CIRAHAYU
692777,533212653727,"PJU ****** *** ********",-7.01539760000000,108.62145930000000,"KAB. KUNINGAN",LURAGUNG,CIRAHAYU
692778,533212662972,"PJU ****** *** ********",-6.99863840000000,108.53336800000000,"KAB. KUNINGAN",GARAWANGI,GARAWANGI
692779,533212448999,"PER** **** ****",-6.97825260000000,108.58880270000000,"KAB. KUNINGAN",CIAWIGEBANG,CIAWIGEBANG
692780,533212480308,"PJU ***** ******",-7.07496890000000,108.62813570000000,"KAB. KUNINGAN",CIWARU,CIWARU
692781,533212582773,"PJU ****** *** ********",-6.96028870000000,108.44694170000000,"KAB. KUNINGAN",CIGUGUR,CISANTANA
692782,533212582765,"PJU ****** *** ********",-6.99427690000000,108.43038650000000,"KAB. KUNINGAN",CIGUGUR,CILEULEUY
692783,533212582810,"PJU ****** *** ********",-6.97333060000000,108.46541920000000,"KAB. KUNINGAN",CIGUGUR,CIGADUNG
692784,533212582799,"PJU ****** *** ********",-6.99211010000000,108.50791620000000,"KAB. KUNINGAN",KUNINGAN,CITANGTU
692785,533212582732,"PJU ****** *** ********",-6.98769660000000,108.55695190000000,"KAB. KUNINGAN",LEBAKWANGI,PAGUNDAN
692787,533212630684,"PJU **** ********",-7.00451610000000,108.36661180000000,"KAB. MAJALENGKA",CIKIJING,JAGASARI
692788,533212700573,"PJU ****** *** ********",-7.04191610000000,108.49988640000000,"KAB. KUNINGAN",CINIRU,RAMBATAN
692790,533212487035,"PJU *** ** ******** *****",-7.06207300000000,108.67996090000000,"KAB. KUNINGAN",KARANGKANCANA,SUKASARI
692791,533212509225,"PJU **** ******* *",-6.96277910000000,108.51162620000000,"KAB. KUNINGAN",KUNINGAN,PADAREK
692792,533212580388,"PJU ***** ******** ****",-7.03216290000000,108.58054680000000,"KAB. KUNINGAN",LEBAKWANGI,CINAGARA
692793,533212967816,"PJU **** ***** *** *",-6.95635000000000,108.53654690000000,"KAB. KUNINGAN",SINDANGAGUNG,DUKUHLOR
692794,533212360215,"WAR********* *** ******",-7.01036666700000,108.41876666700000,"KAB. KUNINGAN",DARMA,JAGARA
692795,533212340209,"PJU *******",-6.96125080000000,108.50977120000000,"KAB. KUNINGAN",KUNINGAN,PADAREK
692796,533212359950,"WAR********* ********",-6.98653333300000,108.49160000000000,"KAB. KUNINGAN",KUNINGAN,AWIRARANGAN
692797,533212841824,"PJU ****** *** ********",-6.94145000000000,108.69764500000000,"KAB. KUNINGAN",CIDAHU,JATIMULYA
692798,533212641915,"PJU ******  ******** **",-6.93335000000000,108.57574900000000,"KAB. KUNINGAN",CIAWIGEBANG,SUKARAJA
692799,533212802328,"PJU *** ***** *********",-6.96008480000000,108.47974160000000,"KAB. KUNINGAN",KUNINGAN,CIGINTUNG
692808,533212698327,"PJU ****** *** **********",-6.96476460000000,108.62108810000000,"KAB. KUNINGAN",KALIMANGGIS,KALIMANGGISKULON
692809,533212698335,"PJU ****** *** **********",-7.02726400000000,108.59041210000000,"KAB. KUNINGAN",LEBAKWANGI,CINEUMBEUY
692810,533212698368,"PJU ****** *** **********",-6.96508000000000,108.56411500000000,"KAB. KUNINGAN",CIAWIGEBANG,PANGKALAN
692811,533212698297,"PJU ****** *** **********",-6.96712820000000,108.56093870000000,"KAB. KUNINGAN",CIAWIGEBANG,DUKUHDALEM
692812,533212742420,"PJU ****** *** ********",-6.99643050000000,108.63326420000000,"KAB. KUNINGAN",LURAGUNG,CIKANDANG
692813,533212742487,"PJU ****** *** ********",-6.99628110000000,108.63165190000000,"KAB. KUNINGAN",LURAGUNG,CIKANDANG
692814,533212742404,"PJU ****** *** ********",-6.99689720000000,108.63481960000000,"KAB. KUNINGAN",LURAGUNG,CIKANDANG
692815,533212517358,"PJU **** *******",-7.05069140000000,108.46414130000000,"KAB. KUNINGAN",HANTARA,PAKAPASANGIRANG
692816,533212582686,"PJU ****** *** ********",-6.98865160000000,108.46416040000000,"KAB. KUNINGAN",CIGUGUR,CIGADUNG
692817,533212582740,"PJU ****** *** ********",-6.96456075900000,108.42787446300000,"KAB. KUNINGAN",CIGUGUR,PUNCAK
692818,533212582757,"PJU ****** *** ********",-6.98130790000000,108.47280150000000,"KAB. KUNINGAN",CIGUGUR,CILEULEUY
692819,533212582828,"PJU ****** *** ********",-6.98041620000000,108.47196400000000,"KAB. KUNINGAN",CIGUGUR,CILEULEUY
692820,533212777047,"PJU ****** *** ********",-6.98751040000000,108.60174210000000,"KAB. KUNINGAN",CIAWIGEBANG,GERESIK
692821,533212777021,"PJU ****** *** ********",-6.98455300000000,108.61220500000000,"KAB. KUNINGAN",CIAWIGEBANG,GERESIK
692822,533210498236,"KOM**** *** *******      ",-6.97231920000000,108.46317680000000,"KAB. KUNINGAN",CIGUGUR,CIGUGUR
692830,533212701186,"PJU ****** *** ********",-6.96126150000000,108.46423260000000,"KAB. KUNINGAN",KALIMANGGIS,CIPANCUR
692831,533212701178,"PJU ****** *** ********",-6.97892520000000,108.51842400000000,"KAB. KUNINGAN",KALIMANGGIS,CIPANCUR
692832,533212700565,"PJU ****** *** ********",-6.98313430000000,108.48228610000000,"KAB. KUNINGAN",CINIRU,RAMBATAN
692833,533212701846,"PJU ****** *** ********",-6.94211170000000,108.57914140000000,"KAB. KUNINGAN",CIAWIGEBANG,CIOMAS
692834,533212710252,"PJU ****** *** ********",-7.04102720000000,108.63951160000000,"KAB. KUNINGAN",CIWARU,BAOK
692835,533212710229,"PJU ****** *** ********",-7.03956500000000,108.63922210000000,"KAB. KUNINGAN",CIWARU,BAOK
692837,533212517366,"PJU **** *********",-7.05105780000000,108.46302850000000,"KAB. KUNINGAN",HANTARA,PAKAPASANGIRANG
692838,533212710211,"PJU ****** *** ********",-7.03678410000000,108.63938960000000,"KAB. KUNINGAN",CIWARU,BAOK
692839,533212218789,"PJU ***** ****** ****",-6.94944010000000,108.48794510000000,"KAB. KUNINGAN",KUNINGAN,CIRENDANG
692840,533212656923,"PJU ****** *** ********",-6.96681670000000,108.56409980000000,"KAB. KUNINGAN",CIAWIGEBANG,CIAWIGEBANG
692841,533212656893,"PJU ****** *** ********",-6.96681670000000,108.56409980000000,"KAB. KUNINGAN",CIAWIGEBANG,CIAWIGEBANG
692842,533212656869,"PJU ****** *** ********",-6.96680440000000,108.56418360000000,"KAB. KUNINGAN",CIAWIGEBANG,CIAWIGEBANG
692843,533212656877,"PJU ****** *** ********",-6.96633270000000,108.56653850000000,"KAB. KUNINGAN",CIAWIGEBANG,CIAWIGEBANG
692844,533212765902,"PJU ****** *** ********",-7.05591370000000,108.39922430000000,"KAB. KUNINGAN",DARMA,CAGEUR
692845,533212765898,"PJU ****** *** ********",-7.05591370000000,108.39922430000000,"KAB. KUNINGAN",DARMA,CAGEUR
692846,533212518612,"PJU ******",-7.00674920000000,108.41555020000000,"KAB. KUNINGAN",DARMA,JAGARA
692847,533212517382,"PJU ****** *",-7.02049350000000,108.39207240000000,"KAB. KUNINGAN",DARMA,CIPASUNG
692848,533212684926,"PJU ****** *** ********",-6.98212610000000,108.68143920000000,"KAB. KUNINGAN",CIMAHI,KANANGA
692849,533212496774,"PJU ** ********",-6.97995166700000,108.42441166700000,"KAB. KUNINGAN",DARMA,BAKOM
692850,533212496829,"PJU ** *******",-6.99969000000000,108.45229330000000,"KAB. KUNINGAN",KADUGEDE,BABATAN
692851,533212496878,"PJU ** **** ****",-7.00445166700000,108.45315500000000,"KAB. KUNINGAN",KADUGEDE,KADUGEDE
692852,533212496908,"PJU **** ******",-7.05039100000000,108.40034380000000,"KAB. KUNINGAN",DARMA,CAGEUR
692853,533212496845,"PJU ** *******",-6.97493666700000,108.49467830000000,"KAB. KUNINGAN",KUNINGAN,PURWAWINANGUN
692854,533212496717,"PJU ** *******",-6.98723270000000,108.44020810000000,"KAB. KUNINGAN",KADUGEDE,TINGGAR
692855,533212496852,"PJU ** ****** *",-6.98462000000000,108.42352833300000,"KAB. KUNINGAN",NUSAHERANG,JAMBAR
692856,533210652016,"PJU                      ",-6.97687460000000,108.53574200000000,"KAB. KUNINGAN",SINDANGAGUNG,KERTAYASA
692859,533210572099,"PJU                      ",-6.94991910000000,108.49094690000000,"KAB. KUNINGAN",MALEBER,CIKAHURIPAN
692861,533210637355,"PJU                      ",-6.97231920000000,108.46317680000000,"KAB. KUNINGAN",CIGUGUR,CIGUGUR
692862,533210640800,"PJU                      ",-7.01810770000000,108.37386150000000,"KAB. MAJALENGKA",CIKIJING,CIDULANG
692863,533210640818,"PJU                      ",-7.00353240000000,108.40776150000000,"KAB. KUNINGAN",DARMA,DARMA
692866,533210660903,"PJU ** ********          ",-7.01856320000000,108.63815980000000,"KAB. KUNINGAN",LURAGUNG,LURAGUNGLANDEUH
692867,533210660911,"PJU ** ********          ",-7.01727990000000,108.63793230000000,"KAB. KUNINGAN",LURAGUNG,LURAGUNGLANDEUH
692868,533210660929,"PJU ** ********          ",-7.01157560000000,108.64015130000000,"KAB. KUNINGAN",LURAGUNG,LURAGUNGLANDEUH
692869,533210661204,"PJU ** *********         ",-6.99770320000000,108.53764130000000,"KAB. KUNINGAN",GARAWANGI,GARAWANGI
692873,533212700524,"PJU ****** *** ********",-7.05898000000000,108.68121000000000,"KAB. KUNINGAN",CINIRU,RAMBATAN
692875,533210539249,"PEM** ********* ******** ",-6.97795190000000,108.51848590000000,"KAB. KUNINGAN",SINDANGAGUNG,SINDANGSARI
692876,533210539256,"PEM** ********* ******** ",-6.99916230000000,108.54084750000000,"KAB. KUNINGAN",GARAWANGI,GARAWANGI
692877,533210539264,"PEM** ********* ******** ",-6.99861600000000,108.54113530000000,"KAB. KUNINGAN",GARAWANGI,GARAWANGI
692878,533210539272,"PEM** ********* ******** ",-6.99508740000000,108.54121500000000,"KAB. KUNINGAN",GARAWANGI,PURWASARI
692879,533210539280,"PEM** ********* ******** ",-6.99715380000000,108.54100660000000,"KAB. KUNINGAN",GARAWANGI,GARAWANGI
692884,533210542640,"PEM** *** ******** ** ***",-6.96179950000000,108.50371880000000,"KAB. KUNINGAN",KUNINGAN,KEDUNGARUM
692894,533210542681,"PEM** *** ******** ** ***",-7.01756470000000,108.60164310000000,"KAB. KUNINGAN",LEBAKWANGI,MEKARWANGI
692900,533210562847,"PEM** ********* ******** ",-6.95623160500000,108.48806530000000,"KAB. KUNINGAN",KUNINGAN,CIRENDANG
692901,533210562854,"PEM** ********* ******** ",-6.98016969200000,108.48756128600000,"KAB. KUNINGAN",KUNINGAN,AWIRARANGAN
692902,533210562862,"PEM** ********* ******** ",-6.96246891600000,108.49129300000000,"KAB. KUNINGAN",KUNINGAN,CIJOHO
692903,533210562870,"PEM** ********* ******** ",-6.95241820000000,108.48842150000000,"KAB. KUNINGAN",KUNINGAN,CIRENDANG
692904,533210562888,"PEM** ********* ******** ",-6.96977491600000,108.49505830000000,"KAB. KUNINGAN",KUNINGAN,CIJOHO
692905,533210562896,"PEM** ********* ******** ",-6.96849118500000,108.50532550000000,"KAB. KUNINGAN",KUNINGAN,CIPORANG
692906,533210562900,"PEM** ********* ******** ",-6.97595066100000,108.48929446600000,"KAB. KUNINGAN",KUNINGAN,PURWAWINANGUN
692907,533210562918,"PEM** ********* ******** ",-6.98256000000000,108.47476750000000,"KAB. KUNINGAN",KUNINGAN,KUNINGAN
692913,533210652186,"PJU                      ",-6.95704870000000,108.68281920000000,"KAB. KUNINGAN",CIDAHU,CIKEUSIK
692914,533210652194,"PJU                      ",-6.95351200000000,108.69741110000000,"KAB. KUNINGAN",CIAWIGEBANG,MEKARJAYA
692915,533210640988,"PJU                      ",-7.02647020000000,108.56600280000000,"KAB. KUNINGAN",MALEBER,MALEBER
692916,533210640996,"PJU                      ",-7.02647020000000,108.56600280000000,"KAB. KUNINGAN",MALEBER,MALEBER
692917,533210641007,"PJU                      ",-7.02567060000000,108.56538080000000,"KAB. KUNINGAN",MALEBER,MALEBER
692919,533210662957,"PJU                      ",-6.96627340000000,108.53371730000000,"KAB. KUNINGAN",SINDANGAGUNG,DUKUHLOR
692920,533210663464,"PJU *****                ",-6.99807110000000,108.41143170000000,"KAB. KUNINGAN",DARMA,BAKOM
692921,533210663472,"PJU *****                ",-7.01109732000000,108.41774081000000,"KAB. KUNINGAN",DARMA,JAGARA
692923,533210663498,"PJU *****                ",-7.06847270000000,108.39340300000000,"KAB. KUNINGAN",DARMA,TUGUMULYA
692924,533210663502,"PJU *****                ",-7.02152050000000,108.40166580000000,"KAB. KUNINGAN",DARMA,PANINGGARAN
692925,533210663510,"PJU *****                ",-7.01093250000000,108.39327880000000,"KAB. KUNINGAN",DARMA,KAWAHMANUK
692926,533210663528,"PJU *****                ",-7.00698520000000,108.39691580000000,"KAB. KUNINGAN",DARMA,CIKUPA
692927,533210663536,"PJU *****                ",-7.00670320000000,108.39728190000000,"KAB. MAJALENGKA",BANJARAN,GIRIMULYA
692928,533210663701,"PJU *****                ",-7.01950090000000,108.62362980000000,"KAB. KUNINGAN",LURAGUNG,MARGASARI
692929,533210663719,"PJU *****                ",-7.03558930000000,108.65114960000000,"KAB. KUNINGAN",CIWARU,ANDAMUI
692930,533210663727,"PJU *****                ",-7.05073656000000,108.63705281000000,"KAB. KUNINGAN",CIWARU,GARAJATI
692931,533210663735,"PJU *****                ",-7.05742700000000,108.63852330000000,"KAB. KUNINGAN",CIWARU,KARANGBARU
692932,533210663743,"PJU *****                ",-7.08437810000000,108.62090520000000,"KAB. KUNINGAN",CIWARU,CILAYUNG
692933,533210663750,"PJU *****                ",-7.08530420000000,108.64062610000000,"KAB. KUNINGAN",LURAGUNG,LURAGUNGLANDEUH
692934,533210663768,"PJU *****                ",-6.98852060000000,108.64372680000000,"KAB. KUNINGAN",CIWARU,SUMBERJAYA
692935,533210663776,"PJU *****                ",-7.09065220000000,108.60179070000000,"KAB. KUNINGAN",CIWARU,LEBAKHERANG
692936,533212698583,"PJU ****** *** ********",-6.96870010000000,108.45824540000000,"KAB. KUNINGAN",CIGUGUR,CIGUGUR
692938,533212286069,"PJU ** ******",-6.99531960000000,108.41846810000000,"KAB. KUNINGAN",NUSAHERANG,CIASIH
692939,533212286077,"PJU *** *** **********",-6.98457380000000,108.41668900000000,"KAB. KUNINGAN",DARMA,KARANGSARI
692941,533212286093,"PJU ****** ******* *",-7.00559490000000,108.45551420000000,"KAB. KUNINGAN",KADUGEDE,KADUGEDE
692942,533212286107,"PJU **** ******* ********",-7.00213800000000,108.45766930000000,"KAB. KUNINGAN",KADUGEDE,KADUGEDE
692944,533212286123,"PJU *** ***** *********",-6.95951580000000,108.48041130000000,"KAB. KUNINGAN",KUNINGAN,CIGINTUNG
692946,533212705384,"PJU **** ******",-6.96173220000000,108.55324630000000,"KAB. KUNINGAN",CIPICUNG,KAROYA
692947,533212698206,"PJU ****** *** **********",-6.96687666700000,108.56537666700000,"KAB. KUNINGAN",CIAWIGEBANG,PANGKALAN
692948,533212698222,"PJU ****** *** **********",-6.96701880000000,108.56542530000000,"KAB. KUNINGAN",CIAWIGEBANG,DUKUHDALEM
692949,533212517317,"PJU ****** *",-6.98202700000000,108.39031630000000,"KAB. KUNINGAN",DARMA,GUNUNGSIRAH
692950,533212705981,"PJU ****** *** ********",-7.04599000000000,108.59811000000000,"KAB. KUNINGAN",MALEBER,GALAHERANG
692951,533212701073,"PJU ****** *** ********",-6.97919430000000,108.60780340000000,"KAB. KUNINGAN",KALIMANGGIS,CIPANCUR
692952,533212700827,"PJU ****** **** ********",-6.98436260000000,108.57997460000000,"KAB. KUNINGAN",CIAWIGEBANG,CIPUTAT
692953,533212700731,"PJU ****** **** ********",-6.98436260000000,108.57997460000000,"KAB. KUNINGAN",CIAWIGEBANG,CIPUTAT
692954,533212701160,"PJU ****** *** ********",-6.97154960000000,108.51903870000000,"KAB. KUNINGAN",KALIMANGGIS,CIPANCUR
692955,533212702170,"PJU ****** *** ********",-6.99747460000000,108.65948650000000,"KAB. KUNINGAN",LURAGUNG,BENDA
692956,533212701812,"PJU ****** *** ********",-6.96445110000000,108.59122550000000,"KAB. KUNINGAN",CIAWIGEBANG,CIOMAS
692957,533212710020,"PJU ****** ********",-7.06837730000000,108.67738490000000,"KAB. KUNINGAN",KARANGKANCANA,TANJUNGKERTA
692959,533212286149,"PJU *** **** *****",-6.96982780000000,108.44003040000000,"KAB. KUNINGAN",CIGUGUR,BABAKANMULYA
692960,533212286156,"PJU **** **********",-6.97678700000000,108.42527590000000,"KAB. KUNINGAN",KADUGEDE,CISUKADANA
692962,533212286172,"PJU *** *************",-6.95265400000000,108.47992380000000,"KAB. KUNINGAN",KUNINGAN,CIRENDANG
692963,533212286180,"PJU *** ****** ** ******",-6.99466120000000,108.45838440000000,"KAB. KUNINGAN",KADUGEDE,WINDUJANTEN
692965,533212286201,"PJU ** ******* *****",-6.97515870000000,108.43850910000000,"KAB. KUNINGAN",CIGUGUR,CILEULEUY
692966,533212286219,"PJU *** ****** ** *******",-7.04914880000000,108.40116200000000,"KAB. KUNINGAN",DARMA,CAGEUR
692967,533212286227,"PJU ** ******* *****",-7.04081510000000,108.39886020000000,"KAB. KUNINGAN",DARMA,SUKARASA
692968,533212707952,"PJU ****** ********",-6.99508740000000,108.54121500000000,"KAB. KUNINGAN",GARAWANGI,MANCAGAR
692969,533212698255,"PJU ****** *** **********",-7.02377210000000,108.58917380000000,"KAB. KUNINGAN",LEBAKWANGI,CINEUMBEUY
692970,533212698319,"PJU ****** *** **********",-7.02377210000000,108.58917380000000,"KAB. KUNINGAN",LEBAKWANGI,CINEUMBEUY
692971,533212702282,"PJU ****** *** ********",-6.99640000000000,108.66010000000000,"KAB. KUNINGAN",LURAGUNG,BENDA
692972,533212701152,"PJU ****** *** ********",-6.98432570000000,108.43011800000000,"KAB. KUNINGAN",KALIMANGGIS,CIPANCUR
692973,533212700411,"PJU ****** *** ********",-7.11929880000000,108.67754150000000,"KAB. KUNINGAN",CINIRU,RAMBATAN
692974,533212702320,"PJU ****** *** ********",-6.98410630000000,108.61675140000000,"KAB. KUNINGAN",LURAGUNG,PANYOSOGAN
692975,533210575309,"PJU **********           ",-7.00782820000000,108.44124290000000,"KAB. KUNINGAN",NUSAHERANG,NUSAHERANG
692983,533210640619,"PJU                      ",-6.97249380000000,108.47769560000000,"KAB. KUNINGAN",KUNINGAN,KUNINGAN
692987,533210601640,"PJU                      ",-7.06087030000000,108.75752100000000,"KAB. KUNINGAN",CIBINGBIN,CIBINGBIN
692988,533210640598,"PJU                      ",-6.99038400000000,108.42709440000000,"KAB. KUNINGAN",NUSAHERANG,CIKADU
692989,533210646057,"PJU                      ",-7.00928500000000,108.44550670000000,"KAB. KUNINGAN",NUSAHERANG,NUSAHERANG
692993,533210646099,"PJU                      ",-7.00939500000000,108.44693000000000,"KAB. KUNINGAN",NUSAHERANG,NUSAHERANG
692994,533210650492,"PJU                      ",-7.03326970000000,108.41072860000000,"KAB. KUNINGAN",DARMA,SAKERTATIMUR
692995,533210658198,"PJU                      ",-6.99325420000000,108.48658530000000,"KAB. KUNINGAN",KUNINGAN,CITANGTU
692999,533212542338,"PJU **** *************",-6.96476460000000,108.62108810000000,"KAB. KUNINGAN",KALIMANGGIS,KALIMANGGISWETAN
693000,533212546622,"PJU *** *  *********",-7.08548280000000,108.71362190000000,"KAB. KUNINGAN",CIBEUREUM,CIMARA
693002,533210564340,"PJU ** ***********       ",-6.99284250000000,108.46095380000000,"KAB. KUNINGAN",KADUGEDE,WINDUJANTEN
693003,533210565964,"PJU ***** ***            ",-6.95718370000000,108.48888530000000,"KAB. KUNINGAN",KUNINGAN,CIRENDANG
693005,533210570132,"PJU ***** ****** *****   ",-6.98474808700000,108.48384184000000,"KAB. KUNINGAN",KUNINGAN,AWIRARANGAN
693008,533210640722,"PJU                      ",-7.00945230000000,108.64052410000000,"KAB. KUNINGAN",LURAGUNG,LURAGUNGLANDEUH
693012,533212702395,"PJU ****** *** ********",-6.98410960000000,108.61766420000000,"KAB. KUNINGAN",LURAGUNG,PANYOSOGAN
693019,533212496803,"PJU ** ****** *",-6.98825666700000,108.42767000000000,"KAB. KUNINGAN",NUSAHERANG,JAMBAR
693020,533212496837,"PJU ** ****** *",-6.99579000000000,108.43191666700000,"KAB. KUNINGAN",NUSAHERANG,JAMBAR
693021,533212776617,"PJU *****",-7.04072490000000,108.39599800000000,"KAB. KUNINGAN",DARMA,SUKARASA
693022,533212776658,"PJU *****",-7.05591370000000,108.39922430000000,"KAB. KUNINGAN",DARMA,SUKARASA
693023,533212776633,"PJU *****",-7.03635490000000,108.39463600000000,"KAB. KUNINGAN",DARMA,SUKARASA
693024,533212776641,"PJU *****",-7.03592300000000,108.39027600000000,"KAB. KUNINGAN",DARMA,SUKARASA
693025,533212496811,"PJU ** ****************",-7.00297333300000,108.45551830000000,"KAB. KUNINGAN",KADUGEDE,BABATAN
693026,533212496860,"PJU ** ******** *",-6.98451170000000,108.43166310000000,"KAB. KUNINGAN",KADUGEDE,CIHERANG
699602,533711207485,"PJU *** *** ****** ****",-6.84638470000000,108.51780120000000,"KAB. CIREBON",GREGED,"SINDANG KEMPENG"
693041,533212805358,"PJU ** **********",-6.94665100000000,108.60316680000000,"KAB. KUNINGAN",CIAWIGEBANG,CIGARUKGAK
693042,533212805906,"PJU ** ************* *",-6.97546801000000,108.49177369000000,"KAB. KUNINGAN",KUNINGAN,PURWAWINANGUN
693043,533212668258,"PJU **** ********",-7.01330750000000,108.61420270000000,"KAB. KUNINGAN",LURAGUNG,CIRAHAYU
693044,533212676891,"PJU ****** *** ********",-7.04855330000000,108.49970590000000,"KAB. KUNINGAN",CINIRU,CIJEMIT
693045,533212676883,"PJU ****** *** ********",-7.04896200000000,108.50057730000000,"KAB. KUNINGAN",CINIRU,CIJEMIT
693046,533212148530,"PJU ***** ** ****** *****",-7.01001666666670,108.41676000000000,"KAB. KUNINGAN",DARMA,CIKUPA
693047,533212765910,"PJU ****** *** ********",-6.98092300000000,108.64809700000000,"KAB. KUNINGAN",CIDAHU,CIDAHU
693049,533212598352,"PJU **** ********",-6.98023070000000,108.44633490000000,"KAB. KUNINGAN",CIGUGUR,CILEULEUY
693050,533212702361,"PJU ****** *** ********",-6.98270740000000,108.61329480000000,"KAB. KUNINGAN",LURAGUNG,PANYOSOGAN
693051,533212702346,"PJU ****** *** ********",-6.98410630000000,108.61675140000000,"KAB. KUNINGAN",LURAGUNG,PANYOSOGAN
693052,533212702499,"PJU ****** *** ********",-6.98561070000000,108.61983720000000,"KAB. KUNINGAN",LURAGUNG,PANYOSOGAN
693053,533212700628,"PJU ****** *** ********",-6.97150440000000,108.50258600000000,"KAB. KUNINGAN",CINIRU,RAMBATAN
693054,533212710182,"PJU ****** *** ********",-7.01950090000000,108.62362980000000,"KAB. KUNINGAN",CIWARU,BAOK
693055,533212700644,"PJU ****** *** ********",-6.96965730000000,108.61106820000000,"KAB. KUNINGAN",CINIRU,RAMBATAN
693057,533210520887,"PJU **** **********      ",-7.01900010000000,108.43074780000000,"KAB. KUNINGAN",NUSAHERANG,HAURKUNING
693059,533212582660,"PJU ****** *** ********",-6.97233200000000,108.46400660000000,"KAB. KUNINGAN",CIGUGUR,CIGUGUR
693060,533212582708,"PJU ****** *** ********",-6.97890520000000,108.58189540000000,"KAB. KUNINGAN",CIAWIGEBANG,CIPUTAT
693061,533212777013,"PJU ****** *** ********",-6.98636500000000,108.60741200000000,"KAB. KUNINGAN",CIAWIGEBANG,GERESIK
693062,533210498356,"KOM**** ********         ",-7.01574860000000,108.62071700000000,"KAB. KUNINGAN",LURAGUNG,CIRAHAYU
693063,533210498364,"PJU *** ********         ",-7.01826370000000,108.60407530000000,"KAB. KUNINGAN",LEBAKWANGI,MEKARWANGI
693064,533210498372,"PJU *** ********         ",-7.02226010000000,108.60499620000000,"KAB. KUNINGAN",LEBAKWANGI,MEKARWANGI
693065,533210498380,"KOM**** ***** ******     ",-6.98062320000000,108.64299430000000,"KAB. KUNINGAN",CIDAHU,CIDAHU
693068,533210498331,"KOM**** *** ***** **     ",-7.00623430000000,108.39800950000000,"KAB. KUNINGAN",DARMA,DARMA
693073,533210498398,"PJU *** ********         ",-6.98031250000000,108.64400780000000,"KAB. KUNINGAN",CIDAHU,CIDAHU
693074,533210498401,"PJU *** ********         ",-7.04079950000000,108.49992720000000,"KAB. KUNINGAN",CINIRU,CINIRU
693075,533210498419,"PJU *** ********         ",-7.04060960000000,108.49984290000000,"KAB. KUNINGAN",CINIRU,CINIRU
693076,533210498427,"PJU *** ********         ",-7.05553200000000,108.75285690000000,"KAB. KUNINGAN",CIBINGBIN,CIBINGBIN
693078,533210498443,"PJU *** ********         ",-7.07701390000000,108.62807390000000,"KAB. KUNINGAN",CIWARU,CIWARU
693087,533210709782,"PJU *****                ",-7.01936090000000,108.44603230000000,"KAB. KUNINGAN",NUSAHERANG,WINDUSARI
693090,533210709811,"PJU *****                ",-6.97231920000000,108.46317680000000,"KAB. KUNINGAN",CIGUGUR,CIGUGUR
693093,533210709829,"PJU *****                ",-7.05710910000000,108.75834620000000,"KAB. KUNINGAN",CIBINGBIN,CIBINGBIN
693096,533210709852,"PJU *****                ",-6.98436260000000,108.57997460000000,"KAB. KUNINGAN",CIAWIGEBANG,CIPUTAT
693097,533210709860,"PJU *****                ",-6.96512390000000,108.48940660000000,"KAB. KUNINGAN",KUNINGAN,PURWAWINANGUN
693099,533210709886,"PJU *****                ",-7.07636650000000,108.62741240000000,"KAB. KUNINGAN",CIWARU,CIWARU
693100,533210709908,"PJU *****                ",-7.03024340000000,108.57210440000000,"KAB. KUNINGAN",MALEBER,PADAMULYA
693101,533213031382,"PJU ***** **** ******",-6.68012950000000,108.43278433100000,"KAB. KUNINGAN",CIGUGUR,PUNCAK
693102,533212710109,"PJU ****** *** ********",-7.01950090000000,108.62362980000000,"KAB. KUNINGAN",CIWARU,BAOK
693103,533212853819,"PEN******* ** ******* * *",-6.95330000000000,108.49260000000000,"KAB. KUNINGAN",KUNINGAN,KASTURI
693104,533212702147,"PJU ****** *** ********",-6.99751560000000,108.65894370000000,"KAB. KUNINGAN",LURAGUNG,BENDA
693106,533212698343,"PJU ****** *** **********",-7.02305480000000,108.59102920000000,"KAB. KUNINGAN",LEBAKWANGI,CINEUMBEUY
693107,533212698289,"PJU ****** *** **********",-6.96701880000000,108.56542530000000,"KAB. KUNINGAN",CIAWIGEBANG,DUKUHDALEM
693108,533212700374,"PJU ****** *** ********",-7.10990000000000,108.58370000000000,"KAB. KUNINGAN",CINIRU,RAMBATAN
693109,533212461821,"PJU ************",-6.94276900000000,108.62956500000000,"KAB. KUNINGAN",KALIMANGGIS,KERTAWANA
693110,533212705376,"PJU **** ******",-6.96173220000000,108.55324630000000,"KAB. KUNINGAN",CIPICUNG,KAROYA
693111,533212705301,"PJU **** ******",-6.95917220000000,108.55496360000000,"KAB. KUNINGAN",CIPICUNG,KAROYA
693112,533212710190,"PJU ****** *** ********",-7.01950090000000,108.62362980000000,"KAB. KUNINGAN",CIWARU,BAOK
693114,533212855871,"PJU ****** ********",-6.98177810000000,108.44582300000000,"KAB. KUNINGAN",CIGUGUR,CILEULEUY
693115,533212705343,"PJU **** ******",-6.95891940000000,108.54626660000000,"KAB. KUNINGAN",CIPICUNG,KAROYA
693116,533212710133,"PJU ****** *** ********",-7.01950090000000,108.62362980000000,"KAB. KUNINGAN",CIWARU,BAOK
693117,533212710166,"PJU ****** *** ********",-7.04943000000000,108.66543000000000,"KAB. KUNINGAN",CIWARU,BAOK
693118,533210665730,"PJU *****                ",-7.03409030000000,108.48880960000000,"KAB. KUNINGAN",CINIRU,RAMBATAN
693120,533210582924,"PJU                      ",-6.98773380000000,108.49715740000000,"KAB. KUNINGAN",KUNINGAN,KUNINGAN
693123,533210664658,"PJU *****                ",-6.99862530000000,108.57840240000000,"KAB. KUNINGAN",LEBAKWANGI,SINDANG
693124,533210637712,"PJU                      ",-6.98957410000000,108.49739300000000,"KAB. KUNINGAN",KUNINGAN,WINDUHAJI
693130,533210637779,"PJU                      ",-6.96480340000000,108.50681770000000,"KAB. KUNINGAN",KUNINGAN,KEDUNGARUM
693131,533210637787,"PJU                      ",-6.98197270000000,108.48635320000000,"KAB. KUNINGAN",KUNINGAN,AWIRARANGAN
693132,533210637795,"PJU                      ",-7.04710380000000,108.40219820000000,"KAB. KUNINGAN",DARMA,CAGEUR
693135,533210653992,"PJU                      ",-7.03947400000000,108.41181640000000,"KAB. KUNINGAN",DARMA,SAKERTATIMUR
693136,533210664596,"PJU ***** ********       ",-6.97823840000000,108.56542530000000,"KAB. KUNINGAN",CIAWIGEBANG,CIOMAS
693138,533210664666,"PJU *****                ",-6.97340920000000,108.58313140000000,"KAB. KUNINGAN",CIAWIGEBANG,CIAWIGEBANG
693139,533210664674,"PJU *****                ",-6.99930110000000,108.56546760000000,"KAB. KUNINGAN",LEBAKWANGI,MEKARWANGI
693140,533210664840,"PJU *****                ",-6.98155950000000,108.68084230000000,"KAB. KUNINGAN",CIMAHI,KANANGA
693141,533210664857,"PJU *****                ",-6.96260250000000,108.68471290000000,"KAB. KUNINGAN",CIMAHI,CIKEUSAL
693143,533210664873,"PJU *****                ",-6.95595300000000,108.69606080000000,"KAB. KUNINGAN",CIDAHU,JATIMULYA
693144,533210664881,"PJU *****                ",-6.96543540000000,108.56905500000000,"KAB. KUNINGAN",CIAWIGEBANG,CIAWILOR
693145,533210664899,"PJU *****                ",-6.93477200000000,108.62430000000000,"KAB. KUNINGAN",CIAWIGEBANG,CIKUBANGMULYA
693146,533210664903,"PJU *****                ",-6.98819040000000,108.58880270000000,"KAB. KUNINGAN",CIAWIGEBANG,LEBAKSIUH
693147,533210664911,"PJU *****                ",-6.97821320000000,108.57395970000000,"KAB. KUNINGAN",CIAWIGEBANG,CIPUTAT
693148,533210665087,"PJU *****                ",-6.97599950000000,108.59753600000000,"KAB. KUNINGAN",CIAWIGEBANG,KADURAMA
693151,533210665117,"PJU *****                ",-6.97731890000000,108.61181040000000,"KAB. KUNINGAN",KALIMANGGIS,KALIMANGGISKULON
693152,533210665125,"PJU *****                ",-6.96965730000000,108.61106820000000,"KAB. KUNINGAN",KALIMANGGIS,KALIMANGGISWETAN
693153,533210665133,"PJU *****                ",-6.96595160000000,108.61552150000000,"KAB. KUNINGAN",KALIMANGGIS,KALIMANGGISKULON
693154,533210665141,"PJU *****                ",-6.95211360000000,108.62138210000000,"KAB. KUNINGAN",GARAWANGI,GARAWANGI
693155,533210665158,"PJU *****                ",-6.93060880000000,108.63830550000000,"KAB. KUNINGAN",KALIMANGGIS,WANASARAYA
693156,533210665324,"PJU *****                ",-7.08126560000000,108.75782010000000,"KAB. KUNINGAN",CIBINGBIN,CIPONDOK
693157,533210665332,"PJU *****                ",-7.07639730000000,108.74765640000000,"KAB. KUNINGAN",CIBINGBIN,CIANGIR
693158,533210665340,"PJU *****                ",-7.04420920000000,108.62784800000000,"KAB. KUNINGAN",LURAGUNG,DUKUHPICUNG
693159,533210665357,"PJU *****                ",-7.03750260000000,108.62782760000000,"KAB. KUNINGAN",KUNINGAN,KUNINGAN
693160,533210665365,"PJU *****                ",-7.01462400000000,108.61956550000000,"KAB. KUNINGAN",LURAGUNG,CIRAHAYU
693161,533210665373,"PJU *****                ",-7.02738920000000,108.63490770000000,"KAB. KUNINGAN",LURAGUNG,CIGEDANG
693162,533210665381,"PJU *****                ",-7.01949100000000,108.64044490000000,"KAB. KUNINGAN",LURAGUNG,SINDANGSUKA
693163,533210665399,"PJU *****                ",-7.01308860000000,108.61423780000000,"KAB. KUNINGAN",LURAGUNG,CIRAHAYU
693164,533210665564,"PJU *****                ",-7.05105780000000,108.46302850000000,"KAB. KUNINGAN",HANTARA,PAKAPASANGIRANG
693165,533210665572,"PJU *****                ",-7.05984130000000,108.44448150000000,"KAB. KUNINGAN",HANTARA,CIKONDANG
693166,533210665580,"PJU *****                ",-7.06422990000000,108.43420110000000,"KAB. KUNINGAN",HANTARA,TUNDAGAN
693167,533210665598,"PJU *****                ",-7.06601320000000,108.47543980000000,"KAB. KUNINGAN",HANTARA,CITAPEN
693168,533210665601,"PJU *****                ",-7.05735630000000,108.45520950000000,"KAB. KUNINGAN",CINIRU,CINIRU
693169,533210665619,"PJU *****                ",-7.00044460000000,108.54761510000000,"KAB. KUNINGAN",GARAWANGI,SUKAIMUT
693170,533210665627,"PJU *****                ",-7.00410330000000,108.54043630000000,"KAB. KUNINGAN",GARAWANGI,KARAMATWANGI
693171,533210665635,"PJU *****                ",-7.02850010000000,108.53617280000000,"KAB. KUNINGAN",GARAWANGI,KUTAKEMBARAN
693173,533210665913,"PJU *****                ",-6.97596280000000,108.53426900000000,"KAB. KUNINGAN",KUNINGAN,WINDUHAJI
693175,533212750950,"PJU ****** *** ********",-6.96446000000000,108.56553000000000,"KAB. KUNINGAN",CIAWIGEBANG,CIOMAS
693176,533212750943,"PJU ****** *** ********",-6.96625300000000,108.56716200000000,"KAB. KUNINGAN",CIAWIGEBANG,CIOMAS
693184,533210561110,"PJU ***** ********       ",-7.01188710000000,108.42912490000000,"KAB. KUNINGAN",NUSAHERANG,KERTAWIRAMA
693187,533210561144,"PJU ***** ********       ",-6.99253870000000,108.48641740000000,"KAB. KUNINGAN",KUNINGAN,KUNINGAN
693193,533210583090,"PJU                      ",-6.98034830000000,108.45090270000000,"KAB. KUNINGAN",CIGUGUR,CILEULEUY
693194,533210583104,"PJU                      ",-6.98164770000000,108.44604890000000,"KAB. KUNINGAN",CIGUGUR,CILEULEUY
693197,533210637808,"PJU                      ",-7.04914950000000,108.40115920000000,"KAB. KUNINGAN",DARMA,KARANGANYAR
693206,533210665684,"PJU *****                ",-7.08633979800000,108.51435804100000,"KAB. KUNINGAN",MALEBER,CIKAHURIPAN
693207,533210665692,"PJU *****                ",-7.04873900000000,108.50420620000000,"KAB. KUNINGAN",CINIRU,CIJEMIT
693209,533210665714,"PJU *****                ",-7.04033080000000,108.50115830000000,"KAB. KUNINGAN",CINIRU,CINIRU
693210,533210666342,"PJU *****                ",-7.04745070000000,108.70472400000000,"KAB. KUNINGAN",KUNINGAN,KUNINGAN
693211,533210667896,"PJU *****                ",-7.00077230000000,108.54065420000000,"KAB. KUNINGAN",GARAWANGI,GARAWANGI
693212,533210666359,"PJU *****                ",-7.06137870000000,108.70797360000000,"KAB. KUNINGAN",CIBINGBIN,CIBINGBIN
693213,533210666367,"PJU *****                ",-7.04316830000000,108.72612830000000,"KAB. KUNINGAN",CIBEUREUM,TARIKOLOT
693214,533210666375,"PJU *****                ",-7.03785880000000,108.72108180000000,"KAB. KUNINGAN",CIBEUREUM,SUKADANA
693215,533210666383,"PJU *****                ",-6.96040210000000,108.55466490000000,"KAB. KUNINGAN",CIPICUNG,SUSUKAN
693218,533210666998,"PJU *****                ",-6.95065550000000,108.54447610000000,"KAB. KUNINGAN",CIPICUNG,SUSUKAN
693219,533210667009,"PJU *****                ",-7.02325170000000,108.58620510000000,"KAB. KUNINGAN",LEBAKWANGI,CINAGARA
693220,533210667017,"PJU *****                ",-6.93557160000000,108.53973010000000,"KAB. KUNINGAN",CIPICUNG,PAMULIHAN
693221,533210667025,"PJU *****                ",-6.92336760000000,108.55132550000000,"KAB. KUNINGAN",JAPARA,CENGAL
693223,533210667041,"PJU *****                ",-6.96701510000000,108.54552550000000,"KAB. KUNINGAN",CIPICUNG,MUNCANGELA
693227,533210667187,"PJU *****                ",-6.99468170000000,108.51570720000000,"KAB. KUNINGAN",GARAWANGI,LENGKONG
693229,533210667502,"WAR**** *****            ",-6.97982230000000,108.48757370000000,"KAB. KUNINGAN",KUNINGAN,AWIRARANGAN
693230,533210667510,"PJU *****                ",-6.98530570000000,108.55511510000000,"KAB. KUNINGAN",MALEBER,CIKAHURIPAN
693233,533210667544,"PJU **** ******          ",-7.04216360000000,108.50012530000000,"KAB. KUNINGAN",CINIRU,CINIRU
693234,533210667551,"PJU **** ******          ",-7.04235970000000,108.50130700000000,"KAB. KUNINGAN",CINIRU,CINIRU
693236,533212702188,"PJU ****** *** ********",-6.99787920000000,108.65902710000000,"KAB. KUNINGAN",LURAGUNG,BENDA
693237,533212750416,"PJU ****** *** ********",-6.98205130000000,108.61366590000000,"KAB. KUNINGAN",LEBAKWANGI,PAGUNDAN
693238,533212750855,"PJU ****** *** ********",-6.96619000000000,108.56814700000000,"KAB. KUNINGAN",CIAWIGEBANG,CIOMAS
693239,533212750424,"PJU ****** *** ********",-6.98205130000000,108.61366590000000,"KAB. KUNINGAN",LEBAKWANGI,PAGUNDAN
693240,533212750863,"PJU ****** *** ********",-6.96522200000000,108.56638500000000,"KAB. KUNINGAN",CIAWIGEBANG,CIOMAS
693241,533212750935,"PJU ****** *** ********",-6.96445500000000,108.56542500000000,"KAB. KUNINGAN",CIAWIGEBANG,CIOMAS
693250,533210637570,"PJU                      ",-7.00803820000000,108.43928850000000,"KAB. KUNINGAN",NUSAHERANG,HAURKUNING
693255,533210663839,"PJU *****                ",-7.07086700000000,108.67589720000000,"KAB. KUNINGAN",KARANGKANCANA,TANJUNGKERTA
693260,533210641098,"PJU                      ",-7.01703690000000,108.63831070000000,"KAB. KUNINGAN",LURAGUNG,LURAGUNGLANDEUH
693261,533210641102,"PJU                      ",-7.04643770000000,108.63890200000000,"KAB. KUNINGAN",CIWARU,GARAJATI
693263,533210652207,"PJU                      ",-7.05553200000000,108.75285690000000,"KAB. KUNINGAN",CIBINGBIN,CIBINGBIN
693270,533210652272,"PJU                      ",-6.98773380000000,108.49715740000000,"KAB. KUNINGAN",KUNINGAN,WINDUHAJI
693273,533210662169,"PJU **** ********        ",-6.99318580000000,108.51432920000000,"KAB. KUNINGAN",GARAWANGI,LENGKONG
693274,533210662177,"PJU **** ********        ",-6.99318580000000,108.51432920000000,"KAB. KUNINGAN",GARAWANGI,LENGKONG
693276,533210663551,"PJU *****                ",-6.98424030000000,108.41666290000000,"KAB. KUNINGAN",DARMA,KARANGSARI
693279,533210663585,"PJU *****                ",-6.97557340000000,108.43018120000000,"KAB. KUNINGAN",KADUGEDE,CISUKADANA
693280,533210663593,"PJU *****                ",-7.00589620000000,108.47064070000000,"KAB. KUNINGAN",KADUGEDE,KADUGEDE
693281,533210663606,"PJU *****                ",-7.00514760000000,108.45523860000000,"KAB. KUNINGAN",KADUGEDE,KADUGEDE
693282,533210663614,"PJU *****                ",-7.01730920000000,108.47193140000000,"KAB. KUNINGAN",CIBINGBIN,SINDANGJAWA
693283,533210663784,"PJU *****                ",-7.11185520000000,108.64079890000000,"KAB. KUNINGAN",CIWARU,SAGARANTEN
693284,533210663792,"PJU *****                ",-7.01950150000000,108.62362930000000,"KAB. KUNINGAN",LURAGUNG,MARGASARI
693285,533210663805,"PJU *****                ",-7.06662630000000,108.67778960000000,"KAB. KUNINGAN",KARANGKANCANA,TANJUNGKERTA
693286,533210663813,"PJU *****                ",-7.06207300000000,108.67996090000000,"KAB. KUNINGAN",KARANGKANCANA,SUKASARI
693287,533210663821,"PJU *****                ",-7.05587320000000,108.68795890000000,"KAB. KUNINGAN",KARANGKANCANA,SIMPAYJAYA
693288,533210664115,"PJU **** *******         ",-6.99274220000000,108.51607820000000,"KAB. KUNINGAN",KUNINGAN,PADAREK
693289,533210664123,"PJU **** *******         ",-6.96077630000000,108.51100330000000,"KAB. KUNINGAN",KUNINGAN,PADAREK
693290,533210665789,"PJU *****                ",-7.02468180000000,108.58802240000000,"KAB. KUNINGAN",LEBAKWANGI,CINAGARA
693293,533210664682,"PJU *****                ",-7.00684980000000,108.56467230000000,"KAB. KUNINGAN",MALEBER,MANDALAJAYA
693294,533210664690,"PJU *****                ",-7.03216290000000,108.58054680000000,"KAB. KUNINGAN",MALEBER,BUNIASIH
693295,533210664704,"PJU *****                ",-7.02972110000000,108.57490150000000,"KAB. KUNINGAN",MALEBER,DUKUHTENGAH
693296,533210664712,"PJU *****                ",-7.02655990000000,108.56802270000000,"KAB. KUNINGAN",MALEBER,MALEBER
693297,533210664720,"PJU *****                ",-7.02571780000000,108.55879860000000,"KAB. KUNINGAN",MALEBER,KUTAMANDARAKAN
693298,533210664738,"PJU *****                ",-7.02138500000000,108.56239740000000,"KAB. KUNINGAN",MALEBER,KUTARAJA
693299,533210664746,"PJU *****                ",-7.04384280000000,108.56611170000000,"KAB. KUNINGAN",MALEBER,PADAMULYA
693300,533210664753,"PJU *****                ",-7.03361700000000,108.54887500000000,"KAB. KUNINGAN",MALEBER,CIKAHURIPAN
693301,533210664929,"PJU *****                ",-6.96417790000000,108.59096580000000,"KAB. KUNINGAN",CIAWIGEBANG,PAMIJAHAN
693302,533210664937,"PJU *****                ",-6.96698880000000,108.56616750000000,"KAB. KUNINGAN",CIAWIGEBANG,PANGKALAN
693304,533210664952,"PJU *****                ",-6.93490050000000,108.60698610000000,"KAB. KUNINGAN",CIAWIGEBANG,SUKADANA
693305,533210664960,"PJU *****                ",-6.97254670000000,108.55600190000000,"KAB. KUNINGAN",CIAWIGEBANG,CIOMAS
693306,533210664978,"PJU *****                ",-6.98584880000000,108.60991900000000,"KAB. KUNINGAN",CIAWIGEBANG,GERESIK
693307,533210664986,"PJU *****                ",-6.96547180000000,108.57989680000000,"KAB. KUNINGAN",CIAWIGEBANG,KARANGKAMULYAN
693308,533210664994,"PJU *****                ",-6.91593250000000,108.59288460000000,"KAB. KUNINGAN",CIAWIGEBANG,PADARAMA
693309,533210665166,"PJU *****                ",-6.96529570000000,108.63454050000000,"KAB. KUNINGAN",KALIMANGGIS,CIPANCUR
693310,533210665174,"PJU *****                ",-6.97247940000000,108.65521830000000,"KAB. KUNINGAN",CIDAHU,CIEURIH
693313,533210665203,"PJU *****                ",-6.98428950000000,108.67675940000000,"KAB. KUNINGAN",CIDAHU,BUNDER
693315,533210665229,"PJU *****                ",-6.97563790000000,108.63353580000000,"KAB. KUNINGAN",CIDAHU,NANGGELA
693316,533210665237,"PJU *****                ",-6.97986590000000,108.61686500000000,"KAB. KUNINGAN",CIDAHU,CIHIDEUNGGIRANG
693317,533210665402,"PJU *****                ",-7.02207670000000,108.63721100000000,"KAB. KUNINGAN",LURAGUNG,LURAGUNGTONGGOH
693318,533210665410,"PJU *****                ",-7.01666520000000,108.62183040000000,"KAB. KUNINGAN",LURAGUNG,LURAGUNGTONGGOH
693319,533210665428,"PJU *****                ",-7.01894950000000,108.63698190000000,"KAB. KUNINGAN",LURAGUNG,LURAGUNGLANDEUH
693320,533210665436,"PJU *****                ",-6.99598370000000,108.64150000000000,"KAB. KUNINGAN",LURAGUNG,GUNUNGKARUNG
693321,533210665444,"PJU *****                ",-7.02187890000000,108.52694050000000,"KAB. KUNINGAN",MALEBER,CIKAHURIPAN
693322,533210665451,"PJU *****                ",-7.02293600000000,108.51023380000000,"KAB. KUNINGAN",GARAWANGI,CIRUKEM
693323,533210665469,"PJU *****                ",-7.02161410000000,108.50674130000000,"KAB. KUNINGAN",GARAWANGI,KADATUAN
693324,533210665477,"PJU *****                ",-7.00131970000000,108.51133830000000,"KAB. KUNINGAN",GARAWANGI,TEMBONG
693326,533210665748,"PJU *****                ",-7.02476960000000,108.60433380000000,"KAB. KUNINGAN",LEBAKWANGI,CIPETIR
693327,533210665755,"PJU *****                ",-7.01782910000000,108.58532660000000,"KAB. KUNINGAN",LEBAKWANGI,MANCAGAR
693328,533210665763,"PJU *****                ",-7.01940650000000,108.58025360000000,"KAB. KUNINGAN",LEBAKWANGI,MEKARWANGI
693338,533210563019,"PJU ***** *** ********   ",-6.98801990000000,108.69638060000000,"KAB. KUNINGAN",CIMAHI,CIMAHI
693339,533210563027,"PJU ***** *** ********   ",-6.96763830000000,108.66254270000000,"KAB. KUNINGAN",CIDAHU,CIDAHU
693343,533210563068,"PJU ***** *** ********   ",-7.02521870000000,108.67737410000000,"KAB. KUNINGAN",CIMAHI,CILEUYA
693345,533210563084,"PJU ***** *** ********   ",-7.04211830000000,108.50123830000000,"KAB. KUNINGAN",CINIRU,CINIRU
693349,533210564676,"PJU ** *************     ",-6.97445280000000,108.52972560000000,"KAB. KUNINGAN",SINDANGAGUNG,TIRTAWANGUNAN
693353,533210564714,"PJU ** *************     ",-6.97445280000000,108.52972560000000,"KAB. KUNINGAN",SINDANGAGUNG,TIRTAWANGUNAN
693359,533210579252,"PJU                      ",-6.97737833333330,108.51435333333000,"KAB. KUNINGAN",SINDANGAGUNG,SINDANGSARI
693364,533210637625,"PJU                      ",-7.01091840000000,108.42694170000000,"KAB. KUNINGAN",GARAWANGI,GARAWANGI
693365,533210637633,"PJU                      ",-6.99970680000000,108.43146390000000,"KAB. KUNINGAN",NUSAHERANG,CIKADU
693366,533210637641,"PJU                      ",-6.99786460000000,108.45818730000000,"KAB. KUNINGAN",KADUGEDE,KADUGEDE
693374,533210664795,"PJU *****                ",-7.00522520000000,108.56026000000000,"KAB. KUNINGAN",MALEBER,MANDALAJAYA
693375,533210664808,"PJU *****                ",-6.98482300000000,108.61520810000000,"KAB. KUNINGAN",LURAGUNG,PANYOSOGAN
693376,533210664816,"PJU *****                ",-6.98843830000000,108.69664030000000,"KAB. KUNINGAN",CIMAHI,CIMAHI
693377,533212750806,"PJU ****** *** ********",-6.96426300000000,108.56423300000000,"KAB. KUNINGAN",CIAWIGEBANG,CIOMAS
693379,533210663449,"PJU *****                ",-7.00274870000000,108.40331080000000,"KAB. KUNINGAN",DARMA,DARMA
693381,533210663622,"PJU *****                ",-7.03999524500000,108.44552011900000,"KAB. KUNINGAN",KADUGEDE,MARGABAKTI
693383,533210663648,"PJU *****                ",-6.99538880000000,108.39478060000000,"KAB. KUNINGAN",DARMA,KARANGANYAR
693384,533210663655,"PJU *****                ",-7.08807640000000,108.64846070000000,"KAB. KUNINGAN",KARANGKANCANA,SEGONG
693385,533210663663,"PJU *****                ",-7.11045990000000,108.62036680000000,"KAB. KUNINGAN",CIWARU,CITUNDUN
693387,533210663689,"PJU *****                ",-7.10922860000000,108.64339650000000,"KAB. KUNINGAN",KARANGKANCANA,MARGACINA
693388,533210663697,"PJU *****                ",-7.04775290000000,108.68492530000000,"KAB. KUNINGAN",CIWARU,GARAJATI
693389,533210664570,"PJU ***** ********       ",-6.97358570000000,108.55948910000000,"KAB. KUNINGAN",CIAWIGEBANG,CIOMAS
693390,533210664588,"PJU ***** ********       ",-6.97701610000000,108.56394110000000,"KAB. KUNINGAN",CIAWIGEBANG,CIOMAS
693391,533210664761,"PJU *****                ",-7.03186830000000,108.55778500000000,"KAB. KUNINGAN",MALEBER,CIKAHURIPAN
693393,533210664787,"PJU *****                ",-6.99690420000000,108.54747740000000,"KAB. KUNINGAN",KUNINGAN,KUNINGAN
693394,533210664824,"PJU *****                ",-6.98872090000000,108.69547080000000,"KAB. KUNINGAN",CIMAHI,CIMAHI
693395,533210664832,"PJU *****                ",-7.00585230000000,108.71066050000000,"KAB. KUNINGAN",CIMAHI,GUNUNGSARI
693396,533210665004,"PJU *****                ",-6.91577550000000,108.59296020000000,"KAB. KUNINGAN",CIAWIGEBANG,PADARAMA
693397,533210665012,"PJU *****                ",-6.93110460000000,108.58122330000000,"KAB. KUNINGAN",CIAWIGEBANG,SUKARAJA
693398,533210665020,"PJU *****                ",-6.95359380000000,108.57247550000000,"KAB. KUNINGAN",CIAWIGEBANG,CIHAUR
693399,533210665038,"PJU *****                ",-6.99327830000000,108.59721720000000,"KAB. KUNINGAN",CIAWIGEBANG,KARAMATMULYA
693400,533210665046,"PJU *****                ",-6.94953880000000,108.57767040000000,"KAB. KUNINGAN",CIAWIGEBANG,MEKARJAYA
693401,533210665053,"PJU *****                ",-6.97548510000000,108.56214190000000,"KAB. KUNINGAN",CIAWIGEBANG,CIOMAS
693402,533210665061,"PJU *****                ",-6.94270800000000,108.60401730000000,"KAB. KUNINGAN",CIAWIGEBANG,CIGARUKGAK
693403,533210665079,"PJU *****                ",-6.92917800000000,108.62608300000000,"KAB. KUNINGAN",MALEBER,CIPAKEM
693404,533210665245,"PJU *****                ",-7.02009710000000,108.72533170000000,"KAB. KUNINGAN",CIMAHI,CIMULYA
693405,533210665252,"PJU *****                ",-7.00917220000000,108.68898530000000,"KAB. KUNINGAN",LURAGUNG,LURAGUNGLANDEUH
699603,533711142209,"PJU ** ** ** ***********",-6.92432780000000,108.47792400000000,"KAB. KUNINGAN",JALAKSANA,BABAKANMULYA
693406,533210665260,"PJU *****                ",-7.02042570000000,108.66527150000000,"KAB. KUNINGAN",LURAGUNG,CIKADUWETAN
693407,533210665278,"PJU *****                ",-7.02755910000000,108.75651180000000,"KAB. KUNINGAN",CIBINGBIN,DUKUHBADAG
693408,533210665286,"PJU *****                ",-7.06387500000000,108.75750050000000,"KAB. KUNINGAN",CIBINGBIN,SUKAHARJA
693409,533210665294,"PJU *****                ",-7.04865990000000,108.75619820000000,"KAB. KUNINGAN",CIBINGBIN,CITENJO
693410,533210665308,"PJU *****                ",-7.06527420000000,108.75470980000000,"KAB. KUNINGAN",CIBINGBIN,SINDANGJAWA
693411,533210665316,"PJU *****                ",-7.04389550000000,108.75692600000000,"KAB. KUNINGAN",CIBINGBIN,CITENJO
693412,533210665485,"PJU *****                ",-6.99064440000000,108.53626490000000,"KAB. KUNINGAN",DARMA,JAGARA
693413,533210665493,"PJU *****                ",-6.99508740000000,108.54121500000000,"KAB. KUNINGAN",GARAWANGI,MANCAGAR
693415,533210665515,"PJU *****                ",-6.99592100000000,108.63435040000000,"KAB. KUNINGAN",LURAGUNG,CIKANDANG
693416,533210665523,"PJU *****                ",-7.00945230000000,108.64052410000000,"KAB. KUNINGAN",LURAGUNG,DUKUHMAJA
693419,533210665556,"PJU *****                ",-7.06063550000000,108.47544220000000,"KAB. KUNINGAN",HANTARA,PAKAPASANHILIR
693420,533210665818,"PJU *****                ",-7.07490300000000,108.57878400000000,"KAB. KUNINGAN",KUNINGAN,CIRENDANG
693422,533210665842,"PJU *****                ",-7.03044770000000,108.52512960000000,"KAB. KUNINGAN",GARAWANGI,GEWOK
693423,533210665859,"PJU *****                ",-6.99911960000000,108.54231440000000,"KAB. KUNINGAN",GARAWANGI,GARAWANGI
693424,533210665867,"PJU *****                ",-6.97077430000000,108.53242880000000,"KAB. KUNINGAN",SINDANGAGUNG,KERTAUNGARAN
693425,533210665875,"PJU *****                ",-6.97222100000000,108.53982330000000,"KAB. KUNINGAN",SINDANGAGUNG,KERTAYASA
693426,533210665883,"PJU *****                ",-6.97173760000000,108.53806110000000,"KAB. KUNINGAN",SINDANGAGUNG,KERTAYASA
693430,533210666391,"PJU *****                ",-7.05222270000000,108.73206780000000,"KAB. KUNINGAN",CIBEUREUM,CIBEUREUM
693431,533210666404,"PJU *****                ",-7.07371840000000,108.72980930000000,"KAB. KUNINGAN",CIBINGBIN,CIBINGBIN
693432,533210666412,"PJU *****                ",-7.07371840000000,108.72980930000000,"KAB. KUNINGAN",CIBEUREUM,SUMURWIRU
693433,533210666420,"PJU *****                ",-7.08505470000000,108.71384430000000,"KAB. KUNINGAN",CIBINGBIN,CIBINGBIN
693434,533210666438,"PJU *****                ",-7.08328120000000,108.71796150000000,"KAB. KUNINGAN",CIBEUREUM,SUKARAPIH
693435,533212721765,"PJU ****** *** ********",-7.07993000000000,108.72543000000000,"KAB. KUNINGAN",CIBEUREUM,SUKARAPIH
693436,533212702290,"PJU ****** *** ********",-6.99610000000000,108.66070000000000,"KAB. KUNINGAN",LURAGUNG,BENDA
693437,533212674702,"PJU ****** *** ********",-6.95168780000000,108.49307340000000,"KAB. KUNINGAN",KUNINGAN,KUNINGAN
693439,533210542880,"PEM** *** ******** ** ***",-7.00307390000000,108.44720930000000,"KAB. KUNINGAN",KADUGEDE,KADUGEDE
693440,533210542898,"PEM** *** ******** ** ***",-6.96480340000000,108.50681770000000,"KAB. KUNINGAN",KUNINGAN,KEDUNGARUM
693451,533210563092,"PJU ***** *** ********",-6.98291780000000,108.54586290000000,"KAB. KUNINGAN",SINDANGAGUNG,BALONG
693455,533212341882,"PJU ***",-6.96153990000000,108.50978240000000,"KAB. KUNINGAN",KUNINGAN,PADAREK
693456,533212710598,"PJU ****** *** ********",-7.00131970000000,108.51133830000000,"KAB. KUNINGAN",GARAWANGI,TEMBONG
693457,533212582802,"PJU ****** *** ********",-6.96308910000000,108.65145330000000,"KAB. KUNINGAN",CIDAHU,CIBULAN
693458,533212582781,"PJU ****** *** ********",-6.96291880000000,108.65077850000000,"KAB. KUNINGAN",CIDAHU,CIBULAN
693459,533212582716,"PJU ****** *** ********",-6.98004490000000,108.58079130000000,"KAB. KUNINGAN",CIAWIGEBANG,CIPUTAT
693460,533210665826,"PJU *****                ",-7.05023110000000,108.61263210000000,"KAB. KUNINGAN",MALEBER,GALAHERANG
693461,533212536586,"PJU ********** **********",-7.01079333300000,108.43585500000000,"KAB. KUNINGAN",NUSAHERANG,HAURKUNING
693462,533212841911,"PJU ****** *** ********",-7.02450000000000,108.56280000000000,"KAB. KUNINGAN",MALEBER,MALEBER
693463,533212285943,"PJU *** *********",-6.95972650000000,108.47990580000000,"KAB. KUNINGAN",KUNINGAN,CIGINTUNG
693464,533212710260,"PJU ****** *** ********",-7.03737500000000,108.63955760000000,"KAB. KUNINGAN",CIWARU,BAOK
693465,533212698230,"PJU ****** *** **********",-6.96663820000000,108.56690960000000,"KAB. KUNINGAN",CIAWIGEBANG,PANGKALAN
693466,533212698214,"PJU ****** *** **********",-7.02338060000000,108.60661500000000,"KAB. KUNINGAN",LEBAKWANGI,CIPETIR
693467,533212698376,"PJU ****** *** **********",-6.96701880000000,108.56542530000000,"KAB. KUNINGAN",CIAWIGEBANG,DUKUHDALEM
693468,533212707945,"PJU ****** ********",-6.99319960000000,108.54000750000000,"KAB. KUNINGAN",GARAWANGI,MANCAGAR
693469,533212701917,"PJU ****** *** ********",-6.98480850000000,108.57059300000000,"KAB. KUNINGAN",CIAWIGEBANG,CIOMAS
693476,533212286002,"PJU *** ** ******* *****",-7.03618180000000,108.41478070000000,"KAB. KUNINGAN",DARMA,SAKERTATIMUR
693480,533212286044,"PJU ******* * ********",-7.00465010000000,108.45474660000000,"KAB. KUNINGAN",KADUGEDE,KADUGEDE
693481,533212289689,"PJU ****** ********* *",-6.99580020000000,108.50583250000000,"KAB. KUNINGAN",KUNINGAN,CITANGTU
693482,533212289776,"PJU ****** ********* *",-6.99542900000000,108.48612370000000,"KAB. KUNINGAN",KUNINGAN,CITANGTU
693483,533212698185,"PJU ****** *** **********",-6.96687666700000,108.56537666700000,"KAB. KUNINGAN",CIAWIGEBANG,PANGKALAN
693484,533212698271,"PJU ****** *** **********",-6.96701880000000,108.56542530000000,"KAB. KUNINGAN",CIAWIGEBANG,DUKUHDALEM
693485,533212698301,"PJU ****** *** **********",-6.97588700000000,108.56319690000000,"KAB. KUNINGAN",CIAWIGEBANG,CIOMAS
693486,533212698350,"PJU ****** *** *********",-7.02377210000000,108.58917380000000,"KAB. KUNINGAN",LEBAKWANGI,CINEUMBEUY
693487,533212698193,"PJU ****** *** **********",-6.96701880000000,108.56542530000000,"KAB. KUNINGAN",CIAWIGEBANG,DUKUHDALEM
693488,533212707937,"PJU ****** ********",-6.99434680000000,108.54038030000000,"KAB. KUNINGAN",GARAWANGI,MANCAGAR
693489,533212701129,"PJU ****** *** ********",-6.97201330000000,108.50778900000000,"KAB. KUNINGAN",KALIMANGGIS,CIPANCUR
693490,533212700819,"PJU ****** ************",-6.98436260000000,108.57997460000000,"KAB. KUNINGAN",CIAWIGEBANG,CIPUTAT
693491,533212700494,"PJU ****** *** ********",-6.98004490000000,108.58079130000000,"KAB. KUNINGAN",CINIRU,RAMBATAN
693492,533212700581,"PJU ****** *** ********",-6.96577990000000,108.57784370000000,"KAB. KUNINGAN",CINIRU,RAMBATAN
693493,533212700798,"PJU ****** ************ *",-6.98436260000000,108.57997460000000,"KAB. KUNINGAN",CIAWIGEBANG,CIPUTAT
693494,533212700835,"PJU ****** **** ********",-6.98436260000000,108.57997460000000,"KAB. KUNINGAN",CIAWIGEBANG,CIPUTAT
693495,533212805429,"PJU ** *************",-6.93479190000000,108.62554150000000,"KAB. KUNINGAN",CIAWIGEBANG,CIKUBANGMULYA
693496,533212641836,"PJU ****** *** ******** *",-6.93097330000000,108.58122590000000,"KAB. KUNINGAN",CIAWIGEBANG,SUKARAJA
693497,533212641931,"PJU ******  ******** **",-6.93891100000000,108.58022300000000,"KAB. KUNINGAN",CIAWIGEBANG,SUKARAJA
693498,533212641844,"PJU ****** *** ******** *",-6.93661860000000,108.58026790000000,"KAB. KUNINGAN",CIAWIGEBANG,SUKARAJA
693499,533212641869,"PJU ****** *** ******** *",-6.93344500000000,108.57952580000000,"KAB. KUNINGAN",CIAWIGEBANG,SUKARAJA
693500,533212641851,"PJU ****** *** ******** *",-6.93661860000000,108.58026790000000,"KAB. KUNINGAN",CIAWIGEBANG,SUKARAJA
693501,533212641893,"PJU ****** *** ******** *",-6.93335530000000,108.58175220000000,"KAB. KUNINGAN",CIAWIGEBANG,SUKARAJA
693502,533212641828,"PJU ****** *** ******** *",-6.93689410000000,108.58138110000000,"KAB. KUNINGAN",CIAWIGEBANG,SUKARAJA
693503,533212802336,"PJU ** ************ *",-6.96905350000000,108.52316740000000,"KAB. KUNINGAN",SINDANGAGUNG,BABAKANREUMA
693504,533212801799,"PJU ** ********",-6.95925440000000,108.68054050000000,"KAB. KUNINGAN",CIDAHU,CIKEUSIK
693505,533212801810,"PJU ** ******* *",-6.95991330000000,108.64950760000000,"KAB. KUNINGAN",CIDAHU,CIBULAN
693506,533212801757,"PJU ** ********* ****** *",-6.98260600000000,108.62368600000000,"KAB. KUNINGAN",CIDAHU,CIHIDEUNGGIRANG
693507,533212805843,"PJU ** ****** *",-6.96888300000000,108.43384700000000,"KAB. KUNINGAN",CIGUGUR,PUNCAK
693508,533212801740,"PJU ** ********",-6.95719950000000,108.68261600000000,"KAB. KUNINGAN",CIDAHU,CIKEUSIK
693509,533212801828,"PJU ** *******",-6.95990170000000,108.64951590000000,"KAB. KUNINGAN",CIDAHU,CIBULAN
693510,533212805764,"PJU ** ********",-6.98782300000000,108.46528800000000,"KAB. KUNINGAN",CIGUGUR,CIGADUNG
693511,533212805756,"PJU ** ******",-6.96917800000000,108.43344500000000,"KAB. KUNINGAN",CIGUGUR,PUNCAK
693512,533212805780,"PJU ** ******",-6.96883000000000,108.43466700000000,"KAB. KUNINGAN",CIGUGUR,PUNCAK
693513,533212805798,"PJU ** ************ *",-6.98505800000000,108.53372000000000,"KAB. KUNINGAN",SINDANGAGUNG,KERTAUNGARAN
693514,533212841873,"PJU ****** *** ********",-6.97308000000000,108.65558200000000,"KAB. KUNINGAN",CIDAHU,CIEURIH
693515,533212867826,"PJU ** ******************",-7.02247040000000,108.67087900000000,"KAB. KUNINGAN",CIMAHI,CILEUYA
693516,533212867818,"PJU ** ****** ********",-7.01468270000000,108.62531840000000,"KAB. KUNINGAN",LURAGUNG,SINDANGSUKA
693517,533212810235,"PJU ******* *********",-7.06288750000000,108.75712300000000,"KAB. KUNINGAN",CIBINGBIN,SUKAHARJA
693518,533212810284,"PJU ** **** ** * ********",-7.08171000000000,108.75853200000000,"KAB. KUNINGAN",CIBINGBIN,CIPONDOK
693519,533212641949,"PJU ******  ******** **",-6.94041800000000,108.57989900000000,"KAB. KUNINGAN",CIAWIGEBANG,SUKARAJA
693520,533212641877,"PJU ****** *** ******** *",-6.93662900000000,108.58162400000000,"KAB. KUNINGAN",CIAWIGEBANG,SUKARAJA
693521,533212641907,"PJU ****** ** ******** **",-6.93312470000000,108.57952580000000,"KAB. KUNINGAN",CIAWIGEBANG,SUKARAJA
693522,533212776625,"PJU *****",-7.05609870000000,108.39913240000000,"KAB. KUNINGAN",DARMA,SUKARASA
693523,533212805445,"PJU ** *********",-6.96584900000000,108.56464430000000,"KAB. KUNINGAN",CIAWIGEBANG,PANGKALAN
693524,533212805333,"PJU ** ******",-6.95321340000000,108.57395970000000,"KAB. KUNINGAN",CIAWIGEBANG,CIHAUR
693525,533212805317,"PJU ** ******",-6.95317480000000,108.56807790000000,"KAB. KUNINGAN",CIAWIGEBANG,CIHAUR
693526,533212805390,"PJU ** ******",-6.95274370000000,108.56760120000000,"KAB. KUNINGAN",CIAWIGEBANG,CIHAUR
693527,533212805366,"PJU ** ******",-6.94902670000000,108.56653850000000,"KAB. KUNINGAN",CIAWIGEBANG,CIHAUR
693528,533212805772,"PJU ** ******",-6.96705000000000,108.46641800000000,"KAB. KUNINGAN",CIGUGUR,CIPARI
693529,533212801773,"PJU ** ******* *",-6.95990970000000,108.64951710000000,"KAB. KUNINGAN",CIDAHU,CIBULAN
693530,533212801732,"PJU ** ********* ****** *",-6.98122800000000,108.61731700000000,"KAB. KUNINGAN",CIDAHU,CIHIDEUNGGIRANG
693531,533212805460,"PJU ** ***********",-6.97316070000000,108.55467240000000,"KAB. KUNINGAN",CIAWIGEBANG,CIJAGAMULYA
693532,533212801765,"PJU ** ******** *",-6.96098060000000,108.68269820000000,"KAB. KUNINGAN",CIDAHU,CIKEUSIK
693533,533212841865,"PJU ****** *** ********",-7.02800000000000,108.57150000000000,"KAB. KUNINGAN",MALEBER,MALEBER
693534,533212841840,"PJU ****** *** ********",-6.96957000000000,108.57751170000000,"KAB. KUNINGAN",CIAWIGEBANG,CIAWIGEBANG
693535,533212518860,"PJU ******* ********",-7.01853770000000,108.64235700000000,"KAB. KUNINGAN",LURAGUNG,LURAGUNGLANDEUH
693537,533212810276,"PJU *** ******** ********",-7.05960300000000,108.76567700000000,"KAB. KUNINGAN",CIBINGBIN,CIBINGBIN
693538,533212810306,"PJU ** **** ** *********",-7.06703300000000,108.75786800000000,"KAB. KUNINGAN",CIBINGBIN,SUKAHARJA
693539,533212810314,"PJU ***** *******",-7.05129500000000,108.74755500000000,"KAB. KUNINGAN",CIBINGBIN,SUKAMAJU
693540,533212805411,"PJU ** ***********",-6.97913166000000,108.59184333000000,"KAB. KUNINGAN",CIAWIGEBANG,CIAWIGEBANG
693541,533212810219,"PJU ** **** ** * *** ****",-7.06702700000000,108.75321700000000,"KAB. KUNINGAN",CIBINGBIN,CIPONDOK
693542,533212810322,"PJU ** *********",-7.04805500000000,108.76227300000000,"KAB. KUNINGAN",CIBINGBIN,CIBINGBIN
693543,533212642385,"PJU ****** *** ********",-7.00584360000000,108.45606460000000,"KAB. KUNINGAN",KADUGEDE,CIKETAK
693544,533212642406,"PJU ****** *** ********",-7.00846630000000,108.45808540000000,"KAB. KUNINGAN",KADUGEDE,CIKETAK
693545,533212642430,"PJU ****** *** ********",-6.99487130000000,108.45939120000000,"KAB. KUNINGAN",KADUGEDE,CIPONDOK
693546,533212642351,"PJU ****** *** ********",-7.00584360000000,108.45606460000000,"KAB. KUNINGAN",KADUGEDE,CIKETAK
693547,533212642489,"PJU ****** *** ********",-6.99751500000000,108.45610600000000,"KAB. KUNINGAN",KADUGEDE,CIPONDOK
693548,533212642377,"PJU ****** *** ********",-7.00638040000000,108.45678500000000,"KAB. KUNINGAN",KADUGEDE,CIKETAK
693549,533212642393,"PJU ****** *** ********",-7.00638040000000,108.45678500000000,"KAB. KUNINGAN",KADUGEDE,CIKETAK
693550,533212642471,"PJU ****** *** ********",-6.99466120000000,108.45838440000000,"KAB. KUNINGAN",KADUGEDE,CIPONDOK
693551,533212477761,"PJU **** ******* *****",-6.96945030000000,108.43890750000000,"KAB. KUNINGAN",CIGUGUR,BABAKANMULYA
693552,533212805382,"PJU ** ***********",-6.97584320000000,108.59288460000000,"KAB. KUNINGAN",CIAWIGEBANG,CIAWIGEBANG
693553,533212805478,"PJU ** **********",-6.95097750000000,108.59789900000000,"KAB. KUNINGAN",CIAWIGEBANG,CIGARUKGAK
693554,533212805452,"PJU ** ***********",-6.97584325000000,108.59288460000000,"KAB. KUNINGAN",CIAWIGEBANG,CIAWIGEBANG
693555,533212859648,"PJU ********* *******",-6.97907215907780,108.59194166958000,"KAB. KUNINGAN",CIAWIGEBANG,CIAWIGEBANG
693556,533212841832,"PJU ****** *** ********",-6.96930500000000,108.57758670000000,"KAB. KUNINGAN",CIAWIGEBANG,CIAWIGEBANG
693557,533212841857,"PJU ****** *** ********",-6.97322500000000,108.55658300000000,"KAB. KUNINGAN",CIAWIGEBANG,CIJAGAMULYA
693558,533212802385,"PJU ** ************ *",-6.96840780000000,108.52337260000000,"KAB. KUNINGAN",SINDANGAGUNG,BABAKANREUMA
693559,533212801781,"PJU ** *******",-6.97011100000000,108.65833550000000,"KAB. KUNINGAN",CIDAHU,CIEURIH
693560,533212805731,"PJU ** *******",-6.96627700000000,108.50827500000000,"KAB. KUNINGAN",KUNINGAN,ANCARAN
693561,533212512683,"PJU ** *************** *",-6.95766000000000,108.57895170000000,"KAB. KUNINGAN",CIAWIGEBANG,CIAWILOR
693562,533212805437,"PJU ** *************",-6.93402020000000,108.61292370000000,"KAB. KUNINGAN",CIAWIGEBANG,CIKUBANGMULYA
693563,533212641810,"PJU ****** *** ******** *",-6.93702400000000,108.58457600000000,"KAB. KUNINGAN",CIAWIGEBANG,SUKARAJA
693564,533212641923,"PJU ******  ******** **",-6.93461400000000,108.58107700000000,"KAB. KUNINGAN",CIAWIGEBANG,SUKARAJA
693565,533212641956,"PJU ******  ******** **",-6.93280440000000,108.57952580000000,"KAB. KUNINGAN",CIAWIGEBANG,SUKARAJA
693566,533212641885,"PJU ****** *** ******** *",-6.93360090000000,108.58360760000000,"KAB. KUNINGAN",CIAWIGEBANG,SUKARAJA
693567,533212449153,"PJU *******",-6.98552200000000,108.43679500000000,"KAB. KUNINGAN",KADUGEDE,TINGGAR
693568,533212803105,"PJU ***** **** *******",-6.95991000000000,108.55600490000000,"KAB. KUNINGAN",CIPICUNG,SUSUKAN
693569,533212805325,"PJU ** ***********",-6.97309940000000,108.55322250000000,"KAB. KUNINGAN",CIAWIGEBANG,CIJAGAMULYA
693570,533212805892,"PJU ** ************",-6.97840500000000,108.52904800000000,"KAB. KUNINGAN",SINDANGAGUNG,KERTAUNGARAN
693571,533212805374,"PJU ** ***********",-6.97318810000000,108.55548770000000,"KAB. KUNINGAN",CIAWIGEBANG,CIJAGAMULYA
693572,533212523477,"PJU **** **********",-7.03750260000000,108.62782760000000,"KAB. KUNINGAN",LURAGUNG,WILANAGARA
693573,533212512667,"PJU ** ************** *",-6.96244500000000,108.58362500000000,"KAB. KUNINGAN",CIAWIGEBANG,CIKUBANGMULYA
693574,533212512659,"PJU ************** *",-6.96253280000000,108.58377720000000,"KAB. KUNINGAN",CIAWIGEBANG,CIAWILOR
693575,533212546551,"PJU **********",-6.98837630000000,108.69698050000000,"KAB. KUNINGAN",CIMAHI,CIMAHI
693576,533212684934,"PJU ****** *** ********",-6.98155950000000,108.68084230000000,"KAB. KUNINGAN",CIMAHI,KANANGA
693577,533212742446,"PJU ****** *** ********",-6.99035840000000,108.62385220000000,"KAB. KUNINGAN",LURAGUNG,CIKANDANG
693578,533212742438,"PJU ****** *** ********",-6.99533000000000,108.63186000000000,"KAB. KUNINGAN",LURAGUNG,CIKANDANG
693579,533212742383,"PJU ****** *** ********",-6.99604870000000,108.63540790000000,"KAB. KUNINGAN",LURAGUNG,CIKANDANG
693580,533212742412,"PJU ****** *** ********",-6.99641000000000,108.63410000000000,"KAB. KUNINGAN",LURAGUNG,CIKANDANG
693585,533211854797,"PJU *****                ",-6.98068590000000,108.50302870000000,"KAB. KUNINGAN",MALEBER,CIKAHURIPAN
693586,533211855359,"PJU *****                ",-6.97263500000000,108.46256060000000,"KAB. KUNINGAN",CIGUGUR,CIGUGUR
693587,533211855367,"PJU *****                ",-6.97231920000000,108.46317680000000,"KAB. KUNINGAN",CIGUGUR,CIGUGUR
693588,533212643457,"PJU ****** *** ********",-6.99077480000000,108.39434090000000,"KAB. KUNINGAN",DARMA,SITUSARI
693589,533212841903,"PJU ****** *** ********",-6.93773800000000,108.52853000000000,"KAB. KUNINGAN",CIPICUNG,CIMARANTEN
693590,533212841899,"PJU ****** *** ********",-6.94083800000000,108.52750500000000,"KAB. KUNINGAN",CIPICUNG,CIMARANTEN
693591,533212654746,"PJU ****** *****",-7.07858070000000,108.74791430000000,"KAB. KUNINGAN",CIBINGBIN,CIANGIR
693592,533212694463,"PJU ****** *** ********",-6.98957410000000,108.49739300000000,"KAB. KUNINGAN",KUNINGAN,WINDUHAJI
693593,533212465909,"PJU **** **********",-6.99613780000000,108.57470190000000,"KAB. KUNINGAN",LEBAKWANGI,PASAYANGAN
693594,533212810243,"PJU ** **** ***********",-7.06774500000000,108.75272300000000,"KAB. KUNINGAN",CIBINGBIN,SINDANGJAWA
693595,533212466793,"PJU ***** ***** **",-6.98324630000000,108.47953860000000,"KAB. KUNINGAN",KUNINGAN,KUNINGAN
693596,533212642422,"PJU ****** *** ********",-6.99654320000000,108.45901130000000,"KAB. KUNINGAN",KADUGEDE,CIPONDOK
693597,533212642448,"PJU ****** *** ********",-6.99535740000000,108.45764310000000,"KAB. KUNINGAN",KADUGEDE,CIPONDOK
693598,533212642455,"PJU ****** *** ********",-6.99723700000000,108.45815940000000,"KAB. KUNINGAN",KADUGEDE,CIPONDOK
693599,533212642414,"PJU ****** *** ********",-6.99723700000000,108.45815940000000,"KAB. KUNINGAN",KADUGEDE,CIPONDOK
693600,533212642463,"PJU ****** *** ********",-6.99752000000000,108.45787460000000,"KAB. KUNINGAN",KADUGEDE,CIPONDOK
693601,533212647698,"PJU ****** *** ********",-7.05421200000000,108.74600300000000,"KAB. KUNINGAN",CIBINGBIN,SUKAMAJU
693602,533212841881,"PJU ****** *** ********",-6.95329010000000,108.56058110000000,"KAB. KUNINGAN",CIPICUNG,SUKAMUKTI
693603,533212656907,"PJU ****** *** ********",-6.98707070000000,108.60842550000000,"KAB. KUNINGAN",CIAWIGEBANG,CIAWIGEBANG
693604,533212731677,"PJU **** *** ********",-7.01407800000000,108.61997750000000,"KAB. KUNINGAN",LURAGUNG,CIRAHAYU
693605,533212810330,"PJU ** **** ** *******",-7.08200000000000,108.74810000000000,"KAB. KUNINGAN",CIBINGBIN,CIANGIR
693606,533212810292,"PJU ** ***** *********",-7.06208800000000,108.76082200000000,"KAB. KUNINGAN",CIBINGBIN,CIBINGBIN
693607,533212810227,"PJU *** * *********",-7.05800000000000,108.75976500000000,"KAB. KUNINGAN",CIBINGBIN,CIBINGBIN
693608,533212810268,"PJU ** **** ** ********",-7.08169800000000,108.75801700000000,"KAB. KUNINGAN",CIBINGBIN,CIPONDOK
693609,533212810250,"PJU ** *** ** *******",-7.07878500000000,108.74799300000000,"KAB. KUNINGAN",CIBINGBIN,CIANGIR
693610,533212728690,"PJU **** *********",-6.96534170000000,108.56808670000000,"KAB. KUNINGAN",CIAWIGEBANG,PANGKALAN
693611,533212728641,"PJU **** *********",-6.96560130000000,108.56780560000000,"KAB. KUNINGAN",CIAWIGEBANG,PANGKALAN
693612,533212728149,"PJU **** ************ *",-6.98289000000000,108.54174000000000,"KAB. KUNINGAN",SINDANGAGUNG,SINDANGAGUNG
693613,533212728201,"PJU **** ************ *",-6.97494000000000,108.53228000000000,"KAB. KUNINGAN",SINDANGAGUNG,SINDANGAGUNG
693614,533212728400,"PJU ****** *** ********",-7.04076390000000,108.39281660000000,"KAB. KUNINGAN",DARMA,SUKARASA
693615,533212728475,"PJU ****** *** ********",-7.04123120000000,108.39764340000000,"KAB. KUNINGAN",DARMA,SUKARASA
693616,533212728658,"PJU **** *********",-6.96534170000000,108.56808670000000,"KAB. KUNINGAN",CIAWIGEBANG,PANGKALAN
693617,533212728746,"PJU **** *********",-6.96687666700000,108.56537666700000,"KAB. KUNINGAN",CIAWIGEBANG,PANGKALAN
693618,533212728459,"PJU ****** *** ********",-7.03950880000000,108.39441180000000,"KAB. KUNINGAN",DARMA,SUKARASA
693619,533212728123,"PJU **** ************ *",-6.98203000000000,108.54308000000000,"KAB. KUNINGAN",SINDANGAGUNG,SINDANGAGUNG
693620,533212728442,"PJU ****** *** ********",-7.03926930000000,108.39737670000000,"KAB. KUNINGAN",DARMA,SUKARASA
693621,533212517325,"PJU ****** *",-6.99807110000000,108.41143170000000,"KAB. KUNINGAN",DARMA,BAKOM
693622,533211861334,"PJU *****                ",-7.00490520000000,108.42148470000000,"KAB. KUNINGAN",NUSAHERANG,KERTAWIRAMA
693624,533211861359,"PJU *****                ",-7.02389060000000,108.45345200000000,"KAB. KUNINGAN",KADUGEDE,TINGGAR
693625,533211861367,"PJU *****                ",-7.02830200000000,108.45412580000000,"KAB. KUNINGAN",KADUGEDE,SINDANGJAWA
693627,533210544885,"PEM** *** **********     ",-7.01937220000000,108.37373180000000,"KAB. MAJALENGKA",CIKIJING,CIDULANG
693630,533210561169,"PJU ***** ********       ",-6.98957410000000,108.49739300000000,"KAB. KUNINGAN",KUNINGAN,KUNINGAN
693640,533210566734,"PJU                      ",-6.98773380000000,108.49715740000000,"KAB. KUNINGAN",KUNINGAN,WINDUHAJI
693642,533210566775,"PJU ** ******            ",-6.98823720000000,108.42740000000000,"KAB. KUNINGAN",KADUGEDE,KADUGEDE
693647,533210709653,"PJU *****                ",-6.96954140000000,108.57839640000000,"KAB. KUNINGAN",CIAWIGEBANG,CIAWILOR
693648,533210709661,"PJU *****                ",-6.97080580000000,108.58262790000000,"KAB. KUNINGAN",CIAWIGEBANG,CIAWIGEBANG
693649,533210709679,"PJU *****                ",-7.02053260000000,108.63622730000000,"KAB. KUNINGAN",LURAGUNG,LURAGUNGLANDEUH
693651,533210709695,"PJU *****                ",-6.97111110000000,108.47445520000000,"KAB. KUNINGAN",CIGUGUR,WINDUHERANG
693654,533210709725,"PJU *****                ",-6.97880670000000,108.52754450000000,"KAB. KUNINGAN",MALEBER,CIKAHURIPAN
693656,533210709916,"PJU *****                ",-7.02924770000000,108.56505430000000,"KAB. KUNINGAN",MALEBER,PADAMULYA
693659,533210709973,"PJU *****                ",-6.96427090000000,108.53031730000000,"KAB. KUNINGAN",KUNINGAN,KUNINGAN
693663,533211851214,"PJU *****                ",-6.94168990000000,108.53369770000000,"KAB. KUNINGAN",CIPICUNG,MEKARSARI
693664,533212104519,"PJU *****  *",-7.00857290000000,108.44296100000000,"KAB. KUNINGAN",NUSAHERANG,NUSAHERANG
693665,533212711392,"PJU ****** **** *******",-6.99154000000000,108.50329000000000,"KAB. KUNINGAN",KUNINGAN,KARANGTAWANG
693669,533210539351,"PJU **** **** * ******** ",-6.96082104900000,108.49110950000000,"KAB. KUNINGAN",KUNINGAN,CIJOHO
693670,533210542703,"PEM** *** ******** ** ***",-7.05638270000000,108.74978430000000,"KAB. KUNINGAN",CIBINGBIN,SUKAMAJU
693674,533210542745,"PEM** *** ******** ** ***",-7.02647020000000,108.56600280000000,"KAB. KUNINGAN",MALEBER,MALEBER
693675,533210542752,"PEM** *** ******** ** ***",-6.99493330000000,108.51716020000000,"KAB. KUNINGAN",GARAWANGI,LENGKONG
693678,533210542786,"PEM** *** ******** ** ***",-6.99497380000000,108.45988050000000,"KAB. KUNINGAN",KADUGEDE,WINDUJANTEN
693681,533210562934,"PJU ***** *** ********   ",-7.02088800000000,108.52596800000000,"KAB. KUNINGAN",MALEBER,CIKAHURIPAN
693682,533210562942,"PJU ***** *** ********   ",-7.01345930000000,108.60922740000000,"KAB. KUNINGAN",LEBAKWANGI,MEKARWANGI
693684,533210562967,"PJU ***** *** ********   ",-7.05430300000000,108.74609450000000,"KAB. KUNINGAN",CIBINGBIN,SUKAMAJU
693685,533210562975,"PJU ***** *** ********   ",-7.04744820000000,108.70471000000000,"KAB. KUNINGAN",CIBEUREUM,CIBEUREUM
693688,533210563001,"PJU ***** *** ********   ",-7.05722340000000,108.45043140000000,"KAB. KUNINGAN",HANTARA,BUNIGEULIS
693690,533210564627,"PJU ** *************     ",-6.97445280000000,108.52972560000000,"KAB. KUNINGAN",SINDANGAGUNG,TIRTAWANGUNAN
693691,533210564635,"PJU ** *************     ",-6.97445280000000,108.52972560000000,"KAB. KUNINGAN",SINDANGAGUNG,TIRTAWANGUNAN
693694,533210562768,"PEM** ********* ******** ",-6.98414850000000,108.48157130000000,"KAB. KUNINGAN",KUNINGAN,KUNINGAN
693695,533210562776,"PEM** ********* ******** ",-6.98101580000000,108.47207720000000,"KAB. KUNINGAN",KUNINGAN,KUNINGAN
693696,533210562784,"PEM** ********* ******** ",-6.97719420000000,108.48281660000000,"KAB. KUNINGAN",KUNINGAN,KUNINGAN
693697,533210562792,"PEM** ********* ******** ",-6.97203496900000,108.48628420000000,"KAB. KUNINGAN",KUNINGAN,PURWAWINANGUN
693698,533210562805,"PEM** ********* ******** ",-6.97469528600000,108.47802660000000,"KAB. KUNINGAN",KUNINGAN,PURWAWINANGUN
693699,533210562813,"PEM** ********* ******** ",-6.98018305400000,108.47941280000000,"KAB. KUNINGAN",KUNINGAN,KUNINGAN
693700,533210562821,"PEM** ********* ******** ",-6.98501293300000,108.47799990000000,"KAB. KUNINGAN",KUNINGAN,KUNINGAN
693701,533210562839,"PEM** ********* ******** ",-6.96583581700000,108.49071189700000,"KAB. KUNINGAN",KUNINGAN,CIJOHO
693702,533210564357,"PJU **** *****           ",-7.03036510000000,108.52460130000000,"KAB. KUNINGAN",GARAWANGI,GEWOK
693704,533210743606,"PJU *****                ",-6.99020060000000,108.50412850000000,"KAB. KUNINGAN",KUNINGAN,KARANGTAWANG
693705,533210743614,"PJU *****                ",-6.99113110000000,108.50514100000000,"KAB. KUNINGAN",KUNINGAN,KARANGTAWANG
693706,533210743622,"PJU *****                ",-6.99212520000000,108.50754520000000,"KAB. KUNINGAN",KUNINGAN,KARANGTAWANG
693709,533210745190,"PJU *****                ",-6.99314310000000,108.48799490000000,"KAB. KUNINGAN",KUNINGAN,CITANGTU
693711,533210745203,"PJU *****                ",-6.98255710000000,108.49827040000000,"KAB. KUNINGAN",KUNINGAN,CITANGTU
693721,533211843547,"PJU *****                ",-7.03860060000000,108.44559430000000,"KAB. KUNINGAN",KADUGEDE,MARGABAKTI
693722,533211843554,"PJU *****                ",-7.04272970000000,108.44670710000000,"KAB. KUNINGAN",KADUGEDE,MARGABAKTI
693723,533211843562,"PJU *****                ",-7.04272970000000,108.44670710000000,"KAB. KUNINGAN",KADUGEDE,MARGABAKTI
693724,533211843570,"PJU *****                ",-7.03532960000000,108.44707800000000,"KAB. KUNINGAN",KADUGEDE,MARGABAKTI
693725,533211843588,"PJU *****                ",-7.03471760000000,108.44633620000000,"KAB. KUNINGAN",KADUGEDE,MARGABAKTI
693726,533211843596,"PJU *****                ",-7.03499350000000,108.44744890000000,"KAB. KUNINGAN",KADUGEDE,MARGABAKTI
693729,533210692939,"PJU ******** *           ",-6.95765626800000,108.49356165600000,"KAB. KUNINGAN",KUNINGAN,KUNINGAN
693730,533212749397,"PJU **** * **********",-7.02764840000000,108.58613910000000,"KAB. KUNINGAN",LEBAKWANGI,LEBAKWANGI
693731,533212668594,"PJU ****** *** ******** *",-6.96169670000000,108.68484740000000,"KAB. KUNINGAN",CIMAHI,MULYAJAYA
693732,533212668607,"PJU ****** *** ******** *",-6.96305670000000,108.68678120000000,"KAB. KUNINGAN",CIMAHI,MULYAJAYA
693733,533212664849,"PJU **** ********",-7.04958930000000,108.49750070000000,"KAB. KUNINGAN",CINIRU,CIJEMIT
693734,533212664864,"PJU **** ********",-7.05348280000000,108.50611540000000,"KAB. KUNINGAN",CINIRU,CIJEMIT
693735,533212702511,"PJU ****** *** ********",-6.98561070000000,108.61983720000000,"KAB. KUNINGAN",LURAGUNG,PANYOSOGAN
693736,533212577423,"PJU ****** *** ********",-6.96259600000000,108.47782480000000,"KAB. KUNINGAN",KUNINGAN,CIGINTUNG
693737,533212698263,"PJU ****** *** **********",-6.97650180000000,108.52945410000000,"KAB. KUNINGAN",LEBAKWANGI,PAGUNDAN
693738,533212699138,"PJU ***** ********",-6.98608510000000,108.47539260000000,"KAB. KUNINGAN",KUNINGAN,CIBINUANG
693739,533212702154,"PJU ****** *** ********",-6.99646780000000,108.65957430000000,"KAB. KUNINGAN",LURAGUNG,BENDA
693740,533212701742,"PJU ****** *** ********",-6.97358020000000,108.55886310000000,"KAB. KUNINGAN",CIAWIGEBANG,CIOMAS
693741,533212702241,"PJU ****** *** ********",-6.99649560000000,108.65945390000000,"KAB. KUNINGAN",LURAGUNG,BENDA
693742,533212705350,"PJU **** ******",-6.96173220000000,108.55324630000000,"KAB. KUNINGAN",CIPICUNG,KAROYA
693743,533212701767,"PJU ****** *** ********",-6.98726980000000,108.60844270000000,"KAB. KUNINGAN",CIAWIGEBANG,CIOMAS
693744,533212702457,"PJU ****** *** ********",-6.98574680000000,108.61737700000000,"KAB. KUNINGAN",LURAGUNG,PANYOSOGAN
693745,533212513212,"PJU *********************",-6.99889180000000,108.53054770000000,"KAB. KUNINGAN",GARAWANGI,PURWASARI
693746,533211567964,"PJU                      ",-7.05794260000000,108.63412310000000,"KAB. KUNINGAN",CIWARU,CIWARU
693747,533212441197,"PJU ***********",-6.96792290000000,108.41838630000000,"KAB. KUNINGAN",DARMA,SAGARAHIANG
693748,533211569170,"PJU                      ",-7.06020350000000,108.63185060000000,"KAB. KUNINGAN",CIWARU,CIWARU
693749,533212701861,"PJU ****** *** ********",-6.94211170000000,108.57914140000000,"KAB. KUNINGAN",CIAWIGEBANG,CIOMAS
693750,533212702162,"PJU ****** *** ********",-6.99668030000000,108.66145830000000,"KAB. KUNINGAN",LURAGUNG,BENDA
693751,533212702379,"PJU ****** *** ********",-6.98205130000000,108.61366590000000,"KAB. KUNINGAN",LURAGUNG,PANYOSOGAN
693752,533212701879,"PJU ****** *** ********",-6.97005530000000,108.57677030000000,"KAB. KUNINGAN",CIAWIGEBANG,CIOMAS
693753,533212701838,"PJU ****** *** ********",-6.97575100000000,108.56255300000000,"KAB. KUNINGAN",CIAWIGEBANG,CIOMAS
693754,533212702196,"PJU ****** *** ********",-6.99590000000000,108.66160000000000,"KAB. KUNINGAN",LURAGUNG,BENDA
693755,533212705335,"PJU **** ******",-6.95912870000000,108.54765630000000,"KAB. KUNINGAN",CIPICUNG,KAROYA
693756,533212702139,"PJU ****** *** ********",-6.99765970000000,108.65953220000000,"KAB. KUNINGAN",LURAGUNG,BENDA
693757,533212698248,"PJU ****** *** **********",-6.96610610000000,108.56862190000000,"KAB. KUNINGAN",CIAWIGEBANG,PANGKALAN
693758,533211248072,"PJU                      ",-7.02474780000000,108.56361900000000,"KAB. KUNINGAN",MALEBER,MALEBER
693759,533212702387,"PJU ****** *** ********",-6.98494390000000,108.61823790000000,"KAB. KUNINGAN",LURAGUNG,PANYOSOGAN
693760,533212710125,"PJU ****** *** ********",-7.03678410000000,108.63938960000000,"KAB. KUNINGAN",CIWARU,BAOK
693761,533212711384,"PJU ****** *** ********",-6.97035840000000,108.50582370000000,"KAB. KUNINGAN",KUNINGAN,KARANGTAWANG
693765,533211842042,"PJU *****",-6.99915240000000,108.53670190000000,"KAB. KUNINGAN",GARAWANGI,PURWASARI
693766,533211842059,"PJU *****                ",-7.00147420000000,108.54085200000000,"KAB. KUNINGAN",GARAWANGI,KARAMATWANGI
693767,533211842067,"PJU *****                ",-6.99954770000000,108.53795410000000,"KAB. KUNINGAN",GARAWANGI,GARAWANGI
693770,533211842075,"PJU *****                ",-6.99416677000000,108.51619579000000,"KAB. KUNINGAN",GARAWANGI,LENGKONG
693775,533211242747,"PJU *****                ",-6.97746680000000,108.64802210000000,"KAB. KUNINGAN",CIDAHU,CIEURIH
693776,533211242754,"PJU *****                ",-6.98091480000000,108.64244430000000,"KAB. KUNINGAN",CIDAHU,CIDAHU
693777,533211242762,"PJU *****                ",-6.97677180000000,108.64892270000000,"KAB. KUNINGAN",CIDAHU,CIBULAN
693778,533212417853,"PJU ***** ** ******",-6.95170730000000,108.46981000000000,"KAB. KUNINGAN",CIGUGUR,GUNUNGKELING
693779,533212750511,"PJU ****** *** ********",-6.99858770000000,108.55885260000000,"KAB. KUNINGAN",LEBAKWANGI,PAGUNDAN
693780,533212766866,"PJU *****",-6.97971580000000,108.48635690000000,"KAB. KUNINGAN",KUNINGAN,AWIRARANGAN
693781,533212766858,"PJU *****",-6.96772334000000,108.45575667000000,"KAB. KUNINGAN",CIGUGUR,CIGUGUR
693782,533212675164,"PJU ****** *** ********",-6.95511820000000,108.55058340000000,"KAB. KUNINGAN",CIPICUNG,SUKAMUKTI
693783,533212684273,"PJU ****** *** ********",-7.09222680000000,108.61032600000000,"KAB. KUNINGAN",CIWARU,LEBAKHERANG
693784,533212759362,"PJU *****",-6.96247000000000,108.50563000000000,"KAB. KUNINGAN",KUNINGAN,KEDUNGARUM
693785,533212759504,"PJU *****",-6.95750750000000,108.49351840000000,"KAB. KUNINGAN",KUNINGAN,KEDUNGARUM
693786,533212759985,"PJU *****",-7.02930000000000,108.55800000000000,"KAB. KUNINGAN",MALEBER,KUTAMANDARAKAN
693787,533212512642,"PJU ** ************** *",-6.96281920000000,108.58573630000000,"KAB. KUNINGAN",CIAWIGEBANG,CIKUBANGMULYA
693788,533212512675,"PJU ** ************** *",-6.96253280000000,108.58377720000000,"KAB. KUNINGAN",CIAWIGEBANG,CIAWILOR
693789,533212642576,"PJU ********** *",-7.06216260000000,108.43571360000000,"KAB. KUNINGAN",HANTARA,BUNIGEULIS
693790,533212466785,"PJU ********",-6.98122660000000,108.47464600000000,"KAB. KUNINGAN",KUNINGAN,KUNINGAN
693791,533212642369,"PJU ****** *** ********",-7.00584360000000,108.45606460000000,"KAB. KUNINGAN",KADUGEDE,CIKETAK
693792,533212639677,"PJU ************** ******",-6.94326930000000,108.54242060000000,"KAB. KUNINGAN",DARMA,CIMENGA
693793,533212728198,"PJU **** ************ **",-6.97663250000000,108.53858510000000,"KAB. KUNINGAN",SINDANGAGUNG,SINDANGAGUNG
693794,533212728434,"PJU ****** *** ********",-7.03926930000000,108.39737670000000,"KAB. KUNINGAN",DARMA,SUKARASA
693795,533212728617,"PJU **** *********",-6.94511310000000,108.53498540000000,"KAB. KUNINGAN",CIAWIGEBANG,PANGKALAN
693796,533212728588,"PJU **** *********",-6.96467333300000,108.56498166700000,"KAB. KUNINGAN",CIAWIGEBANG,PANGKALAN
693797,533212728115,"PJU **** ************ *",-6.97506370000000,108.53205530000000,"KAB. KUNINGAN",SINDANGAGUNG,SINDANGAGUNG
693798,533212728483,"PJU ****** *** ********",-7.02038510000000,108.39215490000000,"KAB. KUNINGAN",DARMA,SUKARASA
693799,533212728674,"PJU **** *********",-6.96534170000000,108.56808670000000,"KAB. KUNINGAN",CIAWIGEBANG,PANGKALAN
693800,533212728554,"PJU **** *********",-6.96687666700000,108.56537666700000,"KAB. KUNINGAN",CIAWIGEBANG,PANGKALAN
693801,533212728712,"PJU **** *********",-6.96572730000000,108.56759700000000,"KAB. KUNINGAN",CIAWIGEBANG,PANGKALAN
693802,533212728633,"PJU **** *********",-6.96506090000000,108.56799770000000,"KAB. KUNINGAN",CIAWIGEBANG,PANGKALAN
693803,533212728491,"PJU ****** *** ********",-7.04174620000000,108.39822290000000,"KAB. KUNINGAN",DARMA,SUKARASA
693804,533212728682,"PJU **** *********",-6.96534170000000,108.56808670000000,"KAB. KUNINGAN",CIAWIGEBANG,PANGKALAN
693805,533212728389,"PJU ****** *** ********",-7.05591370000000,108.39922430000000,"KAB. KUNINGAN",DARMA,SUKARASA
693806,533212728738,"PJU **** *********",-6.96448030000000,108.56742870000000,"KAB. KUNINGAN",CIAWIGEBANG,PANGKALAN
693807,533212728235,"PJU ** ************ **",-6.97993980000000,108.53791420000000,"KAB. KUNINGAN",SINDANGAGUNG,SINDANGAGUNG
693808,533212728219,"PJU **** ************ **",-6.97558040000000,108.53287390000000,"KAB. KUNINGAN",SINDANGAGUNG,SINDANGAGUNG
693809,533212656949,"PJU ****** *** ********",-6.96476010000000,108.56579640000000,"KAB. KUNINGAN",CIAWIGEBANG,CIAWIGEBANG
693810,533212386059,"PJU ***********",-7.01091840000000,108.42694170000000,"KAB. KUNINGAN",NUSAHERANG,KERTAWIRAMA
693811,533212465917,"PJU **** ******",-6.98930940000000,108.56913590000000,"KAB. KUNINGAN",CIAWIGEBANG,SIDARAJA
693812,533212831443,"PJU ** ************ *",-6.98350000000000,108.65710000000000,"KAB. KUNINGAN",LURAGUNG,GUNUNGKARUNG
693813,533212831450,"PJU ** ************ *",-6.99450000000000,108.64180000000000,"KAB. KUNINGAN",LURAGUNG,GUNUNGKARUNG
693814,533212831349,"PJU ** ******* *",-6.97788380000000,108.48471940000000,"KAB. KUNINGAN",LURAGUNG,GUNUNGKARUNG
693815,533212666798,"PJU ****** **** ********",-6.96730380000000,108.58060630000000,"KAB. KUNINGAN",CIAWIGEBANG,CIAWILOR
693816,533212666764,"PJU ****** **** ********",-6.96340820000000,108.57119530000000,"KAB. KUNINGAN",CIAWIGEBANG,CIAWILOR
693817,533212666756,"PJU ****** **** ********",-6.96587710000000,108.56987810000000,"KAB. KUNINGAN",CIAWIGEBANG,CIAWILOR
693818,533212767030,"PJU ****** *** ********",-6.97460994000000,108.48848666000000,"KAB. KUNINGAN",KUNINGAN,PURWAWINANGUN
693819,533212831380,"PJU ** ********* *",-7.06191480000000,108.68047070000000,"KAB. KUNINGAN",LURAGUNG,GUNUNGKARUNG
693820,533212635342,"PJU ****** *** ********",-7.00401670000000,108.39764620000000,"KAB. KUNINGAN",DARMA,PARUNG
693821,533212662907,"PJU ****** *** ********",-6.99923030000000,108.53151490000000,"KAB. KUNINGAN",GARAWANGI,GARAWANGI
693822,533212663008,"PJU ****** *** ********",-6.99307790000000,108.51570720000000,"KAB. KUNINGAN",GARAWANGI,GARAWANGI
693823,533212666772,"PJU ****** **** ********",-6.98045680000000,108.57063490000000,"KAB. KUNINGAN",CIAWIGEBANG,CIAWILOR
693824,533212666819,"PJU ****** **** ********",-6.96233990000000,108.56987380000000,"KAB. KUNINGAN",CIAWIGEBANG,CIAWILOR
693825,533212494739,"PJU ********** *****",-6.97578670000000,108.53129840000000,"KAB. KUNINGAN",SINDANGAGUNG,SINDANGAGUNG
693826,533212830034,"PJU ** *******",-7.05754830000000,108.57678800000000,"KAB. KUNINGAN",MALEBER,CIPAKEM
693827,533212829986,"PJU ** *******",-7.07574700000000,108.57631200000000,"KAB. KUNINGAN",MALEBER,CIPAKEM
693828,533212829978,"PJU ** *******",-7.07500000000000,108.57830000000000,"KAB. KUNINGAN",MALEBER,CIPAKEM
693829,533212829945,"PJU ** *******",-7.07606500000000,108.57968800000000,"KAB. KUNINGAN",MALEBER,CIPAKEM
693830,533212830018,"PJU ** *******",-7.07698300000000,108.57634300000000,"KAB. KUNINGAN",MALEBER,CIPAKEM
693831,533212830000,"PJU ** *******",-7.07582200000000,108.57768700000000,"KAB. KUNINGAN",MALEBER,CIPAKEM
693832,533212663016,"PJU ****** *** ********",-6.99911960000000,108.54231440000000,"KAB. KUNINGAN",GARAWANGI,GARAWANGI
693833,533212662915,"PJU ****** *** ********",-6.99646540000000,108.53518010000000,"KAB. KUNINGAN",GARAWANGI,GARAWANGI
693834,533212667310,"PJU ****** *** ********",-6.95816520000000,108.49132010000000,"KAB. KUNINGAN",CIDAHU,KERTAWINANGUN
693835,533212662931,"PJU ****** *** ********",-6.99761210000000,108.52998880000000,"KAB. KUNINGAN",GARAWANGI,GARAWANGI
693836,533212769984,"PJU ****** *** ********",-6.97578370000000,108.53129020000000,"KAB. KUNINGAN",LEBAKWANGI,PAGUNDAN
693837,533212656885,"PJU ****** *** ********",-6.98938940000000,108.61111370000000,"KAB. KUNINGAN",CIAWIGEBANG,CIAWIGEBANG
693838,533212541152,"PJU ******* *****",-7.03039540000000,108.52467290000000,"KAB. KUNINGAN",GARAWANGI,GEWOK
693839,533212829994,"PJU ** *******",-7.07713800000000,108.57738300000000,"KAB. KUNINGAN",MALEBER,CIPAKEM
693840,533212829952,"PJU ** *******",-7.07598000000000,108.57996700000000,"KAB. KUNINGAN",MALEBER,CIPAKEM
693841,533212829960,"PJU ** *******",-7.07650000000000,108.57860000000000,"KAB. KUNINGAN",MALEBER,CIPAKEM
693842,533212830026,"PJU ** *******",-7.07500000000000,108.57830000000000,"KAB. KUNINGAN",MALEBER,CIPAKEM
693843,533212667344,"PJU ****** *** ********",-6.98298930000000,108.53554630000000,"KAB. KUNINGAN",CIDAHU,KERTAWINANGUN
693844,533212667280,"PJU ****** *** ********",-6.96829670000000,108.51660250000000,"KAB. KUNINGAN",CIDAHU,KERTAWINANGUN
693845,533212667328,"PJU ****** *** ********",-6.97832666600000,108.52950170000000,"KAB. KUNINGAN",CIDAHU,KERTAWINANGUN
693846,533212667336,"PJU ****** *** ********",-6.98298930000000,108.53554630000000,"KAB. KUNINGAN",CIDAHU,KERTAWINANGUN
693847,533212667298,"PJU ****** *** ********",-6.96204380000000,108.48136510000000,"KAB. KUNINGAN",CIDAHU,KERTAWINANGUN
693848,533212667471,"PJU ****** *** ********",-6.97407000000000,108.48662600000000,"KAB. KUNINGAN",CIDAHU,KERTAWINANGUN
693849,533212667422,"PJU ****** *** ********",-6.97382160000000,108.48625000000000,"KAB. KUNINGAN",CIDAHU,KERTAWINANGUN
693850,533212542432,"PJU ************",-7.09020870000000,108.58138110000000,"KAB. KUNINGAN",MALEBER,GIRIWARINGIN
693851,533212716791,"PJU ****** *** ********",-6.98436260000000,108.57997460000000,"KAB. KUNINGAN",CIAWIGEBANG,CIPUTAT
693852,533212750607,"PJU ****** *** ********",-6.99319590000000,108.59793240000000,"KAB. KUNINGAN",CIAWIGEBANG,CIOMAS
693853,533212548211,"PJU ** ********",-7.05306500000000,108.74693200000000,"KAB. KUNINGAN",CIBINGBIN,SUKAMAJU
693854,533212546577,"PJU ***** *****",-7.04552300000000,108.72915800000000,"KAB. KUNINGAN",CIBEUREUM,TARIKOLOT
693855,533212543491,"PJU ********* *",-6.96173220000000,108.55324630000000,"KAB. KUNINGAN",CIPICUNG,KAROYA
693856,533212728720,"PJU **** *********",-6.94511310000000,108.53498540000000,"KAB. KUNINGAN",CIAWIGEBANG,PANGKALAN
693857,533212684281,"PJU ****** *** ********",-7.09149810000000,108.61232610000000,"KAB. KUNINGAN",CIWARU,LEBAKHERANG
693858,533212684303,"PJU ****** *** ********",-7.09149810000000,108.61232610000000,"KAB. KUNINGAN",CIWARU,LEBAKHERANG
693859,533212759624,"PJU *****",-7.05630000000000,108.45319160000000,"KAB. KUNINGAN",HANTARA,HANTARA
693860,533212759951,"PJU *****",-7.03370000000000,108.54930000000000,"KAB. KUNINGAN",MALEBER,CIKAHURIPAN
693861,533212759409,"PJU *****",-6.97893260000000,108.48478490000000,"KAB. KUNINGAN",KUNINGAN,KUNINGAN
693862,533212760208,"PJU *****",-6.93340300000000,108.63980700000000,"KAB. KUNINGAN",KALIMANGGIS,WANASARAYA
693863,533212760017,"PJU *****",-6.99598666600000,108.57313833300000,"KAB. KUNINGAN",LEBAKWANGI,PASAYANGAN
693864,533212760112,"PJU *****",-6.97153650000000,108.65534940000000,"KAB. KUNINGAN",CIDAHU,CIEURIH
693865,533212760153,"PJU *****",-6.96967230000000,108.61069710000000,"KAB. KUNINGAN",KALIMANGGIS,KALIMANGGISWETAN
693866,533212760120,"PJU *****",-6.97340000000000,108.58565500000000,"KAB. KUNINGAN",CIAWIGEBANG,CIAWIGEBANG
693867,533212759936,"PJU *****",-6.99106200000000,108.57790700000000,"KAB. KUNINGAN",CIAWIGEBANG,PAJAWANLOR
693868,533212759993,"PJU *****",-6.96795100000000,108.66577800000000,"KAB. KUNINGAN",CIDAHU,LEGOK
693869,533212734314,"PJU ****** *** ********",-6.94201110000000,108.60498700000000,"KAB. KUNINGAN",CIAWIGEBANG,CIGARUKGAK
693870,533212728131,"PJU **** ************ *",-6.97416890000000,108.53128980000000,"KAB. KUNINGAN",SINDANGAGUNG,SINDANGAGUNG
693871,533212728243,"PJU ** ************ **",-6.97784420000000,108.53652020000000,"KAB. KUNINGAN",SINDANGAGUNG,SINDANGAGUNG
693872,533212548203,"PJU ** ********",-7.04316830000000,108.72612830000000,"KAB. KUNINGAN",CIBEUREUM,SUKADANA
693873,533212726454,"PJU ****** *** ********",-6.96332990000000,108.50534160000000,"KAB. KUNINGAN",KUNINGAN,KEDUNGARUM
693874,533212741004,"PJU ****** *** ********",-7.04041600000000,108.50011930000000,"KAB. KUNINGAN",CINIRU,CINIRU
693875,533212740711,"PJU ****** *** ********",-7.05457440000000,108.50589540000000,"KAB. KUNINGAN",CINIRU,CIJEMIT
693876,533212675123,"PJU ****** *** ********",-6.95511820000000,108.55058340000000,"KAB. KUNINGAN",CIPICUNG,SUKAMUKTI
693877,533212483752,"PJU *** *******",-6.93262140000000,108.62434200000000,"KAB. KUNINGAN",CIAWIGEBANG,CIHIRUP
693878,533212483699,"PJU *********",-6.96892666700000,108.57758333300000,"KAB. KUNINGAN",CIAWIGEBANG,CIAWIGEBANG
693879,533212483760,"PJU **********",-7.07458190000000,108.57878360000000,"KAB. KUNINGAN",MALEBER,CIPAKEM
693880,533212483737,"PJU *******",-7.07590600000000,108.57775630000000,"KAB. KUNINGAN",MALEBER,CIPAKEM
693881,533212152344,"PJU ***** ** **********",-6.94199560000000,108.53632500000000,"KAB. KUNINGAN",CIPICUNG,CIMARANTEN
693882,533212734010,"PJU **** ****** *",-7.00786070000000,108.39659440000000,"KAB. KUNINGAN",DARMA,CIKUPA
693883,533212734044,"PJU **** ****** *",-7.00670320000000,108.39728190000000,"KAB. KUNINGAN",DARMA,CIKUPA
693884,533212734149,"PJU **** ****** **",-7.00747490000000,108.39693050000000,"KAB. KUNINGAN",DARMA,CIKUPA
693885,533212734115,"PJU **** ****** **",-7.00911640000000,108.39663500000000,"KAB. KUNINGAN",DARMA,CIKUPA
693886,533212734085,"PJU **** ****** **",-7.00824950000000,108.39719780000000,"KAB. KUNINGAN",DARMA,CIKUPA
693887,533212734093,"PJU **** ****** **",-7.00911970000000,108.39743020000000,"KAB. KUNINGAN",DARMA,CIKUPA
693888,533212734036,"PJU **** ****** *",-7.00911970000000,108.39743020000000,"KAB. KUNINGAN",DARMA,CIKUPA
693889,533212734156,"PJU **** ****** **",-7.00911970000000,108.39743020000000,"KAB. KUNINGAN",DARMA,CIKUPA
693890,533212734164,"PJU **** ****** **",-7.00911640000000,108.39663500000000,"KAB. KUNINGAN",DARMA,CIKUPA
693891,533212734028,"PJU **** ****** *",-7.00786070000000,108.39659440000000,"KAB. KUNINGAN",DARMA,CIKUPA
693892,533212734123,"PJU **** ****** **",-7.00911970000000,108.39743020000000,"KAB. KUNINGAN",DARMA,CIKUPA
693893,533212734131,"PJU **** ****** **",-7.01158590000000,108.39726140000000,"KAB. KUNINGAN",DARMA,CIKUPA
693894,533212734172,"PJU **** ****** **",-7.00911970000000,108.39743020000000,"KAB. KUNINGAN",DARMA,CIKUPA
693895,533212734002,"PJU **** ****** *",-7.00786070000000,108.39659440000000,"KAB. KUNINGAN",DARMA,CIKUPA
693896,533212733991,"PJU **** ****** *",-7.00786070000000,108.39659440000000,"KAB. KUNINGAN",DARMA,CIKUPA
693897,533212733983,"PJU **** ****** *",-7.01158590000000,108.39726140000000,"KAB. KUNINGAN",DARMA,CIKUPA
693898,533212734107,"PJU **** ****** **",-7.00911970000000,108.39743020000000,"KAB. KUNINGAN",DARMA,CIKUPA
693899,533212407394,"PJU ** *******",-6.97828333333330,108.36756666667000,"KAB. MAJALENGKA",CIKIJING,KANCANA
693900,533212483786,"PJU *** ********",-6.99475390000000,108.57099100000000,"KAB. KUNINGAN",CIAWIGEBANG,SIDARAJA
693901,533212483703,"PJU *** ***********",-6.96959830000000,108.58880270000000,"KAB. KUNINGAN",CIAWIGEBANG,PAMIJAHAN
693902,533212483640,"PJU *** ***** ***",-6.96750980000000,108.56913590000000,"KAB. KUNINGAN",CIAWIGEBANG,PANGKALAN
693903,533212483632,"PJU ***********",-6.96750980000000,108.56913590000000,"KAB. KUNINGAN",CIAWIGEBANG,KADURAMA
693904,533212483729,"PJU *** *********",-7.05021666700000,108.58425500000000,"KAB. KUNINGAN",MALEBER,MEKARSARI
693905,533212483624,"PJU *** ********",-6.97563790000000,108.63353580000000,"KAB. KUNINGAN",CIDAHU,NANGGELA
693906,533212483711,"PJU *** *******",-7.07590600000000,108.57775630000000,"KAB. KUNINGAN",MALEBER,CIPAKEM
693907,533212483794,"PJU ************",-6.98430660000000,108.61086870000000,"KAB. KUNINGAN",CIAWIGEBANG,GERESIK
693908,533212483657,"PJU *** *********",-6.96544890000000,108.56831060000000,"KAB. KUNINGAN",CIAWIGEBANG,PANGKALAN
693909,533212639142,"PJU ****** *** ********",-7.00082925700000,108.58193600000000,"KAB. KUNINGAN",LEBAKWANGI,SINDANG
693910,533212639167,"PJU ****** *** ********",-6.99960050000000,108.58013630000000,"KAB. KUNINGAN",LEBAKWANGI,SINDANG
693911,533211576292,"PJU                      ",-7.01926870000000,108.65226300000000,"KAB. KUNINGAN",CIMAHI,CIMAHI
693912,533212407216,"PJU ***** *********",-7.00507560000000,108.35647920000000,"KAB. MAJALENGKA",CIKIJING,BAGJASARI
693913,533212769552,"TPU **** ***** *",-7.02194420000000,108.56319900000000,"KAB. KUNINGAN",MALEBER,KUTARAJA
693914,533212675131,"PJU ****** *** ********",-6.95511820000000,108.55058340000000,"KAB. KUNINGAN",CIPICUNG,SUKAMUKTI
693915,533212741087,"PJU ****** *** ********",-6.97825260000000,108.58880270000000,"KAB. KUNINGAN",CIAWIGEBANG,CIAWIGEBANG
693916,533212727154,"PJU ***** ******",-6.97438240000000,108.49131190000000,"KAB. KUNINGAN",KUNINGAN,CIGINTUNG
693917,533212727312,"PJU ** ************",-6.99221990000000,108.50923830000000,"KAB. KUNINGAN",KUNINGAN,KARANGTAWANG
693918,533212727188,"PJU ** **************",-6.98045610000000,108.62925270000000,"KAB. KUNINGAN",CIDAHU,CIHIDEUNGHILIR
693919,533212727320,"PJU ** ************",-6.99125290000000,108.50531920000000,"KAB. KUNINGAN",KUNINGAN,KARANGTAWANG
693920,533212727225,"PJU ** **************",-6.98016580000000,108.62851050000000,"KAB. KUNINGAN",CIDAHU,CIHIDEUNGHILIR
693921,533212727162,"PJU ** ************",-6.95701430000000,108.49427500000000,"KAB. KUNINGAN",KUNINGAN,KARANGTAWANG
693922,533212727258,"PJU ***** ******",-6.95938980000000,108.48038290000000,"KAB. KUNINGAN",KUNINGAN,CIGINTUNG
693923,533212727432,"PJU ***** ******",-6.96120770000000,108.48079460000000,"KAB. KUNINGAN",KUNINGAN,CIGINTUNG
693924,533212727241,"PJU ** ************",-6.99140860000000,108.50940020000000,"KAB. KUNINGAN",KUNINGAN,KARANGTAWANG
693926,533212727290,"PJU ** ************",-6.99229420000000,108.50928410000000,"KAB. KUNINGAN",KUNINGAN,KARANGTAWANG
693927,533212727139,"PJU ***** ******",-6.97438240000000,108.49131190000000,"KAB. KUNINGAN",KUNINGAN,CIGINTUNG
693928,533212727170,"PJU ***** ******",-6.96018180000000,108.48030380000000,"KAB. KUNINGAN",KUNINGAN,CIGINTUNG
693929,533212727408,"PJU ****** *****",-6.96248770000000,108.51007210000000,"KAB. KUNINGAN",KUNINGAN,KEDUNGARUM
693930,533212727777,"POS ******** ****",-6.96957930000000,108.43883150000000,"KAB. KUNINGAN",CIGUGUR,BABAKANMULYA
693931,533212753852,"PJU ****** *** ********",-6.97046910000000,108.42022220000000,"KAB. KUNINGAN",DARMA,SAGARAHIANG
693933,533211239710,"PJU                      ",-6.99488890000000,108.64312360000000,"KAB. KUNINGAN",LURAGUNG,GUNUNGKARUNG
693934,533211239728,"PJU                      ",-6.99627120000000,108.63444850000000,"KAB. KUNINGAN",LURAGUNG,CIKANDANG
693935,533212635300,"PJU ****** *** ********",-7.00546590000000,108.39960200000000,"KAB. KUNINGAN",DARMA,PARUNG
693936,533212483815,"PJU *** *********",-7.04111420000000,108.58793560000000,"KAB. KUNINGAN",LEBAKWANGI,CINAGARA
693937,533212483681,"PJU ************",-6.92830140000000,108.55436940000000,"KAB. KUNINGAN",CIPICUNG,SALAREUMA
693938,533212483745,"PJU *** ******",-6.98093880000000,108.63380630000000,"KAB. KUNINGAN",CIDAHU,CIHIDEUNGHILIR
693939,533212483665,"PJU ****************",-6.96053150000000,108.61333400000000,"KAB. KUNINGAN",KALIMANGGIS,KALIMANGGISWETAN
693940,533212483673,"PJU ***********",-6.96881166700000,108.57777330000000,"KAB. KUNINGAN",CIAWIGEBANG,CIAWILOR
693941,533212483778,"PJU *** ********* *****",-6.98023380000000,108.63171620000000,"KAB. KUNINGAN",CIDAHU,CIHIDEUNGHILIR
693942,533212483807,"PJU *** *********",-7.04322730000000,108.56817630000000,"KAB. KUNINGAN",MALEBER,KARANGTENGAH
693943,533212727304,"PJU ** **************",-6.98229750000000,108.63053330000000,"KAB. KUNINGAN",CIDAHU,CIHIDEUNGHILIR
693944,533212485342,"PJU ** *********",-6.97145360000000,108.48664220000000,"KAB. KUNINGAN",KUNINGAN,PURWAWINANGUN
693945,533212485334,"PJU ** ********* *",-6.97660574000000,108.48038362000000,"KAB. KUNINGAN",KUNINGAN,PURWAWINANGUN
693946,533212485404,"PJU **** ******* *****",-6.96479020000000,108.61255260000000,"KAB. KUNINGAN",KALIMANGGIS,KALIMANGGISWETAN
693947,533212485359,"PJU ** *******",-6.98256000000000,108.47476750000000,"KAB. KUNINGAN",KUNINGAN,KUNINGAN
693948,533212727274,"PJU ** **************",-6.97934160000000,108.63309930000000,"KAB. KUNINGAN",CIDAHU,CIHIDEUNGHILIR
693949,533212727209,"PJU **  **************",-6.98107620000000,108.63210110000000,"KAB. KUNINGAN",CIDAHU,CIHIDEUNGHILIR
693950,533212728268,"PJU ** ************ **",-6.98195270000000,108.53469570000000,"KAB. KUNINGAN",SINDANGAGUNG,SINDANGAGUNG
693951,533212728292,"PJU ** ************ **",-6.97506940000000,108.53204840000000,"KAB. KUNINGAN",SINDANGAGUNG,SINDANGAGUNG
693952,533212728250,"PJU ** ************ **",-6.97959930000000,108.52935160000000,"KAB. KUNINGAN",SINDANGAGUNG,SINDANGAGUNG
693953,533212379129,"PJU ******* **** * *",-6.98946980000000,108.49837890000000,"KAB. KUNINGAN",KUNINGAN,WINDUHAJI
693954,533212700756,"PJU ****** **** ********",-6.97851460000000,108.58181230000000,"KAB. KUNINGAN",CIAWIGEBANG,CIPUTAT
693955,533212700843,"PJU ****** ***",-6.96273940000000,108.48946880000000,"KAB. KUNINGAN",NUSAHERANG,WINDUSARI
693956,533212700876,"PJU ****** ***",-6.95718370000000,108.48888530000000,"KAB. KUNINGAN",NUSAHERANG,WINDUSARI
693957,533212700437,"PJU ****** *** ********",-7.05533110000000,108.47638290000000,"KAB. KUNINGAN",CINIRU,RAMBATAN
693958,533212700390,"PJU ****** *** ********",-7.00044460000000,108.54761510000000,"KAB. KUNINGAN",CINIRU,RAMBATAN
693959,533212700429,"PJU ****** *** ********",-6.97223600000000,108.53945230000000,"KAB. KUNINGAN",CINIRU,RAMBATAN
693960,533212700445,"PJU ****** *** ********",-7.03538510000000,108.49205050000000,"KAB. KUNINGAN",CINIRU,RAMBATAN
693961,533212639246,"PJU ****** *** ********",-7.04536670000000,108.62591270000000,"KAB. KUNINGAN",LURAGUNG,DUKUHPICUNG
693962,533212639238,"PJU ****** *** ********",-7.04322000000000,108.62850000000000,"KAB. KUNINGAN",LURAGUNG,DUKUHPICUNG
693963,533212639261,"PJU ****** *** ********",-7.04502453200000,108.62745710000000,"KAB. KUNINGAN",LURAGUNG,DUKUHPICUNG
693964,533212854662,"PJU **** *********",-6.96386200000000,108.52741390000000,"KAB. KUNINGAN",SINDANGAGUNG,BABAKANREUMA
693965,533212750631,"PJU ****** *** ********",-6.98709390000000,108.60704510000000,"KAB. KUNINGAN",CIAWIGEBANG,CIOMAS
693966,533211233844,"PJU ***** ***            ",-7.01069860000000,108.56770070000000,"KAB. KUNINGAN",MALEBER,CIPORANG
693968,533211244008,"PJU                      ",-7.02582000000000,108.56554200000000,"KAB. KUNINGAN",MALEBER,MALEBER
693970,533212760041,"PJU *****",-7.05055200000000,108.60530200000000,"KAB. KUNINGAN",MALEBER,GALAHERANG
693971,533212759291,"PJU *****",-6.96876000000000,108.45273500000000,"KAB. KUNINGAN",CIGUGUR,CIGUGUR
693972,533212428208,"PJU ***** *********",-6.97499827000000,108.45568200000000,"KAB. KUNINGAN",CIGUGUR,CIGUGUR
693973,533212724600,"PJU ****** *** ********",-6.94690210000000,108.53227940000000,"KAB. KUNINGAN",SINDANGAGUNG,TARAJU
693974,533212724874,"PJU **** **********",-6.98494390000000,108.61823790000000,"KAB. KUNINGAN",LURAGUNG,PANYOSOGAN
693975,533212639309,"PJU ****** ******** *",-7.08627440000000,108.71074450000000,"KAB. KUNINGAN",CIBEUREUM,CIMARA
693976,533212639374,"PJU ****** ******** *",-7.08539120000000,108.71350700000000,"KAB. KUNINGAN",CIBEUREUM,CIMARA
693977,533212639358,"PJU ****** ******** *",-7.08750980000000,108.70773520000000,"KAB. KUNINGAN",CIBEUREUM,CIMARA
693978,533212639390,"PJU ****** ******** *",-7.08548280000000,108.71362190000000,"KAB. KUNINGAN",CIBEUREUM,CIMARA
693979,533212639325,"PJU ****** ******** *",-7.09481180000000,108.70587450000000,"KAB. KUNINGAN",CIBEUREUM,CIMARA
693980,533212639333,"PJU ****** ******** **",-7.08499890000000,108.71383980000000,"KAB. KUNINGAN",CIBEUREUM,CIMARA
693981,533212710245,"PJU ****** *** ********",-7.03679870000000,108.63927320000000,"KAB. KUNINGAN",CIWARU,BAOK
693982,533212639159,"PJU ****** *** ********",-6.99923924800000,108.58065160000000,"KAB. KUNINGAN",LEBAKWANGI,SINDANG
693983,533212639100,"PJU ****** *** ********",-7.00303040000000,108.58657620000000,"KAB. KUNINGAN",LEBAKWANGI,SINDANG
693984,533212639118,"PJU ****** *** ********",-6.99934010000000,108.58142240000000,"KAB. KUNINGAN",LEBAKWANGI,SINDANG
693985,533212700532,"PJU ****** *** ********",-7.03039540000000,108.52467290000000,"KAB. KUNINGAN",CINIRU,RAMBATAN
693986,533212700906,"PJU ****** ***",-7.01925150000000,108.44635170000000,"KAB. KUNINGAN",NUSAHERANG,WINDUSARI
693987,533212700764,"PJU ****** ************ *",-6.97851460000000,108.58181230000000,"KAB. KUNINGAN",CIAWIGEBANG,CIPUTAT
693988,533212680918,"PJU ****** *** ********",-7.08848350000000,108.64459340000000,"KAB. KUNINGAN",CIWARU,LINGGAJAYA
693989,533212680870,"PJU ****** *** ********",-7.08552810000000,108.64038660000000,"KAB. KUNINGAN",CIWARU,LINGGAJAYA
693990,533212680813,"PJU ****** *** ********",-7.08507520000000,108.64020680000000,"KAB. KUNINGAN",CIWARU,LINGGAJAYA
693991,533212680888,"PJU ****** *** ********",-7.08552810000000,108.64038660000000,"KAB. KUNINGAN",CIWARU,LINGGAJAYA
693992,533212680934,"PJU ****** *** ********",-7.08552810000000,108.64038660000000,"KAB. KUNINGAN",CIWARU,LINGGAJAYA
693993,533212680839,"PJU ****** *** ********",-7.08517120000000,108.64054460000000,"KAB. KUNINGAN",CIWARU,LINGGAJAYA
693994,533212831132,"PJU ******** ******* *",-6.97020100000000,108.53000000000000,"KAB. KUNINGAN",LURAGUNG,GUNUNGKARUNG
693995,533212831140,"PJU ******** ******* *",-7.09963570000000,108.65896140000000,"KAB. KUNINGAN",LURAGUNG,GUNUNGKARUNG
693996,533212675198,"PJU ****** *** ********",-6.95511820000000,108.55058340000000,"KAB. KUNINGAN",CIPICUNG,SUKAMUKTI
693997,533212700780,"PJU ****** ************",-6.97851460000000,108.58181230000000,"KAB. KUNINGAN",CIAWIGEBANG,CIPUTAT
693998,533212700707,"PJU ****** **** ********",-6.97851460000000,108.58181230000000,"KAB. KUNINGAN",CIAWIGEBANG,CIPUTAT
693999,533212700749,"PJU ****** ************ *",-6.97851460000000,108.58181230000000,"KAB. KUNINGAN",CIAWIGEBANG,CIPUTAT
694000,533212700922,"PJU ****** ***",-6.99079840000000,108.45301300000000,"KAB. KUNINGAN",NUSAHERANG,WINDUSARI
694001,533212700971,"PJU ****** ***",-7.00857290000000,108.44296100000000,"KAB. KUNINGAN",NUSAHERANG,WINDUSARI
694002,533212700868,"PJU ****** ***",-6.95718370000000,108.48888530000000,"KAB. KUNINGAN",NUSAHERANG,WINDUSARI
694003,533212700884,"PJU ****** ***",-6.95718370000000,108.48888530000000,"KAB. KUNINGAN",NUSAHERANG,WINDUSARI
694004,533212702312,"PJU ****** *** ********",-6.99610000000000,108.66210000000000,"KAB. KUNINGAN",LURAGUNG,BENDA
694005,533212700557,"PJU ****** *** ********",-6.95265400000000,108.47992380000000,"KAB. KUNINGAN",CINIRU,RAMBATAN
694006,533212674026,"PJU ****** *** ********",-6.98571820000000,108.61999250000000,"KAB. KUNINGAN",LURAGUNG,PANYOSOGAN
694007,533212759546,"PJU *****",-7.04182770000000,108.50005880000000,"KAB. KUNINGAN",CINIRU,CINIRU
694008,533212759283,"PJU *****",-7.05294120000000,108.51453820000000,"KAB. KUNINGAN",CINIRU,CIPEDES
694009,533212760066,"PJU *****",-6.96033800000000,108.61835800000000,"KAB. KUNINGAN",KALIMANGGIS,PARTAWANGUNAN
694010,533212759466,"PJU *****",-7.06700166000000,108.45502330000000,"KAB. KUNINGAN",HANTARA,CIKONDANG
694011,533212759561,"PJU *****",-6.97323210000000,108.46522670000000,"KAB. KUNINGAN",CIGUGUR,CIGUGUR
694012,533212759538,"PJU *****",-6.97055370000000,108.43475900000000,"KAB. KUNINGAN",CIGUGUR,PUNCAK
694015,533210641567,"PJU                      ",-7.01573020000000,108.37316480000000,"KAB. MAJALENGKA",CIKIJING,CIDULANG
694017,533210641583,"PJU                      ",-7.01368560000000,108.37436330000000,"KAB. MAJALENGKA",CIKIJING,CIDULANG
694018,533212591589,"PJU ** ********** *******",-7.04569910000000,108.75025820000000,"KAB. KUNINGAN",CIBINGBIN,CIBINGBIN
694019,533212700693,"PJU ****** *** ********",-6.95807830000000,108.49087030000000,"KAB. KUNINGAN",KUNINGAN,KASTURI
694020,533212700677,"PJU ****** *** ********",-6.95718370000000,108.48888530000000,"KAB. KUNINGAN",CINIRU,RAMBATAN
694021,533212700669,"PJU ****** *** ********",-6.95718370000000,108.48888530000000,"KAB. KUNINGAN",CINIRU,RAMBATAN
694022,533212750793,"PJU ****** *** ********",-6.96485500000000,108.56658700000000,"KAB. KUNINGAN",CIAWIGEBANG,CIOMAS
694023,533212750848,"PJU ****** *** ********",-6.96605300000000,108.56715200000000,"KAB. KUNINGAN",CIAWIGEBANG,CIOMAS
694039,533210555102,"PJU ****** *****         ",-6.98147680000000,108.38958840000000,"KAB. KUNINGAN",DARMA,GUNUNGSIRAH
694041,533210555128,"PJU                      ",-6.98121200000000,108.63225180000000,"KAB. KUNINGAN",CIDAHU,CIDAHU
694042,533210555136,"PJU                      ",-6.98039200000000,108.62760790000000,"KAB. KUNINGAN",CIDAHU,CIDAHU
694044,533210555151,"PJU ****** *****         ",-6.98202700000000,108.39031630000000,"KAB. KUNINGAN",DARMA,GUNUNGSIRAH
694050,533210638095,"PJU                      ",-7.06528320000000,108.75454270000000,"KAB. KUNINGAN",CIBINGBIN,SINDANGJAWA
694051,533210638109,"PJU                      ",-7.06496390000000,108.75374860000000,"KAB. KUNINGAN",CIBINGBIN,SINDANGJAWA
694052,533210641886,"PJU                      ",-6.98608510000000,108.47539260000000,"KAB. KUNINGAN",KUNINGAN,CIBINUANG
694053,533210641894,"PJU                      ",-6.99842020000000,108.47335310000000,"KAB. KUNINGAN",KUNINGAN,CIBINUANG
694055,533210578123,"PJU *****                ",-6.95912210000000,108.48141240000000,"KAB. KUNINGAN",MALEBER,CIKAHURIPAN
694056,533210578131,"PJU *****                ",-6.99252510000000,108.50840920000000,"KAB. KUNINGAN",SINDANGAGUNG,BALONG
694057,533210578149,"PJU *****                ",-6.95707910000000,108.68277380000000,"KAB. KUNINGAN",CIDAHU,CIKEUSIK
694060,533210578164,"PJU *****                ",-6.98957410000000,108.49739300000000,"KAB. KUNINGAN",KUNINGAN,KUNINGAN
694061,533210578172,"PJU *****                ",-6.98957410000000,108.49739300000000,"KAB. KUNINGAN",KUNINGAN,KUNINGAN
694062,533210578180,"PJU *****                ",-6.98773380000000,108.49715740000000,"KAB. KUNINGAN",KUNINGAN,KUNINGAN
694064,533210583337,"PJU                      ",-6.97263210000000,108.43853100000000,"KAB. KUNINGAN",CIGUGUR,PUNCAK
694066,533210638117,"PJU                      ",-7.06486750000000,108.75299620000000,"KAB. KUNINGAN",CIBINGBIN,SINDANGJAWA
694067,533210638125,"PJU                      ",-7.06443430000000,108.75330700000000,"KAB. KUNINGAN",CIBINGBIN,SINDANGJAWA
694068,533212750927,"PJU ****** *** ********",-6.96434800000000,108.56415300000000,"KAB. KUNINGAN",CIAWIGEBANG,CIOMAS
694069,533212702440,"PJU ****** *** ********",-6.98528270000000,108.61833820000000,"KAB. KUNINGAN",LURAGUNG,PANYOSOGAN
694070,533212700516,"PJU ****** *** ********",-6.99861903300000,108.55840889900000,"KAB. KUNINGAN",CINIRU,RAMBATAN
694071,533210671859,"PJU *****                ",-6.96802480000000,108.61181040000000,"KAB. KUNINGAN",KALIMANGGIS,KALIMANGGISKULON
694082,533210644748,"PJU ***** * *****        ",-7.01673730000000,108.63239460000000,"KAB. KUNINGAN",LURAGUNG,LURAGUNGLANDEUH
694083,533210644755,"PJU ***** * *****        ",-7.01639670000000,108.63127740000000,"KAB. KUNINGAN",LURAGUNG,LURAGUNGLANDEUH
694084,533210644763,"PJU ***** * *****        ",-7.01639670000000,108.63127740000000,"KAB. KUNINGAN",LURAGUNG,LURAGUNGLANDEUH
694088,533212750889,"PJU ****** *** ********",-6.96434800000000,108.56415300000000,"KAB. KUNINGAN",CIAWIGEBANG,CIOMAS
694089,533212716804,"PJU ****** *** ********",-6.99618370000000,108.45631740000000,"KAB. KUNINGAN",KADUGEDE,WINDUJANTEN
694091,533210546943,"PJU **** *******         ",-7.03946930000000,108.41179470000000,"KAB. KUNINGAN",DARMA,SAKERTATIMUR
694100,533210553753,"PJU ** ********          ",-6.99766610000000,108.44719980000000,"KAB. KUNINGAN",KADUGEDE,BAYUNING
694101,533210553761,"PJU ** ******            ",-6.99903190000000,108.43125950000000,"KAB. KUNINGAN",NUSAHERANG,CIKADU
694102,533210553779,"PJU ** ******            ",-6.99222320000000,108.42531800000000,"KAB. KUNINGAN",KADUGEDE,KADUGEDE
694105,533210666716,"PJU *****                ",-6.98957410000000,108.49739300000000,"KAB. KUNINGAN",KUNINGAN,WINDUHAJI
694107,533210666740,"PJU *****                ",-6.92452200000000,108.56245690000000,"KAB. KUNINGAN",CIPICUNG,SUGANANGAN
694108,533210666757,"PJU *****                ",-6.95354570000000,108.54984130000000,"KAB. KUNINGAN",CIAWIGEBANG,CIAWIGEBANG
694109,533210666765,"PJU *****                ",-6.93912600000000,108.53576240000000,"KAB. KUNINGAN",CIPICUNG,CIMARANTEN
694112,533210666799,"PJU *****                ",-6.98550940000000,108.46422540000000,"KAB. KUNINGAN",CIGUGUR,CIGADUNG
694116,533210666836,"PJU *****                ",-6.96273940000000,108.48946880000000,"KAB. KUNINGAN",KUNINGAN,CIGINTUNG
694122,533210666893,"PJU *****                ",-6.96273940000000,108.48946880000000,"KAB. KUNINGAN",KUNINGAN,CIGINTUNG
694123,533210666907,"PJU *****                ",-6.98293510000000,108.48514940000000,"KAB. KUNINGAN",KUNINGAN,AWIRARANGAN
694126,533210666931,"PJU *****                ",-6.98034830000000,108.45090270000000,"KAB. KUNINGAN",CIGUGUR,CILEULEUY
694127,533210666949,"PJU *****                ",-6.96857600000000,108.43965460000000,"KAB. KUNINGAN",CIGUGUR,BABAKANMULYA
694128,533210666956,"PJU *****                ",-6.97055370000000,108.43475900000000,"KAB. KUNINGAN",CIGUGUR,PUNCAK
694130,533212702233,"PJU ****** *** ********",-6.99670000000000,108.66210000000000,"KAB. KUNINGAN",LURAGUNG,BENDA
694131,533212750702,"PJU ****** *** ********",-6.99750000000000,108.60390050000000,"KAB. KUNINGAN",CIAWIGEBANG,CIOMAS
694132,533212937039,"PJU ****** ************ *",-7.05119500000000,108.56113500000000,"KAB. KUNINGAN",MALEBER,PADAMULYA
694133,533212925703,"PJU *** **** *** *******",-6.93270000000000,108.62270000000000,"KAB. KUNINGAN",CIAWIGEBANG,CIKUBANGMULYA
694134,533212925969,"PJU *** **** *** *******",-6.96539000000000,108.54578700000000,"KAB. KUNINGAN",CIPICUNG,MUNCANGELA
694135,533212925864,"PJU *** **** *** *******",-6.93540000000000,108.60770000000000,"KAB. KUNINGAN",CIAWIGEBANG,CIGARUKGAK
694136,533212926236,"PJU *** **** *** *******",-6.93000000000000,108.61260000000000,"KAB. KUNINGAN",CIAWIGEBANG,SUKADANA
694137,533212937118,"PJU ****** *********** *",-6.98149880000000,108.39089230000000,"KAB. KUNINGAN",DARMA,GUNUNGSIRAH
694138,533212925283,"PJU *** **** *** ******",-6.99045200000000,108.62430700000000,"KAB. KUNINGAN",LURAGUNG,CIKANDANG
694139,533212925737,"PJU *** **** *** *******",-6.98005900000000,108.59235690000000,"KAB. KUNINGAN",CIAWIGEBANG,CIHAUR
694140,533212926140,"PJU *** **** *** *******",-6.98005900000000,108.59235690000000,"KAB. KUNINGAN",CIPICUNG,CIMARANTEN
694141,533212939153,"PJU ****** *********** *",-6.97340920000000,108.58313140000000,"KAB. KUNINGAN",CIAWIGEBANG,CIAWIGEBANG
694142,533212937175,"PJU ****** *********** *",-6.98034190000000,108.39125190000000,"KAB. KUNINGAN",DARMA,GUNUNGSIRAH
694143,533212942824,"PJU ****** ******** *",-6.98161530000000,108.47826670000000,"KAB. KUNINGAN",KUNINGAN,KUNINGAN
694144,533212496638,"PJU ** **********",-6.97841666700000,108.42301500000000,"KAB. KUNINGAN",KADUGEDE,CIHERANG
694145,533212496894,"PJU **** ********",-7.01679666700000,108.40015830000000,"KAB. KUNINGAN",DARMA,CIPASUNG
694146,533212639134,"PJU ****** *** ********",-6.99960050000000,108.58013630000000,"KAB. KUNINGAN",LEBAKWANGI,SINDANG
694147,533212639175,"PJU ****** *** ********",-6.99756490000000,108.57776040000000,"KAB. KUNINGAN",LEBAKWANGI,SINDANG
694148,533212700963,"PJU ****** ***",-6.99079840000000,108.45301300000000,"KAB. KUNINGAN",NUSAHERANG,WINDUSARI
694149,533212700540,"PJU ****** *** ********",-6.99416677000000,108.51619579000000,"KAB. KUNINGAN",CINIRU,RAMBATAN
694150,533212639317,"PJU ****** ******** *",-7.09003530000000,108.70585030000000,"KAB. KUNINGAN",CIBEUREUM,CIMARA
694151,533212855897,"PJU ****** ********",-6.98264500000000,108.44462670000000,"KAB. KUNINGAN",CIGUGUR,CILEULEUY
694152,533212831202,"PJU ***** ****** *",-7.06127670000000,108.68010440000000,"KAB. KUNINGAN",LURAGUNG,GUNUNGKARUNG
694153,533212710117,"PJU ****** *** ********",-7.03845060000000,108.63762600000000,"KAB. KUNINGAN",CIWARU,BAOK
694154,533212705319,"PJU **** ******",-6.96173220000000,108.55324630000000,"KAB. KUNINGAN",CIPICUNG,KAROYA
694155,533212705368,"PJU **** ******",-6.96146060000000,108.55613860000000,"KAB. KUNINGAN",CIPICUNG,KAROYA
694156,533212639126,"PJU ****** *** ********",-7.00275110000000,108.58448300000000,"KAB. KUNINGAN",LEBAKWANGI,SINDANG
694157,533212675201,"PJU ****** *** ********",-6.95511820000000,108.55058340000000,"KAB. KUNINGAN",CIPICUNG,SUKAMUKTI
694158,533212639212,"PJU ****** *** ********",-7.06064380000000,108.62982270000000,"KAB. KUNINGAN",LURAGUNG,DUKUHPICUNG
694159,533212639191,"PJU ****** *** ********",-7.04792066000000,108.62744590000000,"KAB. KUNINGAN",LURAGUNG,DUKUHPICUNG
694160,533212639253,"PJU ****** *** ********",-7.05049460000000,108.60669830000000,"KAB. KUNINGAN",LURAGUNG,DUKUHPICUNG
694161,533212639220,"PJU ****** *** ********",-7.04504240000000,108.62774700000000,"KAB. KUNINGAN",LURAGUNG,DUKUHPICUNG
694162,533212831157,"PJU ******** ******* *",-7.06287980000000,108.67966040000000,"KAB. KUNINGAN",LURAGUNG,GUNUNGKARUNG
694165,533212542258,"PJU *** ******* ********",-6.96897500000000,108.57764500000000,"KAB. KUNINGAN",CIAWIGEBANG,CIAWILOR
694166,533212487019,"PJU ***** ***** ****",-7.07304470000000,108.73029400000000,"KAB. KUNINGAN",CIBEUREUM,SUMURWIRU
694167,533212635288,"PJU ****** *** ********",-7.00401670000000,108.39764620000000,"KAB. KUNINGAN",DARMA,PARUNG
694168,533212635318,"PJU ****** *** ********",-7.00609520000000,108.39815070000000,"KAB. KUNINGAN",DARMA,PARUNG
694169,533212635254,"PJU ****** *** ********",-7.00692510000000,108.39715960000000,"KAB. KUNINGAN",DARMA,PARUNG
694170,533212635213,"PJU ****** *** ********",-7.00546590000000,108.39960200000000,"KAB. KUNINGAN",DARMA,PARUNG
694171,533212822740,"PJU **** * ******** *",-6.98696010000000,108.48454420000000,"KAB. KUNINGAN",CIAWIGEBANG,CIAWILOR
694172,533212675172,"PJU ****** *** ********",-6.95511820000000,108.55058340000000,"KAB. KUNINGAN",CIPICUNG,SUKAMUKTI
694173,533212700801,"PJU ****** **************",-6.97879890000000,108.58323650000000,"KAB. KUNINGAN",CIAWIGEBANG,CIPUTAT
694174,533212700955,"PJU ****** ***",-6.99569480000000,108.39515150000000,"KAB. KUNINGAN",NUSAHERANG,WINDUSARI
694175,533212700723,"PJU ****** **** ********",-6.98025020000000,108.58050560000000,"KAB. KUNINGAN",CIAWIGEBANG,CIPUTAT
694176,533212824944,"PJU ** ******** *",-6.92999200000000,108.58170200000000,"KAB. KUNINGAN",CIAWIGEBANG,SUKARAJA
694177,533212700850,"PJU ****** ***",-6.95460100000000,108.48812380000000,"KAB. KUNINGAN",NUSAHERANG,WINDUSARI
694178,533212700403,"PJU ****** *** ********",-6.99434680000000,108.54038030000000,"KAB. KUNINGAN",CINIRU,RAMBATAN
694179,533212700715,"PJU ****** **** ********",-6.97851460000000,108.58181230000000,"KAB. KUNINGAN",CIAWIGEBANG,CIPUTAT
694180,533212700892,"PJU ****** ***",-6.99079840000000,108.45301300000000,"KAB. KUNINGAN",NUSAHERANG,WINDUSARI
694181,533212700914,"PJU ****** ***",-7.01955520000000,108.44500720000000,"KAB. KUNINGAN",NUSAHERANG,WINDUSARI
694182,533212700930,"PJU ****** ***",-6.99079840000000,108.45301300000000,"KAB. KUNINGAN",NUSAHERANG,WINDUSARI
694183,533212700772,"PJU ****** ************ *",-6.98025020000000,108.58050560000000,"KAB. KUNINGAN",CIAWIGEBANG,CIPUTAT
694184,533212701137,"PJU ****** *** ********",-6.99783350000000,108.40257670000000,"KAB. KUNINGAN",KALIMANGGIS,CIPANCUR
694185,533212700636,"PJU ****** *** ********",-6.97189166700000,108.46350500000000,"KAB. KUNINGAN",CINIRU,RAMBATAN
694186,533212662885,"PJU ****** *** ********",-7.00410330000000,108.54043630000000,"KAB. KUNINGAN",GARAWANGI,GARAWANGI
694187,533212662869,"PJU ****** *** ********",-7.02666730000000,108.53388690000000,"KAB. KUNINGAN",GARAWANGI,GARAWANGI
694188,533212662851,"PJU ****** *** ********",-7.02848690000000,108.53648410000000,"KAB. KUNINGAN",GARAWANGI,GARAWANGI
694189,533212662980,"PJU ****** *** ********",-6.99911960000000,108.54231440000000,"KAB. KUNINGAN",GARAWANGI,GARAWANGI
694190,533212662836,"PJU ****** *** ********",-6.99736170000000,108.53501670000000,"KAB. KUNINGAN",GARAWANGI,GARAWANGI
694191,533210563579,"PJU ***** ****           ",-6.98388720000000,108.48120540000000,"KAB. KUNINGAN",KUNINGAN,KUNINGAN
694192,533212750649,"PJU ****** *** ********",-6.98389100000000,108.60980140000000,"KAB. KUNINGAN",CIAWIGEBANG,CIOMAS
694193,533210509595,"PJU ***** ********       ",-7.00451810000000,108.45346800000000,"KAB. KUNINGAN",KADUGEDE,KADUGEDE
694196,533210509624,"PJU ***** ********       ",-6.98865160000000,108.46416040000000,"KAB. KUNINGAN",CIGUGUR,CIGADUNG
694197,533210509632,"PJU ***** ********       ",-6.99783590000000,108.39726290000000,"KAB. KUNINGAN",KADUGEDE,CISUKADANA
694198,533210509640,"PJU ***** ********       ",-7.03963510000000,108.39449660000000,"KAB. KUNINGAN",DARMA,SUKARASA
694199,533210509657,"PJU ***** ********       ",-7.05037110000000,108.40869940000000,"KAB. KUNINGAN",DARMA,CAGEUR
694201,533212487130,"PJU ***** **** *********",-7.07307510000000,108.73038030000000,"KAB. KUNINGAN",CIBEUREUM,SUMURWIRU
694202,533212487050,"PJU ** ******** *",-6.96179480000000,108.68411700000000,"KAB. KUNINGAN",CIMAHI,CIKEUSAL
694203,533212513220,"PJU **************",-7.05126833300000,108.48699500000000,"KAB. KUNINGAN",CINIRU,RAMBATAN
694204,533212667393,"PJU ****** *** ********",-6.97519650000000,108.48812830000000,"KAB. KUNINGAN",CIDAHU,KERTAWINANGUN
694205,533212667406,"PJU ****** *** ********",-6.97519650000000,108.48812830000000,"KAB. KUNINGAN",CIDAHU,KERTAWINANGUN
694206,533212667414,"PJU ****** *** ********",-6.97447333300000,108.48730333000000,"KAB. KUNINGAN",CIDAHU,KERTAWINANGUN
694207,533212667448,"PJU ****** *** ********",-6.97494310000000,108.49054390000000,"KAB. KUNINGAN",CIDAHU,KERTAWINANGUN
694208,533212667455,"PJU ****** *** ********",-6.97504520000000,108.48228420000000,"KAB. KUNINGAN",CIDAHU,KERTAWINANGUN
694209,533212667351,"PJU ****** *** ********",-6.97342666700000,108.48574000000000,"KAB. KUNINGAN",CIDAHU,KERTAWINANGUN
694210,533212667369,"PJU ****** *** ********",-6.97647820000000,108.49045620000000,"KAB. KUNINGAN",CIDAHU,KERTAWINANGUN
694211,533212542379,"PJU **** *********",-6.93023380000000,108.55553810000000,"KAB. KUNINGAN",CIAWIGEBANG,PAMIJAHAN
694212,533212540971,"PJU ****** ******",-6.95177140000000,108.47020580000000,"KAB. KUNINGAN",CIGUGUR,GUNUNGKELING
694213,533212763412,"PJU ****** *** ********",-7.05697130000000,108.52828970000000,"KAB. KUNINGAN",CINIRU,CIPEDES
694214,533212500551,"PJU *********** ******",-6.96889410000000,108.41409190000000,"KAB. KUNINGAN",DARMA,SAGARAHIANG
694215,533212500544,"PJU ** **** *****",-7.06272590000000,108.40719300000000,"KAB. KUNINGAN",DARMA,TUGUMULYA
694216,533212667385,"PJU ****** *** ********",-6.97366830000000,108.48595300000000,"KAB. KUNINGAN",CIDAHU,KERTAWINANGUN
694217,533212667463,"PJU ****** *** ********",-6.97425999900000,108.48696660000000,"KAB. KUNINGAN",CIDAHU,KERTAWINANGUN
694218,533212667430,"PJU ****** *** ********",-6.97287990000000,108.48837900000000,"KAB. KUNINGAN",CIDAHU,KERTAWINANGUN
694219,533212668615,"PJU ****** *** ******** *",-6.96169670000000,108.68484740000000,"KAB. KUNINGAN",CIMAHI,MULYAJAYA
694220,533212541958,"PJU ********* *",-6.96173220000000,108.55324630000000,"KAB. KUNINGAN",CIPICUNG,KAROYA
694221,533212922572,"PJU *** **** *** *******",-7.01971840000000,108.44272500000000,"KAB. KUNINGAN",NUSAHERANG,WINDUSARI
694222,533212933997,"PJU *** **** ** *******",-6.97920140000000,108.47440810000000,"KAB. KUNINGAN",KUNINGAN,KUNINGAN
694223,533212940368,"PJU ****** ***********",-6.97507450000000,108.55588460000000,"KAB. KUNINGAN",CIAWIGEBANG,CIJAGAMULYA
694224,533212937142,"PJU ****** **************",-7.05031800000000,108.56121270000000,"KAB. KUNINGAN",MALEBER,PADAMULYA
694225,533212925490,"PJU *** **** *** ******",-6.99672200000000,108.63712600000000,"KAB. KUNINGAN",LURAGUNG,GUNUNGKARUNG
694226,533212923686,"PJU *** **** *** *******",-7.06000020000000,108.39525560000000,"KAB. KUNINGAN",DARMA,TUGUMULYA
694227,533212940413,"PJU ****** ** ******** *",-6.97300000000000,108.59150000000000,"KAB. KUNINGAN",CIAWIGEBANG,KADURAMA
694228,533212938973,"PJU ****** ******** *",-6.95819200000000,108.57405200000000,"KAB. KUNINGAN",CIAWIGEBANG,CIAWILOR
694229,533212937167,"PJU ****** ************ *",-7.00009200000000,108.58285500000000,"KAB. KUNINGAN",LEBAKWANGI,SINDANG
694234,533210573170,"PJU ***** ***            ",-6.95974150000000,108.53336460000000,"KAB. KUNINGAN",SINDANGAGUNG,DUKUHLOR
694236,533212750432,"PJU ****** *** ********",-6.98899000000000,108.54980666667000,"KAB. KUNINGAN",LEBAKWANGI,PAGUNDAN
694238,533210563910,"PJU                      ",-6.99354670000000,108.42365270000000,"KAB. KUNINGAN",NUSAHERANG,JAMBAR
694240,533210547003,"PJU **** ********        ",-7.01512240000000,108.62034590000000,"KAB. KUNINGAN",LURAGUNG,CIRAHAYU
694249,533210574995,"PJU                      ",-6.98139990000000,108.42609390000000,"KAB. KUNINGAN",KADUGEDE,CIHERANG
694251,533210547094,"PJU **** *********       ",-7.04920980000000,108.72233700000000,"KAB. KUNINGAN",CIBEUREUM,CIBEUREUM
694252,533210552266,"PJU ** *******           ",-7.04841040000000,108.50028920000000,"KAB. KUNINGAN",CINIRU,CIJEMIT
694253,533210552274,"PJU ** *******           ",-7.04958930000000,108.49750070000000,"KAB. KUNINGAN",CINIRU,CIJEMIT
694254,533210552282,"PJU ** *******           ",-7.04854030000000,108.49889590000000,"KAB. KUNINGAN",CINIRU,CIJEMIT
694255,533210552290,"PJU ** *******           ",-7.04801780000000,108.49827040000000,"KAB. KUNINGAN",CINIRU,CIJEMIT
694259,533210569876,"PJU                      ",-6.99015780000000,108.42719600000000,"KAB. KUNINGAN",KADUGEDE,KADUGEDE
694260,533213006216,"PJU ***** ***** *********",-6.96875390000000,108.53759910000000,"KAB. KUNINGAN",SINDANGAGUNG,KERTAYASA
694261,533212937253,"PJU ****** ******* *",-6.92700000000000,108.68210000000000,"KAB. KUNINGAN",CIDAHU,CIEURIH
694262,533212925291,"PJU *** **** *******",-6.98006140000000,108.59235850000000,"KAB. KUNINGAN",CIPICUNG,SALAREUMA
694263,533212925910,"PJU *** **** ** *******",-6.98006140000000,108.59235850000000,"KAB. KUNINGAN",CIPICUNG,SALAREUMA
694264,533212942857,"PJU ****** ******** *",-6.98161500000000,108.47826600000000,"KAB. KUNINGAN",KUNINGAN,KUNINGAN
694265,533212782363,"PJU *************",-6.87126000000000,108.67713000000000,"KAB. KUNINGAN",CIAWIGEBANG,CIKUBANGMULYA
694266,533210526562,"PEM** *** ******** ***** ",-7.00465670000000,108.44719010000000,"KAB. KUNINGAN",KADUGEDE,BAYUNING
694268,533210526588,"PEM** *** ******** ***** ",-6.99910060000000,108.53441130000000,"KAB. KUNINGAN",GARAWANGI,PURWASARI
694270,533210526609,"PEM** *** ******** ***** ",-6.98957410000000,108.49739300000000,"KAB. KUNINGAN",KUNINGAN,KUNINGAN
694271,533210526617,"PEM** *** ******** ***** ",-7.01413240000000,108.62888160000000,"KAB. KUNINGAN",LURAGUNG,SINDANGSUKA
694274,533210715612,"PJU *****                ",-7.01919330000000,108.44620600000000,"KAB. KUNINGAN",NUSAHERANG,WINDUSARI
694276,533210712346,"PJU*********             ",-7.04567790000000,108.72938650000000,"KAB. KUNINGAN",CIBEUREUM,TARIKOLOT
694277,533210714167,"PJU *****                ",-7.01947950000000,108.44275340000000,"KAB. KUNINGAN",NUSAHERANG,WINDUSARI
694280,533212662893,"PJU ****** *** ********",-6.99460710000000,108.51503900000000,"KAB. KUNINGAN",GARAWANGI,GARAWANGI
694281,533212662949,"PJU ****** *** ********",-7.02101410000000,108.50645730000000,"KAB. KUNINGAN",GARAWANGI,GARAWANGI
694282,533212662923,"PJU ****** *** ********",-7.00675440000000,108.55081760000000,"KAB. KUNINGAN",GARAWANGI,GARAWANGI
694283,533212663024,"PJU ****** *** ********",-6.99523310000000,108.51793320000000,"KAB. KUNINGAN",GARAWANGI,GARAWANGI
694284,533212662964,"PJU ****** *** ********",-7.00410330000000,108.54043630000000,"KAB. KUNINGAN",GARAWANGI,GARAWANGI
694285,533212662844,"PJU ****** *** ********",-6.99878650000000,108.53314490000000,"KAB. KUNINGAN",GARAWANGI,GARAWANGI
694286,533212662998,"PJU ****** *** ********",-7.00675440000000,108.55081760000000,"KAB. KUNINGAN",GARAWANGI,GARAWANGI
694287,533212662956,"PJU ****** *** ********",-6.99771480000000,108.52987060000000,"KAB. KUNINGAN",GARAWANGI,GARAWANGI
694288,533212768958,"PEN******* ***** ****",-7.01040190000000,108.60044210000000,"KAB. KUNINGAN",LEBAKWANGI,MEKARWANGI
694289,533212674656,"PJU ****** *** ********",-6.98067350000000,108.48058800000000,"KAB. KUNINGAN",KUNINGAN,KUNINGAN
694290,533212674710,"PJU ****** *** ********",-6.96299780000000,108.45815700000000,"KAB. KUNINGAN",KUNINGAN,KUNINGAN
694291,533212755674,"PJU ****",-6.97112830000000,108.50718210000000,"KAB. KUNINGAN",KUNINGAN,CIPORANG
694292,533212756684,"PJU ****** *** ********",-6.96591980000000,108.48936680000000,"KAB. KUNINGAN",KUNINGAN,PURWAWINANGUN
694293,533212964731,"PJU ****** *********** *",-6.97799000000000,108.61106820000000,"KAB. KUNINGAN",KALIMANGGIS,KALIMANGGISWETAN
694294,533212939161,"PJU ****** ** ******** *",-6.96274300000000,108.56975700000000,"KAB. KUNINGAN",CIAWIGEBANG,CIAWILOR
694295,533212923923,"PJU *** **** *** *******",-7.00976521844640,108.41739258573000,"KAB. KUNINGAN",DARMA,DARMA
694296,533212923326,"PJU *** **** ** ******",-7.01230000000000,108.46880000000000,"KAB. KUNINGAN",KADUGEDE,NANGKA
694297,533212925880,"PJU *** **** *** *******",-6.98005900000000,108.59235690000000,"KAB. KUNINGAN",CIPICUNG,CIMARANTEN
694298,533212925155,"PJU *** **** *******",-6.98005900000000,108.59235690000000,"KAB. KUNINGAN",CIPICUNG,CIMARANTEN
694299,533212925458,"PJU *** **** *** ******",-6.99515700000000,108.63102300000000,"KAB. KUNINGAN",LURAGUNG,CIKANDANG
694300,533212925441,"PJU *** **** *** ******",-6.99701000000000,108.65873300000000,"KAB. KUNINGAN",LURAGUNG,BENDA
694301,533212924630,"PJU *** **** *** ********",-6.94671200000000,108.53407300000000,"KAB. KUNINGAN",SINDANGAGUNG,TARAJU
694302,533212922436,"PJU *** **** *******",-6.99976747000000,108.43143060000000,"KAB. KUNINGAN",NUSAHERANG,CIKADU
694303,533212996022,"PJU ****** *** ****** *",-6.99543700000000,108.69386300000000,"KAB. KUNINGAN",CIMAHI,CIMAHI
694310,533210526690,"PEM** *** ******** ***** ",-7.03239060000000,108.62681060000000,"KAB. KUNINGAN",KUNINGAN,KUNINGAN
694312,533212777524,"PJU ****** *** ********",-7.01966900000000,108.46997790000000,"KAB. KUNINGAN",CINIRU,LONGKEWANG
694313,533212545289,"PJU ** ******",-7.08520500000000,108.71661960000000,"KAB. KUNINGAN",CIBEUREUM,CIMARA
694314,533212545230,"PJU ** ******* ****",-7.06490050000000,108.75296410000000,"KAB. KUNINGAN",CIBINGBIN,SINDANGJAWA
694319,533212536578,"PJU ********** **********",-7.01331210000000,108.43179820000000,"KAB. KUNINGAN",NUSAHERANG,HAURKUNING
694320,533212542361,"PJU ***** ******",-7.04929070000000,108.60847050000000,"KAB. KUNINGAN",MALEBER,GARAHAJI
694321,533212541129,"PJK* ** ******* *",-7.00108210000000,108.51136450000000,"KAB. KUNINGAN",GARAWANGI,TEMBONG
694322,533212542387,"PJU ****** *******",-6.96507180000000,108.56800910000000,"KAB. KUNINGAN",CIAWIGEBANG,CIAWILOR
694323,533212542395,"PJU ***********",-6.97656400000000,108.59882200000000,"KAB. KUNINGAN",CIAWIGEBANG,KADURAMA
694324,533212541145,"PJU ** *******",-7.00275510000000,108.51385610000000,"KAB. KUNINGAN",GARAWANGI,TEMBONG
694325,533212545271,"PJU ** *********",-7.06407300000000,108.75836920000000,"KAB. KUNINGAN",CIBINGBIN,SUKAHARJA
694326,533212542511,"PJU ************ ** ****",-7.08780519000000,108.58117590000000,"KAB. KUNINGAN",MALEBER,GIRIWARINGIN
694327,533212541032,"PJU ** ****** ***********",-6.97519650000000,108.48812830000000,"KAB. KUNINGAN",KUNINGAN,PURWAWINANGUN
694331,533210573379,"PJU                      ",-6.98773380000000,108.49715740000000,"KAB. KUNINGAN",KUNINGAN,WINDUHAJI
694337,533210583896,"PJU ***** ****** *****   ",-6.98453160000000,108.48397800000000,"KAB. KUNINGAN",KUNINGAN,AWIRARANGAN
694340,533210645030,"PJU                      ",-7.01115950000000,108.63049290000000,"KAB. KUNINGAN",LURAGUNG,SINDANGSUKA
694341,533210645048,"PJU                      ",-7.01591730000000,108.62969240000000,"KAB. KUNINGAN",LURAGUNG,SINDANGSUKA
694343,533210657623,"PJU ********             ",-7.01659500000000,108.39390700000000,"KAB. KUNINGAN",DARMA,CIPASUNG
694344,533210547251,"PJU ********* ***********",-6.95768750000000,108.48821210000000,"KAB. KUNINGAN",KUNINGAN,CIRENDANG
694346,533210554039,"PJU ** ********          ",-6.98557290000000,108.55829320000000,"KAB. KUNINGAN",LEBAKWANGI,PAGUNDAN
694347,533210555733,"PJU *****                ",-6.97587726900000,108.50109787800000,"KAB. KUNINGAN",KUNINGAN,KUNINGAN
694350,533210562480,"PJU ***** ***            ",-7.00465670000000,108.44719010000000,"KAB. KUNINGAN",KADUGEDE,KADUGEDE
694351,533210562498,"PJU ***** ********       ",-6.98773380000000,108.49715740000000,"KAB. KUNINGAN",SINDANGAGUNG,TIRTAWANGUNAN
694355,533210562536,"PJU ***** ***            ",-6.96326510000000,108.49159270000000,"KAB. KUNINGAN",KUNINGAN,CIGINTUNG
694356,533210562544,"PJU ***** ***            ",-6.96273940000000,108.48946880000000,"KAB. KUNINGAN",KUNINGAN,CIGINTUNG
694357,533210562551,"PJU ***** ***            ",-6.98767730000000,108.43298040000000,"KAB. KUNINGAN",KADUGEDE,CIHERANG
694362,533210658123,"PJU                      ",-7.03664640000000,108.40482920000000,"KAB. KUNINGAN",DARMA,SAKERTABARAT
694364,533210658149,"PJU                      ",-7.02848690000000,108.53648410000000,"KAB. KUNINGAN",GARAWANGI,KUTAKEMBARAN
694368,533210549015,"PJU                      ",-6.95740110000000,108.69417980000000,"KAB. KUNINGAN",CIDAHU,JATIMULYA
694369,533210549023,"PJU                      ",-6.95872750000000,108.68212130000000,"KAB. KUNINGAN",CIDAHU,CIKEUSIK
694370,533210549031,"PJU *** *************    ",-6.97880670000000,108.52754450000000,"KAB. KUNINGAN",SINDANGAGUNG,KERTAUNGARAN
694374,533212937159,"PJU ****** ************",-7.02122300000000,108.56227200000000,"KAB. KUNINGAN",MALEBER,KUTARAJA
694379,533210711879,"PJU *****                ",-7.02110180000000,108.44520870000000,"KAB. KUNINGAN",NUSAHERANG,WINDUSARI
694380,533212546585,"PJU ** ****** ****",-7.10001470000000,108.67044960000000,"KAB. KUNINGAN",KARANGKANCANA,KARANGKANCANA
694381,533212548252,"PJU ** **********",-7.08574180000000,108.64011730000000,"KAB. KUNINGAN",CIWARU,LINGGAJAYA
694382,533212684299,"PJU ****** *** ********",-7.08966070000000,108.59770990000000,"KAB. KUNINGAN",CIWARU,LEBAKHERANG
694383,533212684311,"PJU ****** *** ********",-7.09149810000000,108.61232610000000,"KAB. KUNINGAN",CIWARU,LEBAKHERANG
694384,533212760161,"PJU *****",-6.96931700000000,108.65407820000000,"KAB. KUNINGAN",CIDAHU,CIEURIH
694385,533212760195,"PJU *****",-7.01637630000000,108.58175220000000,"KAB. KUNINGAN",LEBAKWANGI,MANCAGAR
694386,533212760187,"PJU *****",-6.98090300000000,108.64294300000000,"KAB. KUNINGAN",CIDAHU,CIDAHU
694387,533212759944,"PJU *****",-6.98535900000000,108.55667166000000,"KAB. KUNINGAN",LEBAKWANGI,PAGUNDAN
694388,533212759396,"PJU *****",-6.96033050000000,108.44928790000000,"KAB. KUNINGAN",CIGUGUR,CISANTANA
694389,533212759305,"PJU *****",-7.05837500000000,108.45903830000000,"KAB. KUNINGAN",HANTARA,HANTARA
694390,533212759433,"PJU *****",-7.06097330000000,108.42939490000000,"KAB. KUNINGAN",HANTARA,BUNIGEULIS
694391,533212546630,"PJU **** **********",-7.11866880000000,108.62993910000000,"KAB. KUNINGAN",CIWARU,CITUNDUN
694392,533212546606,"PJU ** *****",-7.08335700000000,108.72000300000000,"KAB. KUNINGAN",KARANGKANCANA,KARANGKANCANA
694393,533212551860,"PJU ***** ********",-6.99079187200000,108.46056210000000,"KAB. KUNINGAN",CIGUGUR,CIGADUNG
694394,533212757790,"PJU ****** *** ********",-6.98004700000000,108.67888800000000,"KAB. KUNINGAN",CIMAHI,KANANGA
694395,533212759321,"PJU *****",-6.99504000000000,108.51730000000000,"KAB. KUNINGAN",GARAWANGI,LENGKONG
694397,533212760138,"PJU *****",-6.97793200000000,108.63212200000000,"KAB. KUNINGAN",CIDAHU,NANGGELA
694398,533212757803,"PJU ****** *** ********",-7.00603290000000,108.68105970000000,"KAB. KUNINGAN",CIMAHI,KANANGA
694399,533212759520,"PJU *****",-7.05294120000000,108.51453820000000,"KAB. KUNINGAN",CINIRU,CIPEDES
694400,533212728164,"PJU **** ************ **",-6.97524980000000,108.52857240000000,"KAB. KUNINGAN",SINDANGAGUNG,SINDANGAGUNG
694401,533212728227,"PJU ** ************ **",-6.97944760000000,108.54266490000000,"KAB. KUNINGAN",SINDANGAGUNG,SINDANGAGUNG
694402,533212728156,"PJU **** ************ *",-6.97524980000000,108.52857240000000,"KAB. KUNINGAN",SINDANGAGUNG,SINDANGAGUNG
694403,533212734077,"PJU **** ****** **",-7.00421680000000,108.39722230000000,"KAB. KUNINGAN",DARMA,CIKUPA
694404,533212925579,"PJU *** **** *******",-6.93305000000000,108.58138110000000,"KAB. KUNINGAN",CIAWIGEBANG,MEKARJAYA
694405,533212924689,"PJU *** **** ** *******",-7.05732700000000,108.68206200000000,"KAB. KUNINGAN",KARANGKANCANA,SUKASARI
694406,533212923367,"PJU *** **** *** ******",-7.01100000000000,108.46600000000000,"KAB. KUNINGAN",KADUGEDE,NANGKA
694407,533212923740,"PJU *** **** *******",-6.93403300000000,108.53974400000000,"KAB. KUNINGAN",CIPICUNG,PAMULIHAN
694408,533212937088,"PJU ****** *********** *",-6.98244540000000,108.38954980000000,"KAB. KUNINGAN",DARMA,GUNUNGSIRAH
694409,533212948254,"PJU *** **** *** *******",-7.04943150000000,108.60834790000000,"KAB. KUNINGAN",MALEBER,GARAHAJI
694410,533212934016,"PJU *** *** * ****** ****",-7.00221240000000,108.40309640000000,"KAB. KUNINGAN",DARMA,DARMA
694411,533212940454,"PJU ****** ** **********",-6.96486830000000,108.54234170000000,"KAB. KUNINGAN",CIPICUNG,MUNCANGELA
694412,533212926011,"PJU *** **** *** *******",-6.98006140000000,108.59235850000000,"KAB. KUNINGAN",CIPICUNG,SALAREUMA
694413,533212926060,"PJU *** **** ********",-6.98006090000000,108.59236130000000,"KAB. KUNINGAN",CIAWIGEBANG,KAPANDAYAN
694414,533212926349,"PJU *** **** *** ********",-6.98006140000000,108.59235850000000,"KAB. KUNINGAN",CIAWIGEBANG,KAPANDAYAN
694415,533212937126,"PJU ****** *********** *",-6.98054080000000,108.38993660000000,"KAB. KUNINGAN",DARMA,GUNUNGSIRAH
694416,533210120151,"PJU                      ",-6.99329060000000,108.66822260000000,"KAB. KUNINGAN",CIDAHU,DATAR
694418,533210705145,"PJU *****                ",-6.99882220000000,108.52945480000000,"KAB. KUNINGAN",GARAWANGI,PURWASARI
694421,533212777516,"PJU ****** *** ********",-7.01941000000000,108.46918800000000,"KAB. KUNINGAN",CINIRU,LONGKEWANG
694422,533212777508,"PJU ****** *** ********",-7.02324770000000,108.47583700000000,"KAB. KUNINGAN",CINIRU,LONGKEWANG
694423,533212777494,"PJU ****** *** ********",-7.01990700000000,108.47292700000000,"KAB. KUNINGAN",CINIRU,LONGKEWANG
694424,533212778271,"PJU ***** **** ****",-6.97306180000000,108.49639220000000,"KAB. KUNINGAN",KUNINGAN,CIJOHO
694425,533212777819,"PJU **** *********",-7.07356903000000,108.72902460000000,"KAB. KUNINGAN",CIBEUREUM,SUMURWIRU
694426,533212487171,"PJU ******* ** ***** ** *",-7.05395560000000,108.75891000000000,"KAB. KUNINGAN",CIBINGBIN,CIBINGBIN
694427,533212540997,"PJU ********* *********",-6.99272700000000,108.50997900000000,"KAB. KUNINGAN",KUNINGAN,KARANGTAWANG
694428,533212542473,"PJU **** ********** *****",-6.99654000000000,108.57268200000000,"KAB. KUNINGAN",LEBAKWANGI,PASAYANGAN
694429,533212541099,"PJU ** ********",-6.99152990000000,108.51475810000000,"KAB. KUNINGAN",GARAWANGI,LENGKONG
694430,533210509711,"PJU ***** ********       ",-7.04028280000000,108.49928160000000,"KAB. KUNINGAN",CINIRU,CINIRU
694431,533210509729,"PJU ***** ********       ",-7.01592110000000,108.62968820000000,"KAB. KUNINGAN",LURAGUNG,SINDANGSUKA
694433,533210509745,"PJU ***** ********       ",-7.07518350000000,108.62813420000000,"KAB. KUNINGAN",CIWARU,CIWARU
694438,533210509703,"PJU ***** ********       ",-7.01462400000000,108.61956550000000,"KAB. KUNINGAN",LURAGUNG,CIRAHAYU
694439,533212777843,"PJU **** *********",-7.07386910000000,108.72993160000000,"KAB. KUNINGAN",CIBEUREUM,SUMURWIRU
694440,533212777827,"PJU **** *********",-7.07293170000000,108.72906370000000,"KAB. KUNINGAN",CIBEUREUM,SUMURWIRU
694441,533212777835,"PJU **** *********",-7.07418210000000,108.72952880000000,"KAB. KUNINGAN",CIBEUREUM,SUMURWIRU
694442,533212487043,"PJU *** ***** *********",-7.09785450000000,108.65719330000000,"KAB. KUNINGAN",KARANGKANCANA,KADUAGUNG
694443,533212488506,"PJU *********",-7.02110180000000,108.44520870000000,"KAB. KUNINGAN",NUSAHERANG,WINDUSARI
694444,533212488484,"PJU ************",-7.02359500000000,108.53121166700000,"KAB. KUNINGAN",GARAWANGI,KUTAKEMBARAN
694445,533212488522,"PJU ********* *",-7.02110180000000,108.44520870000000,"KAB. KUNINGAN",NUSAHERANG,WINDUSARI
694446,533212487163,"PJU *** ********* *******",-7.05123990000000,108.75979240000000,"KAB. KUNINGAN",CIBINGBIN,CIBINGBIN
694447,533212488398,"PJU ******",-6.97055370000000,108.43475900000000,"KAB. KUNINGAN",CIGUGUR,CILEULEUY
694448,533212656931,"PJU ****** *** ********",-6.96681670000000,108.56409980000000,"KAB. KUNINGAN",CIAWIGEBANG,CIAWIGEBANG
694449,533212488419,"PJU ***** ***********",-6.97139950000000,108.50771900000000,"KAB. KUNINGAN",KUNINGAN,CIPORANG
694450,533212488435,"PJU ********",-6.99222250000000,108.50927210000000,"KAB. KUNINGAN",KUNINGAN,CIPORANG
694451,533212488443,"PJU ******",-7.06905500000000,108.51352166000000,"KAB. KUNINGAN",CINIRU,PINARA
694452,533212542274,"PJU **** *******",-6.96207880000000,108.65120800000000,"KAB. KUNINGAN",CIDAHU,CIBULAN
694453,533212488492,"PJU ****** ******",-6.95059700000000,108.46953370000000,"KAB. KUNINGAN",CIGUGUR,GUNUNGKELING
694454,533212487068,"PJU **** ********",-6.96179480000000,108.68411700000000,"KAB. KUNINGAN",CIMAHI,CIKEUSAL
694455,533212486990,"PJU ********** ** *******",-7.08274910000000,108.75397070000000,"KAB. KUNINGAN",CIBINGBIN,CIPONDOK
694457,533212242725,"PJU ***** *******",-7.00506310000000,108.33857000000000,"KAB. MAJALENGKA",CIKIJING,SINDANG
694463,533212253336,"PJU ***** ********* *",-6.99352150000000,108.50728800000000,"KAB. KUNINGAN",PANCALANG,TARIKOLOT
694464,533213007513,"PJU ******** ********",-6.96951740000000,108.50597450000000,"KAB. KUNINGAN",KUNINGAN,CIPORANG
694465,533212937220,"PJU ****** ******* *",-6.92780000000000,108.68170000000000,"KAB. KUNINGAN",CIDAHU,CIEURIH
694466,533212918622,"PJU *** **** ***** ******",-7.00976521844640,108.41739258573000,"KAB. KUNINGAN",DARMA,JAGARA
694467,533212937054,"PJU ****** ************ *",-7.05089800000000,108.55895200000000,"KAB. KUNINGAN",MALEBER,PADAMULYA
694468,533212940439,"PJU ****** ** ********",-6.97330000000000,108.59260000000000,"KAB. KUNINGAN",CIAWIGEBANG,KADURAMA
694469,533212940384,"PJU ****** ************ *",-6.95921650000000,108.55726150000000,"KAB. KUNINGAN",CIPICUNG,SUSUKAN
694470,533212923574,"PJU *** **** *** *******",-7.00412140000000,108.40243760000000,"KAB. KUNINGAN",DARMA,DARMA
694471,533212925898,"PJU *** **** *** *******",-6.95327010000000,108.54872820000000,"KAB. KUNINGAN",CIPICUNG,SUKAMUKTI
694472,533212926364,"PJU *** **** *** ********",-6.99630480000000,108.60670420000000,"KAB. KUNINGAN",CIAWIGEBANG,KARAMATMULYA
694473,533212937070,"PJU ****** ********** *",-6.97935670000000,108.39143500000000,"KAB. KUNINGAN",DARMA,GUNUNGSIRAH
694474,533213034720,"PJU ****** **** ******",-6.97170000000000,108.43330000000000,"KAB. KUNINGAN",CIGUGUR,PUNCAK
694475,533212995988,"PJU ****** *** ****** *",-6.99489200000000,108.69431200000000,"KAB. KUNINGAN",CIMAHI,CIMAHI
694476,533212937204,"PJU ****** ********** *",-6.97833870000000,108.39069230000000,"KAB. KUNINGAN",DARMA,GUNUNGSIRAH
694477,533212942156,"PJU ******* ***** *** *",-6.98085230000000,108.47868590000000,"KAB. KUNINGAN",KUNINGAN,KUNINGAN
694478,533212938957,"PJU ****** ** ********",-6.96217400000000,108.56950200000000,"KAB. KUNINGAN",CIAWIGEBANG,CIAWILOR
694479,533212926228,"PJU *** **** *** *******",-6.96630600000000,108.56704600000000,"KAB. KUNINGAN",CIAWIGEBANG,CIAWILOR
694480,533212937191,"PJU ****** ************ *",-7.05085700000000,108.56074200000000,"KAB. KUNINGAN",MALEBER,PADAMULYA
694481,533212925872,"PJU *** **** *** *******",-6.96634200000000,108.54989000000000,"KAB. KUNINGAN",CIPICUNG,MUNCANGELA
694482,533212926108,"PJU *** **** *******",-6.99360000000000,108.60420000000000,"KAB. KUNINGAN",CIAWIGEBANG,CIGARUKGAK
694483,533212925267,"PJU *** **** *******",-6.96267700000000,108.55453500000000,"KAB. KUNINGAN",CIPICUNG,KAROYA
694484,533711255324,"PJU *** *** * *****",-6.87763000000000,108.49639170000000,"KAB. KUNINGAN",CIGANDAMEKAR,TIMBANG
694485,533212942816,"PJU ****** ******** *",-6.98135170000000,108.47778000000000,"KAB. KUNINGAN",KUNINGAN,KUNINGAN
694486,533211847156,"PJU *****                ",-7.01673730000000,108.63239460000000,"KAB. KUNINGAN",LURAGUNG,LURAGUNGLANDEUH
694487,533211847164,"PJU *****                ",-7.01673730000000,108.63239460000000,"KAB. KUNINGAN",LURAGUNG,LURAGUNGLANDEUH
694490,533210677742,"PJU *****                ",-7.01597680000000,108.36514780000000,"KAB. MAJALENGKA",CIKIJING,SUKAMUKTI
694491,533211849383,"PJU *****                ",-7.02104950000000,108.58091000000000,"KAB. KUNINGAN",LEBAKWANGI,LANGSEB
694492,533212759275,"PJU *****",-6.97499660000000,108.46663180000000,"KAB. KUNINGAN",CIGUGUR,CIGUGUR
694493,533212760009,"PJU *****",-7.03390000000000,108.54770000000000,"KAB. KUNINGAN",MALEBER,CIKAHURIPAN
694494,533212759928,"PJU *****",-6.99700000000000,108.56260000000000,"KAB. KUNINGAN",LEBAKWANGI,MANGGARI
694495,533212760146,"PJU *****",-7.01090000000000,108.56740000000000,"KAB. KUNINGAN",MALEBER,CIPORANG
694496,533212760074,"PJU *****",-7.03004480000000,108.54494000000000,"KAB. KUNINGAN",MALEBER,PARAKAN
694497,533212759977,"PJU *****",-7.05090000000000,108.56180000000000,"KAB. KUNINGAN",MALEBER,PADAMULYA
694500,533210677767,"PJU *****                ",-7.01562250000000,108.37400630000000,"KAB. MAJALENGKA",CIKIJING,CIDULANG
694501,533210677775,"PJU *****                ",-7.01837560000000,108.37220600000000,"KAB. MAJALENGKA",CIKIJING,CIKIJING
694502,533210677783,"PJU *****                ",-7.00326666666660,108.34686666667000,"KAB. MAJALENGKA",CIKIJING,BANJARANSARI
694504,533210677804,"PJU *****                ",-7.01055000000000,108.35508330000000,"KAB. MAJALENGKA",CIKIJING,KASTURI
694514,533210680806,"PJU *****                ",-6.99958333300000,108.34740000000000,"KAB. MAJALENGKA",CIKIJING,SUKASARI
694515,533210680814,"PJU *****                ",-7.01123333300000,108.35876670000000,"KAB. MAJALENGKA",CIKIJING,KASTURI
694517,533210680830,"PJU *****                ",-7.01113100000000,108.35379270000000,"KAB. MAJALENGKA",CIKIJING,KASTURI
694518,533210680848,"PJU *****                ",-7.01145000000000,108.35370000000000,"KAB. MAJALENGKA",CIKIJING,KASTURI
694520,533210785950,"PJU *****                ",-7.00239780000000,108.40405260000000,"KAB. KUNINGAN",DARMA,DARMA
694521,533210785935,"PJU *****                ",-7.00515980000000,108.39923110000000,"KAB. KUNINGAN",DARMA,DARMA
694523,533212710203,"PJU ****** *** ********",-7.03678410000000,108.63938960000000,"KAB. KUNINGAN",CIWARU,BAOK
694524,533212702408,"PJU ****** *** ********",-6.98627702200000,108.62096659200000,"KAB. KUNINGAN",LURAGUNG,PANYOSOGAN
694527,533210677527,"PJU                      ",-7.01913333300000,108.36123330000000,"KAB. MAJALENGKA",CIKIJING,SUKAMUKTI
694530,533210677550,"PJU                      ",-7.00816610000000,108.34842440000000,"KAB. MAJALENGKA",CIKIJING,BANJARANSARI
694531,533210677568,"PJU                      ",-7.00641666666660,108.37290000000000,"KAB. MAJALENGKA",CIKIJING,JAGASARI
694532,533210677576,"PJU                      ",-7.01331250000000,108.37215800000000,"KAB. MAJALENGKA",CIKIJING,CIDULANG
694533,533210677584,"PJU                      ",-7.02018460000000,108.37684290000000,"KAB. MAJALENGKA",CIKIJING,CIDULANG
694535,533210678026,"PJU *****                ",-6.96473050000000,108.46936770000000,"KAB. KUNINGAN",CIGUGUR,CIPARI
694537,533210678387,"PJU *****                ",-6.98114511111000,108.52269311111000,"KAB. KUNINGAN",SINDANGAGUNG,KADUAGUNG
694538,533210678395,"PJU *****                ",-6.97733810000000,108.52451780000000,"KAB. KUNINGAN",SINDANGAGUNG,KADUAGUNG
694540,533210680680,"PJU *****                ",-7.01810770000000,108.37386150000000,"KAB. MAJALENGKA",CIKIJING,CIDULANG
694541,533210680698,"PJU *****                ",-7.01331250000000,108.37215800000000,"KAB. MAJALENGKA",CIKIJING,CIDULANG
694548,533212710158,"PJU ****** *** ********",-7.04906470000000,108.66388730000000,"KAB. KUNINGAN",CIWARU,BAOK
694549,533212700382,"PJU ****** *** ********",-7.01111730000000,108.39478060000000,"KAB. KUNINGAN",CINIRU,RAMBATAN
694550,533212700685,"PJU ****** *** ********",-6.96965730000000,108.61106820000000,"KAB. KUNINGAN",CINIRU,RAMBATAN
694551,533212702217,"PJU ****** *** ********",-6.99826923000000,108.65973407000000,"KAB. KUNINGAN",LURAGUNG,BENDA
694552,533212635022,"PJU ****** *** ********",-6.98147680000000,108.38958840000000,"KAB. KUNINGAN",DARMA,GUNUNGSIRAH
694553,533212635048,"PJU ****** *** ********",-6.98147680000000,108.38958840000000,"KAB. KUNINGAN",DARMA,GUNUNGSIRAH
694554,533212226958,"PJU ***** *** ********* *",-7.00945230000000,108.64052410000000,"KAB. KUNINGAN",LURAGUNG,LURAGUNGLANDEUH
694555,533212227043,"PJU ***** *** ********* *",-7.00945230000000,108.64052410000000,"KAB. KUNINGAN",LURAGUNG,LURAGUNGLANDEUH
694556,533212702274,"PJU ****** *** ********",-6.99646780000000,108.65957430000000,"KAB. KUNINGAN",LURAGUNG,BENDA
694557,533212700602,"PJU ****** *** ********",-6.95718370000000,108.48888530000000,"KAB. KUNINGAN",CINIRU,RAMBATAN
694558,533212176287,"PJU *************",-6.97470690000000,108.48763880000000,"KAB. KUNINGAN",KUNINGAN,PURWAWINANGUN
694559,533212701111,"PJU ****** *** ********",-6.97390900000000,108.61134390000000,"KAB. KUNINGAN",KALIMANGGIS,CIPANCUR
694560,533212635014,"PJU ****** *** ********",-6.98147680000000,108.38958840000000,"KAB. KUNINGAN",DARMA,GUNUNGSIRAH
694561,533212635097,"PJU ****** *** ********",-6.98202700000000,108.39031630000000,"KAB. KUNINGAN",DARMA,GUNUNGSIRAH
694562,533212635176,"PJU ****** *** ********",-6.98213350000000,108.38921750000000,"KAB. KUNINGAN",DARMA,GUNUNGSIRAH
694563,533212635030,"PJU ****** *** ********",-6.98207400000000,108.39070100000000,"KAB. KUNINGAN",DARMA,GUNUNGSIRAH
694564,533212635150,"PJU ****** *** ********",-6.98213350000000,108.38921750000000,"KAB. KUNINGAN",DARMA,GUNUNGSIRAH
694565,533212635262,"PJU ****** *** ********",-7.00371410000000,108.39886780000000,"KAB. KUNINGAN",DARMA,PARUNG
694566,533212635383,"PJU ****** *** ********",-7.00390570000000,108.39848940000000,"KAB. KUNINGAN",DARMA,PARUNG
694567,533212635168,"PJU ****** *** ********",-6.98147680000000,108.38958840000000,"KAB. KUNINGAN",DARMA,GUNUNGSIRAH
694568,533212909389,"PJU ****** *** **********",-7.01888000000000,108.64532700000000,"KAB. KUNINGAN",LURAGUNG,LURAGUNGLANDEUH
694569,533212909434,"PJU ****** *** **********",-7.01254200000000,108.61960800000000,"KAB. KUNINGAN",LURAGUNG,CIRAHAYU
694570,533212909418,"PJU ****** *** **********",-7.01905000000000,108.64504300000000,"KAB. KUNINGAN",LURAGUNG,LURAGUNGLANDEUH
694571,533212905236,"PJU ****** ******** *",-6.98194660000000,108.65405600000000,"KAB. KUNINGAN",CIDAHU,CIDAHU
694572,533212916883,"PJU *** **** *** *******",-7.05605000000000,108.46370300000000,"KAB. KUNINGAN",HANTARA,PAKAPASANGIRANG
694573,533212915467,"PJU *** **** *** *******",-7.29948400000000,108.52243700000000,"KAB. KUNINGAN",GARAWANGI,GEWOK
694574,533212916203,"PJU *** **** *** *******",-6.96866530000000,108.63461890000000,"KAB. KUNINGAN",KALIMANGGIS,CIPANCUR
694575,533212912516,"PJU *** **** ** *******",-7.00456570000000,108.44644040000000,"KAB. KUNINGAN",KADUGEDE,KADUGEDE
694576,533212905675,"PJU ****** *** **********",-6.98583500000000,108.56927000000000,"KAB. KUNINGAN",CIAWIGEBANG,SIDARAJA
694577,533212909400,"PJU ****** *** **********",-7.02180300000000,108.66675800000000,"KAB. KUNINGAN",LURAGUNG,CIKADUWETAN
694578,533212909397,"PJU ****** *** **********",-7.02220700000000,108.66653300000000,"KAB. KUNINGAN",LURAGUNG,CIKADUWETAN
694579,533212909363,"PJU ****** *** **********",-7.09102200000000,108.66898700000000,"KAB. KUNINGAN",LURAGUNG,CIKADUWETAN
694580,533212916117,"PJU *** **** *** *******",-6.96169409000000,108.61969930000000,"KAB. KUNINGAN",KALIMANGGIS,PARTAWANGUNAN
694581,533212915198,"PJU *** **** ******",-6.99975774000000,108.53968043000000,"KAB. KUNINGAN",GARAWANGI,CITIUSARI
694582,533212915314,"PJU *** **** *** ******",-6.97631920000000,108.45634740000000,"KAB. KUNINGAN",CIGUGUR,SUKAMULYA
694583,533212915069,"PJU *** **** *******",-7.06071580000000,108.45140000000000,"KAB. KUNINGAN",HANTARA,CIKONDANG
694584,533212919504,"PJU *** **** ********",-6.95847830000000,108.50987670000000,"KAB. KUNINGAN",KUNINGAN,PADAREK
694585,533212919880,"PJU *** **** *** *******",-7.08198500000000,108.74792000000000,"KAB. KUNINGAN",CIBINGBIN,CIANGIR
694586,533212920821,"PJU *** **** *** *******",-6.97468500000000,108.50688300000000,"KAB. KUNINGAN",KUNINGAN,CIJOHO
694587,533212924415,"PJU *** **** *** *******",-6.97331200000000,108.63338900000000,"KAB. KUNINGAN",CIDAHU,NANGGELA
694588,533212916211,"PJU *** **** *******",-6.96515000000000,108.63454000000000,"KAB. KUNINGAN",KALIMANGGIS,CIPANCUR
694589,533212916523,"PJU *** **** *** *******",-7.02879500000000,108.52175800000000,"KAB. KUNINGAN",GARAWANGI,GEWOK
694590,533212923629,"PJU *** **** *******",-7.00684200000000,108.39691190000000,"KAB. KUNINGAN",DARMA,KAWAHMANUK
694591,533212921010,"PJU *** **** ** *******",-6.95390000000000,108.47030000000000,"KAB. KUNINGAN",KUNINGAN,CIRENDANG
694592,533212925466,"PJU *** **** ** ******",-6.99974000000000,108.63922700000000,"KAB. KUNINGAN",LURAGUNG,GUNUNGKARUNG
694593,533212924614,"PJU *** **** *** *******",-7.08868500000000,108.64569000000000,"KAB. KUNINGAN",KARANGKANCANA,SEGONG
694594,533212916125,"PJU *** **** *******",-6.93087700000000,108.63786300000000,"KAB. KUNINGAN",KALIMANGGIS,WANASARAYA
694595,533212918345,"PJU *** **** *** *******",-7.02171800000000,108.58132000000000,"KAB. KUNINGAN",LEBAKWANGI,LANGSEB
694596,533212916988,"PJU *** **** *** *******",-7.05888616000000,108.46055724000000,"KAB. KUNINGAN",HANTARA,HANTARA
694597,533212923949,"PJU *** **** *******",-7.03606800000000,108.65193300000000,"KAB. KUNINGAN",CIWARU,ANDAMUI
694598,533212918630,"PJU *** **** ***** ******",-7.00832300000000,108.42790300000000,"KAB. KUNINGAN",NUSAHERANG,KERTAWIRAMA
694599,533212925699,"PJU *** **** *** ********",-6.97820000000000,108.56710000000000,"KAB. KUNINGAN",CIAWIGEBANG,SIDARAJA
694600,533212727217,"PJU ** **************",-6.98139910000000,108.63931740000000,"KAB. KUNINGAN",CIDAHU,CIHIDEUNGHILIR
694601,533212727338,"PJU ** **************",-6.97956820000000,108.62582110000000,"KAB. KUNINGAN",CIDAHU,CIHIDEUNGHILIR
694602,533212731540,"PJU ****** *** ********",-7.00734900000000,108.45635140000000,"KAB. KUNINGAN",KADUGEDE,KADUGEDE
694603,533212729996,"PJU ****** *** ********",-6.99430520000000,108.64335570000000,"KAB. KUNINGAN",LURAGUNG,GUNUNGKARUNG
694604,533212729970,"PJU ****** *** ********",-6.99708800000000,108.63765200000000,"KAB. KUNINGAN",LURAGUNG,GUNUNGKARUNG
694605,533212731532,"PJU ****** *** ********",-6.98609260000000,108.43279850000000,"KAB. KUNINGAN",KADUGEDE,CIHERANG
694606,533212730069,"PJU ****** *** ********",-6.99019880000000,108.64187110000000,"KAB. KUNINGAN",LURAGUNG,GUNUNGKARUNG
694607,533212730036,"PJU ****** *** ********",-6.99765500000000,108.63964970000000,"KAB. KUNINGAN",LURAGUNG,GUNUNGKARUNG
694608,533212805914,"PJU ** ************* *",-6.97546801000000,108.49177369000000,"KAB. KUNINGAN",KUNINGAN,PURWAWINANGUN
694609,533212569166,"PJU ******",-6.93935170000000,108.60592160000000,"KAB. KUNINGAN",CIAWIGEBANG,CIGARUKGAK
694610,533212569046,"PJU ******",-6.94131700000000,108.60189400000000,"KAB. KUNINGAN",CIAWIGEBANG,CIGARUKGAK
694611,533212721773,"PJU ****** *** ********",-7.07949010000000,108.72427220000000,"KAB. KUNINGAN",CIBEUREUM,SUKARAPIH
694612,533212887400,"PJU **** ******** *",-7.04860000000000,108.64180000000000,"KAB. KUNINGAN",CIWARU,GARAJATI
694613,533212914976,"PJU *** **** *******",-7.02288412000000,108.51035690000000,"KAB. KUNINGAN",GARAWANGI,CIRUKEM
694614,533212915156,"PJU *** **** *******",-7.02096384000000,108.50638870000000,"KAB. KUNINGAN",GARAWANGI,KADATUAN
694615,533212915115,"PJU *** **** *******",-7.02228000000000,108.52678800000000,"KAB. KUNINGAN",GARAWANGI,PAKEMBANGAN
694616,533212915250,"PJU *** **** ** ******",-7.02263824000000,108.51398673000000,"KAB. KUNINGAN",GARAWANGI,CIRUKEM
694617,533212914992,"PJU *** **** *******",-7.03023300000000,108.52576800000000,"KAB. KUNINGAN",GARAWANGI,GEWOK
694618,533212915028,"PJU *** **** ******",-6.99700036000000,108.54910082000000,"KAB. KUNINGAN",GARAWANGI,SUKAMULYA
694619,533212906801,"PJU ****** *** ******** *",-6.58225260000000,108.37811247000000,"KAB. KUNINGAN",CIDAHU,NANGGELA
694620,533212906819,"PJU ****** *** **********",-6.97440200000000,108.63974400000000,"KAB. KUNINGAN",CIDAHU,NANGGELA
694621,533212907696,"PJU ******** ** **",-7.03576000000000,108.28318000000000,"KAB. KUNINGAN",HANTARA,CITAPEN
694622,533212907700,"PJU ******** ** **",-7.03576000000000,108.28316000000000,"KAB. KUNINGAN",HANTARA,CITAPEN
694623,533212909442,"PJU ****** *** **********",-7.01219500000000,108.61982700000000,"KAB. KUNINGAN",LURAGUNG,CIRAHAYU
694624,533212909459,"PJU ****** *** **********",-7.02148000000000,108.66708000000000,"KAB. KUNINGAN",LURAGUNG,CIKADUWETAN
694625,533212912382,"PJU  *** **** ** ******",-6.97126670000000,108.46305170000000,"KAB. KUNINGAN",KUNINGAN,KUNINGAN
694626,533212924146,"PJU *** **** *** *******",-7.05601500000000,108.64140800000000,"KAB. KUNINGAN",CIWARU,KARANGBARU
694627,533212925035,"PJU *** **** ********",-6.98638800000000,108.46601900000000,"KAB. KUNINGAN",CIGUGUR,CIGADUNG
694628,533212916962,"PJU *** **** *** *******",-7.06273511000000,108.43543224000000,"KAB. KUNINGAN",HANTARA,BUNIGEULIS
694629,533212919936,"PJU *** **** *** *******",-7.04681800000000,108.75159700000000,"KAB. KUNINGAN",CIBINGBIN,DUKUHBADAG
694630,533212920896,"PJU *** **** ** *******",-7.07966300000000,108.72034200000000,"KAB. KUNINGAN",CIBEUREUM,TARIKOLOT
694631,533212915513,"PJU *** **** *** ******",-6.99783300000000,108.54061800000000,"KAB. KUNINGAN",GARAWANGI,GARAWANGI
694632,533212915539,"PJU *** **** *** *******",-6.99706800000000,108.54945800000000,"KAB. KUNINGAN",GARAWANGI,SUKAMULYA
694633,533212925114,"PJU *** **** *** *******",-6.97959700000000,108.45605300000000,"KAB. KUNINGAN",CIGUGUR,SUKAMULYA
694634,533212925347,"PJU *** **** *** ******",-7.03661670000000,108.62768830000000,"KAB. KUNINGAN",LURAGUNG,WILANAGARA
694635,533212920991,"PJU *** **** ** *******",-6.95500000000000,108.47420000000000,"KAB. KUNINGAN",KUNINGAN,CIRENDANG
694636,533212924104,"PJU *** **** *** *******",-7.06668800000000,108.62948700000000,"KAB. KUNINGAN",CIWARU,CIWARU
694637,533212919106,"PJU *** **** *******",-7.05801300000000,108.75867000000000,"KAB. KUNINGAN",CIBINGBIN,CIBINGBIN
694638,533212919275,"PJU *** **** *** *******",-6.97019170000000,108.52940500000000,"KAB. KUNINGAN",SINDANGAGUNG,KERTAWANGUNAN
694639,533212912610,"PJU *** **** ** *******",-6.98297450000000,108.47170220000000,"KAB. KUNINGAN",KUNINGAN,KUNINGAN
694640,533212919902,"PJU *** **** *** *******",-7.04583500000000,108.75593000000000,"KAB. KUNINGAN",CIBINGBIN,CITENJO
694641,533212918942,"PJU *** **** *** *******",-7.02327977000000,108.48969663000000,"KAB. KUNINGAN",CINIRU,MUNGKALDATAR
694642,533212920918,"PJU *** **** ** *******",-6.95705780000000,108.48886060000000,"KAB. KUNINGAN",KUNINGAN,CIRENDANG
694643,533212924120,"PJU *** **** *** *******",-7.05192200000000,108.63618300000000,"KAB. KUNINGAN",CIWARU,GARAJATI
694644,533212925561,"PJU *** **** *******",-6.96392900000000,108.58839400000000,"KAB. KUNINGAN",CIAWIGEBANG,PAMIJAHAN
694645,533212919951,"PJU *** **** *** *******",-7.07471000000000,108.75801000000000,"KAB. KUNINGAN",CIBINGBIN,CIPONDOK
694646,533212924593,"PJU *** **** *******",-7.04192700000000,108.67988000000000,"KAB. KUNINGAN",KARANGKANCANA,CIHANJARO
694647,533212924502,"PJU *** **** *******",-6.95750000000000,108.69420000000000,"KAB. KUNINGAN",CIDAHU,JATIMULYA
694648,533212923652,"PJU *** **** *** *******",-7.00108640000000,108.39659860000000,"KAB. KUNINGAN",DARMA,PARUNG
694649,533212924394,"PJU *** **** *** *******",-6.98005900000000,108.59235690000000,"KAB. KUNINGAN",CIDAHU,CIHIDEUNGGIRANG
694650,533212925711,"PJU *** **** *** ********",-6.98610000000000,108.58570000000000,"KAB. KUNINGAN",CIAWIGEBANG,LEBAKSIUH
694651,533212915570,"PJU *** **** *** *******",-7.00310800000000,108.51379800000000,"KAB. KUNINGAN",GARAWANGI,TEMBONG
694652,533212916572,"PJU *** **** *** *******",-7.02223300000000,108.50776700000000,"KAB. KUNINGAN",GARAWANGI,CIRUKEM
694653,533212919321,"PJU *** **** *** *******",-6.97647120000000,108.47901180000000,"KAB. KUNINGAN",KUNINGAN,PURWAWINANGUN
694654,533212918273,"PJU *** **** *** *******",-7.02283700000000,108.60520300000000,"KAB. KUNINGAN",LEBAKWANGI,LEBAKWANGI
694655,533212918352,"PJU *** **** *** *******",-6.99832920000000,108.56546010000000,"KAB. KUNINGAN",LEBAKWANGI,MANGGARI
694656,533212922549,"PJU *** **** *** *******",-6.98808700000000,108.42885300000000,"KAB. KUNINGAN",NUSAHERANG,JAMBAR
694657,533212925624,"PJU *** **** ** *******",-6.95420000000000,108.57740000000000,"KAB. KUNINGAN",CIAWIGEBANG,CIHAUR
694658,533212925778,"PJU *** **** *** *******",-6.97160000000000,108.58540000000000,"KAB. KUNINGAN",CIAWIGEBANG,CIAWIGEBANG
694659,533212919538,"PJU *** **** *** *******",-6.98668814400000,108.46397810000000,"KAB. KUNINGAN",CIGUGUR,CIGADUNG
694660,533212730002,"PJU ****** *** ********",-6.99598370000000,108.64150000000000,"KAB. KUNINGAN",LURAGUNG,GUNUNGKARUNG
694661,533212730010,"PJU ****** *** ********",-6.99552730000000,108.63914190000000,"KAB. KUNINGAN",LURAGUNG,GUNUNGKARUNG
694662,533212730028,"PJU ****** *** ********",-6.99549970000000,108.64263990000000,"KAB. KUNINGAN",LURAGUNG,GUNUNGKARUNG
694663,533212729988,"PJU ****** *** ********",-6.99019880000000,108.64187110000000,"KAB. KUNINGAN",LURAGUNG,GUNUNGKARUNG
694664,533212822757,"PJU **** * ******** *",-6.98308110000000,108.48528610000000,"KAB. KUNINGAN",CIAWIGEBANG,CIAWILOR
694665,533212395185,"PER** ***** *** *******",-6.97259480000000,108.46460830000000,"KAB. KUNINGAN",CIGUGUR,CIGUGUR
694666,533212710087,"PJU ****** *** ********",-7.01950090000000,108.62362980000000,"KAB. KUNINGAN",CIWARU,BAOK
694667,533212702424,"PJU ****** *** ********",-6.98494390000000,108.61823790000000,"KAB. KUNINGAN",LURAGUNG,PANYOSOGAN
694668,533212635101,"PJU ****** *** ********",-6.98202700000000,108.39031630000000,"KAB. KUNINGAN",DARMA,GUNUNGSIRAH
694669,533212635055,"PJU ****** *** ********",-6.98202700000000,108.39031630000000,"KAB. KUNINGAN",DARMA,GUNUNGSIRAH
694670,533212635127,"PJU ****** *** ********",-6.98202700000000,108.39031630000000,"KAB. KUNINGAN",DARMA,GUNUNGSIRAH
694671,533212635071,"PJU ****** *** ********",-6.98213350000000,108.38921750000000,"KAB. KUNINGAN",DARMA,GUNUNGSIRAH
694672,533212635063,"PJU ****** *** ********",-6.98209700000000,108.39034330000000,"KAB. KUNINGAN",DARMA,GUNUNGSIRAH
694673,533212635119,"PJU ****** *** ********",-6.98202700000000,108.39031630000000,"KAB. KUNINGAN",DARMA,GUNUNGSIRAH
694674,533212635089,"PJU ****** *** ********",-6.98202700000000,108.39031630000000,"KAB. KUNINGAN",DARMA,GUNUNGSIRAH
694675,533212635143,"PJU ****** *** ********",-6.98202700000000,108.39031630000000,"KAB. KUNINGAN",DARMA,GUNUNGSIRAH
694676,533212700610,"PJU ****** *** ********",-6.98290200000000,108.57046430000000,"KAB. KUNINGAN",CINIRU,RAMBATAN
694677,533212253422,"PJU ***** ********* *",-6.99261100000000,108.50346430000000,"KAB. KUNINGAN",PANCALANG,TARIKOLOT
694678,533212253430,"PJU ***** ********* *",-6.99950930000000,108.50326060000000,"KAB. KUNINGAN",KUNINGAN,CITANGTU
694679,533212253448,"PJU ***** ********* *",-6.99352150000000,108.50728800000000,"KAB. KUNINGAN",PANCALANG,TARIKOLOT
694680,533212635239,"PJU ****** *** ********",-7.00371410000000,108.39886780000000,"KAB. KUNINGAN",DARMA,PARUNG
694681,533212635270,"PJU ****** *** ********",-7.00378320000000,108.39881590000000,"KAB. KUNINGAN",DARMA,PARUNG
694682,533212635221,"PJU ****** *** ********",-7.00378320000000,108.39881590000000,"KAB. KUNINGAN",DARMA,PARUNG
694683,533212635296,"PJU ****** *** ********",-7.00276050000000,108.39717230000000,"KAB. KUNINGAN",DARMA,PARUNG
694684,533212635135,"PJU ****** *** ********",-6.98202700000000,108.39031630000000,"KAB. KUNINGAN",DARMA,GUNUNGSIRAH
694685,533212635391,"PJU ****** *** ********",-7.00401670000000,108.39764620000000,"KAB. KUNINGAN",DARMA,PARUNG
694686,533212635367,"PJU ****** *** ********",-7.00401670000000,108.39764620000000,"KAB. KUNINGAN",DARMA,PARUNG
694687,533212240881,"PJU ***** *** *****",-6.94338740000000,108.44051990000000,"KAB. KUNINGAN",CIGUGUR,CISANTANA
694688,533210684154,"PJU *****                ",-6.99715380000000,108.54100660000000,"KAB. KUNINGAN",GARAWANGI,GARAWANGI
694689,533210684162,"PJU *****                ",-6.98069910000000,108.54631720000000,"KAB. KUNINGAN",SINDANGAGUNG,BALONG
694690,533210685539,"PJU                      ",-6.97333690000000,108.47934660000000,"KAB. KUNINGAN",KUNINGAN,PURWAWINANGUN
694691,533210685547,"PJU                      ",-6.96861870000000,108.48835610000000,"KAB. KUNINGAN",KUNINGAN,CIJOHO
694694,533212416850,"PJU ********* *",7.00000000000000,108.00000000000000,,,
694696,533212915475,"PJU *** **** *** *******",-6.99446500000000,108.53529000000000,"KAB. KUNINGAN",GARAWANGI,PURWASARI
694697,533212915505,"PJU *** **** *** *******",-7.02348200000000,108.52184200000000,"KAB. KUNINGAN",GARAWANGI,CIRUKEM
694698,533212906772,"PJU ****** *** ******** *",-6.97471300000000,108.62587500000000,"KAB. KUNINGAN",CIDAHU,NANGGELA
694699,533212905563,"PJU ****** *** **********",-6.93097330000000,108.58122590000000,"KAB. KUNINGAN",CIAWIGEBANG,SUKARAJA
694700,533212905571,"PJU ****** *** **********",-6.96681670000000,108.56409980000000,"KAB. KUNINGAN",CIAWIGEBANG,PANGKALAN
694701,533212905600,"PJU ****** *** **********",-6.96713300000000,108.56448100000000,"KAB. KUNINGAN",CIAWIGEBANG,PANGKALAN
694702,533212909426,"PJU ****** *** **********",-7.02182700000000,108.66609000000000,"KAB. KUNINGAN",LURAGUNG,CIKADUWETAN
694703,533212639204,"PJU ****** *** ********",-7.04420720000000,108.62785240000000,"KAB. KUNINGAN",LURAGUNG,DUKUHPICUNG
694704,533212293875,"PJU ******** ******* *",-7.00139800000000,108.45230740000000,"KAB. KUNINGAN",KADUGEDE,BABATAN
694705,533212602720,"PJU ****** *** ********",-6.96999910000000,108.50414490000000,"KAB. KUNINGAN",KUNINGAN,CIJOHO
694706,533212226887,"PJU ***** *** ********* *",-7.00945230000000,108.64052410000000,"KAB. KUNINGAN",LURAGUNG,LURAGUNGLANDEUH
694707,533212918090,"PJU ***** *** ********",-7.03735500000000,108.70540300000000,"KAB. KUNINGAN",CIMAHI,MARGAMUKTI
694708,533212920926,"PJU *** **** *** *******",-6.99155170000000,108.50290190000000,"KAB. KUNINGAN",KUNINGAN,KARANGTAWANG
694709,533212920041,"PJU *** **** *** ********",-6.98539300000000,108.54451600000000,"KAB. KUNINGAN",SINDANGAGUNG,BALONG
694710,533212923270,"PJU *** **** ******",-7.00514230000000,108.45330000000000,"KAB. KUNINGAN",KADUGEDE,KADUGEDE
694711,533212926029,"PJU *** **** *** *******",-6.96392900000000,108.58839400000000,"KAB. KUNINGAN",CIAWIGEBANG,PAMIJAHAN
694712,533212924066,"PJU *** **** *** *******",-7.09565700000000,108.61454700000000,"KAB. KUNINGAN",CIWARU,CITIKUR
694713,533212921201,"PJU *** **** *******",-7.05021500000000,108.72407000000000,"KAB. KUNINGAN",CIBEUREUM,CIBEUREUM
694714,533212921235,"PJU *** **** *******",-7.05396700000000,108.70885600000000,"KAB. KUNINGAN",CIBEUREUM,RANDUSARI
694715,533212922125,"PJU *** **** *** *******",-7.00678500000000,108.69043700000000,"KAB. KUNINGAN",CIMAHI,MARGAMUKTI
694716,533212924821,"PJU *** **** ** *******",-6.95205500000000,108.44941160000000,"KAB. KUNINGAN",CIGUGUR,CISANTANA
694717,533212923487,"PJU *** **** *** ******",-7.00612540000000,108.45600600000000,"KAB. KUNINGAN",KADUGEDE,CIKETAK
694718,533212920870,"PJU *** **** *** *******",-7.07607800000000,108.72842200000000,"KAB. KUNINGAN",CIBEUREUM,SUMURWIRU
694719,533212920066,"PJU *** **** ********",-6.95326500000000,108.53333500000000,"KAB. KUNINGAN",SINDANGAGUNG,TARAJU
694720,533212923980,"PJU *** **** *** *******",-7.05705300000000,108.63623500000000,"KAB. KUNINGAN",CIWARU,KARANGBARU
694721,533212924743,"PJU *** **** ** *******",-7.09600600000000,108.66012100000000,"KAB. KUNINGAN",KARANGKANCANA,KARANGKANCANA
694722,533212923828,"PJU *** **** *** *******",-6.96986200000000,108.42374500000000,"KAB. KUNINGAN",DARMA,SAGARAHIANG
694723,533212923533,"PJU *** **** *** *******",-7.02955830000000,108.41475330000000,"KAB. KUNINGAN",DARMA,JAGARA
694724,533212915131,"PJU *** **** ******",-6.99863544000000,108.55326254000000,"KAB. KUNINGAN",GARAWANGI,MEKARMULYA
694725,533212918240,"PJU *** **** *** *******",-6.99909600000000,108.58067000000000,"KAB. KUNINGAN",LEBAKWANGI,SINDANG
694726,533212915284,"PJU *** **** *** ******",-6.97962220000000,108.45968990000000,"KAB. KUNINGAN",CIGUGUR,SUKAMULYA
694727,533212915010,"PJU *** **** *******",-7.06572057000000,108.47503166000000,"KAB. KUNINGAN",HANTARA,CITAPEN
694728,533212916755,"PJU *** **** *******",-7.02483700000000,108.58719700000000,"KAB. KUNINGAN",LEBAKWANGI,CINAGARA
694729,533212916875,"PJU *** **** *** *******",-7.05904200000000,108.44964200000000,"KAB. KUNINGAN",HANTARA,CIKONDANG
694730,533212919898,"PJU *** **** *** *******",-7.06353200000000,108.75713800000000,"KAB. KUNINGAN",CIBINGBIN,SUKAHARJA
694731,533212919657,"PJU *** **** *** *******",-6.95303790000000,108.49560140000000,"KAB. KUNINGAN",KUNINGAN,KASTURI
694732,533212923438,"PJU *** **** *** ******",-7.04091917200000,108.44563290000000,"KAB. KUNINGAN",KADUGEDE,MARGABAKTI
694733,533212924671,"PJU *** **** *** ********",-6.98255000000000,108.51343500000000,"KAB. KUNINGAN",SINDANGAGUNG,SINDANGSARI
694734,533212925616,"PJU *** **** ** *******",-6.93305000000000,108.58138110000000,"KAB. KUNINGAN",CIAWIGEBANG,MEKARJAYA
694735,533212922402,"PJU *** **** ** ******",-7.00787406000000,108.44158580000000,"KAB. KUNINGAN",NUSAHERANG,NUSAHERANG
694736,533212925786,"PJU *** **** *** *******",-6.98005910000000,108.59235680000000,"KAB. KUNINGAN",CIPICUNG,MEKARSARI
694737,533212961791,"PJU ****** ********* *",-6.98024300000000,108.63160200000000,"KAB. KUNINGAN",CIDAHU,CIHIDEUNGHILIR
694738,533212964693,"PJU ****** *********** *",-6.97799000000000,108.61106820000000,"KAB. KUNINGAN",KALIMANGGIS,KALIMANGGISWETAN
694739,533211826520,"PJU *****                ",-7.02166870000000,108.56208580000000,"KAB. KUNINGAN",MALEBER,KUTARAJA
694741,533212510463,"PJU **** ********** *",-6.98424870000000,108.61792110000000,"KAB. KUNINGAN",LURAGUNG,PANYOSOGAN
694742,533212510430,"PJU **** ********** *",-6.98419000000000,108.61414670000000,"KAB. KUNINGAN",LURAGUNG,PANYOSOGAN
694743,533212407224,"PJU ***** *********",-7.00521666700000,108.35538330000000,"KAB. MAJALENGKA",CIKIJING,BAGJASARI
694744,533212251730,"PJU ***** ** ******",-6.98069910000000,108.54631720000000,"KAB. KUNINGAN",SINDANGAGUNG,BALONG
694745,533212465925,"PJU **** *********",-6.92938270000000,108.55453370000000,"KAB. KUNINGAN",CIPICUNG,SALAREUMA
694746,533212710061,"PJU ****** ********",-7.07128050000000,108.67627430000000,"KAB. KUNINGAN",KARANGKANCANA,TANJUNGKERTA
694747,533212695863,"PJU ****** *** ********",-6.98498830000000,108.47953580000000,"KAB. KUNINGAN",KUNINGAN,KUNINGAN
694748,533212710174,"PJU ****** *** ********",-7.03679870000000,108.63927320000000,"KAB. KUNINGAN",CIWARU,BAOK
694749,533212705405,"PJU **** ******",-6.96173220000000,108.55324630000000,"KAB. KUNINGAN",CIPICUNG,KAROYA
694750,533212728306,"PJU ***** *** ********",-6.97480870000000,108.58805640000000,"KAB. KUNINGAN",CIAWIGEBANG,CIAWIGEBANG
694751,533212728418,"PJU ****** *** ********",-7.04127550000000,108.39209340000000,"KAB. KUNINGAN",DARMA,SUKARASA
694752,533212618801,"PJU ****** *** ********",-6.98034830000000,108.45090270000000,"KAB. KUNINGAN",CIGUGUR,CIGUGUR
694753,533212618843,"PJU ****** *** ********",-6.98034830000000,108.45090270000000,"KAB. KUNINGAN",CIGUGUR,CIGUGUR
694754,533212618819,"PJU ****** *** ********",-6.97988370000000,108.45104490000000,"KAB. KUNINGAN",CIGUGUR,CIGUGUR
694755,533212723855,"PJU ***** ******** ****",-6.95591220000000,108.49202530000000,"KAB. KUNINGAN",KUNINGAN,PURWAWINANGUN
694756,533212592989,"PJU **** ********* *",-6.99035840000000,108.62385220000000,"KAB. KUNINGAN",LURAGUNG,CIKANDANG
694757,533212905132,"PJU ****** ******** *",-6.97135000000000,108.60219200000000,"KAB. KUNINGAN",KALIMANGGIS,KALIMANGGISKULON
694758,533212912723,"PJU *** **** ** ******",-6.96385750000000,108.50513360000000,"KAB. KUNINGAN",KUNINGAN,KEDUNGARUM
694759,533212912557,"PJU *** **** ** *******",-6.95800000000000,108.57850000000000,"KAB. KUNINGAN",CIAWIGEBANG,CIAWILOR
694760,533212912478,"PJU *** **** ** ******",-6.98421670000000,108.47592000000000,"KAB. KUNINGAN",KUNINGAN,KUNINGAN
694761,533212912693,"PJU *** **** ** *******",-7.02429810000000,108.45357450000000,"KAB. KUNINGAN",KADUGEDE,SINDANGJAWA
694762,533212912669,"PJU *** **** *******",-6.97313330000000,108.51595010000000,"KAB. KUNINGAN",KUNINGAN,ANCARAN
694763,533212912524,"PJU *** **** ** *******",-6.98281330000000,108.47923830000000,"KAB. KUNINGAN",KUNINGAN,KUNINGAN
694764,533212912581,"PJU *** **** ** *******",-6.99675405000000,108.52578902000000,"KAB. KUNINGAN",GARAWANGI,LENGKONG
694765,533212912540,"PJU *** **** ** *******",-6.96292150000000,108.51378620000000,"KAB. KUNINGAN",KUNINGAN,PADAREK
694766,533212912636,"PJU *** **** ** *******",-6.98064700000000,108.64384500000000,"KAB. KUNINGAN",CIDAHU,CIDAHU
694767,533212916905,"PJU *** **** *******",-7.00093610000000,108.58176750000000,"KAB. KUNINGAN",LEBAKWANGI,SINDANG
694768,533212919474,"PJU *** **** *** *******",-6.98254880000000,108.50560640000000,"KAB. KUNINGAN",KUNINGAN,WINDUSENGKAHAN
694769,533212924926,"PJU *** **** ** *******",-6.94868900000000,108.47140490000000,"KAB. KUNINGAN",CIGUGUR,GUNUNGKELING
694770,533212924727,"PJU *** **** *** *******",-7.05180200000000,108.68641700000000,"KAB. KUNINGAN",KARANGKANCANA,CIHANJARO
694771,533212916061,"PJU *** **** *** *******",-6.96251090000000,108.62925200000000,"KAB. KUNINGAN",KALIMANGGIS,PARTAWANGUNAN
694772,533212924360,"PJU *** **** *******",-6.97158300000000,108.65451800000000,"KAB. KUNINGAN",CIDAHU,CIEURIH
694773,533212925482,"PJU *** **** *** ******",-7.02393000000000,108.63583000000000,"KAB. KUNINGAN",LURAGUNG,LURAGUNGTONGGOH
694774,533212923582,"PJU *** **** *** *******",-6.99569480000000,108.39515150000000,"KAB. KUNINGAN",DARMA,GUNUNGSIRAH
694775,533212919482,"PJU *** **** *** *******",-6.97417961000000,108.47666570000000,"KAB. KUNINGAN",KUNINGAN,PURWAWINANGUN
694776,533212920551,"PJU *** **** *** *******",-7.05056200000000,108.60577200000000,"KAB. KUNINGAN",MALEBER,GALAHERANG
694777,533212919632,"PJU *** **** *** *******",-6.94894390000000,108.49105150000000,"KAB. KUNINGAN",KUNINGAN,KASTURI
694778,533212922324,"PJU *** **** ** *******",-7.01393200000000,108.68767800000000,"KAB. KUNINGAN",CIMAHI,MARGAMUKTI
694779,533212922012,"PJU *** **** *** *******",-7.00409200000000,108.56014700000000,"KAB. KUNINGAN",MALEBER,MANDALAJAYA
694780,533212921149,"PJU *** **** ******",-7.04309000000000,108.62899000000000,"KAB. KUNINGAN",LURAGUNG,DUKUHPICUNG
694781,533212919068,"PJU *** **** *******",-7.02571900000000,108.75711800000000,"KAB. KUNINGAN",CIBINGBIN,DUKUHBADAG
694782,533212924983,"PJU *** **** ** *******",-6.97818500000000,108.47096000000000,"KAB. KUNINGAN",CIGUGUR,CIGUGUR
694783,533212921227,"PJU *** **** *******",-7.03030300000000,108.62237780000000,"KAB. KUNINGAN",LURAGUNG,SINDANGSARI
694784,533212918104,"PJU ****** *** ********",-6.98299000000000,108.68032700000000,"KAB. KUNINGAN",CIMAHI,KANANGA
694785,533212921306,"PJU *** **** *** *******",-6.98228750000000,108.50494820000000,"KAB. KUNINGAN",KUNINGAN,WINDUSENGKAHAN
694786,533212922451,"PJU *** **** *** *******",-7.01172010000000,108.42761790000000,"KAB. KUNINGAN",NUSAHERANG,KERTAWIRAMA
694787,533212918839,"PJU *** **** ********",-7.07662100000000,108.48677249000000,"KAB. KUNINGAN",CINIRU,MUNGKALDATAR
694789,533212924299,"PJU *** **** *******",-6.97950000000000,108.63050000000000,"KAB. KUNINGAN",CIDAHU,CIHIDEUNGHILIR
694790,533212918082,"PJU ***** *** ********",-7.03583300000000,108.70845700000000,"KAB. KUNINGAN",CIMAHI,MARGAMUKTI
694791,533212925831,"PJU *** **** *** *******",-6.94835900000000,108.57772100000000,"KAB. KUNINGAN",CIAWIGEBANG,MEKARJAYA
694792,533212922095,"PJU *** **** ***  *******",-6.94741900000000,108.70527000000000,"KAB. KUNINGAN",CIMAHI,MEKARJAYA
694793,533212921036,"PJU *** **** ******",-7.00809200000000,108.64612300000000,"KAB. KUNINGAN",LURAGUNG,DUKUHMAJA
694794,533212921085,"PJU *** **** ******",-7.02732000000000,108.63505300000000,"KAB. KUNINGAN",LURAGUNG,CIGEDANG
694795,533212921994,"PJU *** **** *** *******",-7.02323300000000,108.56150700000000,"KAB. KUNINGAN",MALEBER,KUTAMANDARAKAN
694796,533212923660,"PJU *** **** *******",-7.00584140000000,108.40422620000000,"KAB. KUNINGAN",DARMA,DARMA
694797,533212919163,"PJU *** **** *** *******",-6.98023170000000,108.51386000000000,"KAB. KUNINGAN",SINDANGAGUNG,SINDANGSARI
694798,533212924195,"PJU *** **** *******",-7.07719300000000,108.62725000000000,"KAB. KUNINGAN",CIWARU,CIWARU
694799,533212916174,"PJU *** **** ** *******",-6.99297120000000,108.63730800000000,"KAB. KUNINGAN",KALIMANGGIS,WANASARAYA
694800,533212918303,"PJU *** **** *******",-7.02364700000000,108.59064200000000,"KAB. KUNINGAN",LEBAKWANGI,CINEUMBEUY
694801,533212919076,"PJU *** **** *******",-7.00396700000000,108.70563900000000,"KAB. KUNINGAN",CIBINGBIN,BANTARPANJANG
694802,533212918224,"PJU *** **** *******",-7.01690000000000,108.60111700000000,"KAB. KUNINGAN",LEBAKWANGI,LEBAKWANGI
694803,533212918967,"PJU *** **** *** *******",-7.05174200000000,108.51668800000000,"KAB. KUNINGAN",CINIRU,CIPEDES
694804,533212918208,"PJU *** **** *******",-7.01957000000000,108.58057500000000,"KAB. KUNINGAN",LEBAKWANGI,LANGSEB
694805,533212918161,"PJU *** **** *** *******",-7.01749480000000,108.58626650000000,"KAB. KUNINGAN",LEBAKWANGI,MANCAGAR
694806,533212924839,"PJU *** **** ** *******",-6.94458830000000,108.44611500000000,"KAB. KUNINGAN",CIGUGUR,CISANTANA
694807,533212924378,"PJU *** **** *** *******",-6.98100000000000,108.65060000000000,"KAB. KUNINGAN",CIDAHU,CIDAHU
694808,533212915002,"PJU *** **** ******",-7.00114347000000,108.51880715000000,"KAB. KUNINGAN",GARAWANGI,PURWASARI
694809,533212921268,"PJU *** **** ** *******",-6.96989400000000,108.50053000000000,"KAB. KUNINGAN",KUNINGAN,CIPORANG
694810,533212921243,"PJU *** **** *******",-7.01114500000000,108.63038700000000,"KAB. KUNINGAN",LURAGUNG,SINDANGSUKA
694811,533212918750,"PJU *** **** *******",-7.01070200000000,108.56797200000000,"KAB. KUNINGAN",MALEBER,CIPORANG
694812,533212922020,"PJU *** **** *** *******",-7.03209000000000,108.55436200000000,"KAB. KUNINGAN",MALEBER,PARAKAN
694813,533212918813,"PJU *** **** *** *******",-7.03746800000000,108.49442800000000,"KAB. KUNINGAN",CINIRU,RAMBATAN
694814,533212918697,"PJU *** **** *******",-7.08702500000000,108.58021200000000,"KAB. KUNINGAN",MALEBER,GIRIWARINGIN
694815,533212925122,"PJU *** **** *** ******",-6.99527200000000,108.65849000000000,"KAB. KUNINGAN",LURAGUNG,BENDA
694816,533212921314,"PJU *** **** ******",-7.02020800000000,108.66776200000000,"KAB. KUNINGAN",LURAGUNG,CIKADUWETAN
694817,533212920606,"PJU *** **** *******",-7.00670300000000,108.56449700000000,"KAB. KUNINGAN",MALEBER,MANDALAJAYA
694818,533212806151,"PJU ** **********",-6.96561660000000,108.56839380000000,"KAB. KUNINGAN",CIAWIGEBANG,PANGKALAN
694819,533212819228,"PJU **********",-6.96046500000000,108.50064700000000,"KAB. KUNINGAN",KUNINGAN,KEDUNGARUM
694820,533212732015,"PJU ****** *** ********",-6.97480870000000,108.58805640000000,"KAB. KUNINGAN",CIAWIGEBANG,CIAWIGEBANG
694821,533212569020,"PJU **** ******",-7.00359010000000,108.39885940000000,"KAB. KUNINGAN",DARMA,PARUNG
694822,533212566248,"PJU ***** ******",-7.04343800000000,108.62995400000000,"KAB. KUNINGAN",LURAGUNG,DUKUHPICUNG
694823,533212401287,"JAL** **********",-7.01481550000000,108.60643640000000,"KAB. KUNINGAN",LEBAKWANGI,MEKARWANGI
694824,533212619023,"PJU ****** *** ********",-6.91968570000000,108.59511110000000,"KAB. KUNINGAN",CIAWIGEBANG,PADARAMA
694825,533212619049,"PJU ****** *** ********",-6.93529230000000,108.58138110000000,"KAB. KUNINGAN",CIAWIGEBANG,PADARAMA
694826,533212618914,"PJU ****** *** ********",-6.92904170000000,108.58546300000000,"KAB. KUNINGAN",CIAWIGEBANG,PADARAMA
694827,533212619031,"PJU ****** *** ********",-6.91968570000000,108.59511110000000,"KAB. KUNINGAN",CIAWIGEBANG,PADARAMA
694828,533212619007,"PJU ****** *** ********",-6.91968570000000,108.59511110000000,"KAB. KUNINGAN",CIAWIGEBANG,PADARAMA
694829,533212618948,"PJU ****** *** ********",-6.91522970000000,108.59358550000000,"KAB. KUNINGAN",CIAWIGEBANG,PADARAMA
694830,533212618971,"PJU ****** *** ********",-6.91477775000000,108.59271750000000,"KAB. KUNINGAN",CIAWIGEBANG,PADARAMA
694831,533212905530,"PJU ****** *** **********",-6.96643900000000,108.56472290000000,"KAB. KUNINGAN",CIAWIGEBANG,PANGKALAN
694832,533212905173,"PJU ****** ******** *",-6.97165800000000,108.60318200000000,"KAB. KUNINGAN",KALIMANGGIS,KALIMANGGISKULON
694833,533212912573,"PJU *** **** ** *******",-7.01256500000000,108.62073300000000,"KAB. KUNINGAN",LURAGUNG,CIRAHAYU
694834,533212912628,"PJU *** **** ** *******",-6.99768220000000,108.45714710000000,"KAB. KUNINGAN",KADUGEDE,CIPONDOK
694835,533212912715,"PJU *** **** ******",-6.96902800000000,108.51498000000000,"KAB. KUNINGAN",KUNINGAN,ANCARAN
694836,533212912429,"PJU *** **** ** *******",-6.99025280000000,108.46205200000000,"KAB. KUNINGAN",KADUGEDE,WINDUJANTEN
694837,533212912749,"PJU *** **** ** ******",-6.96173900000000,108.50415140000000,"KAB. KUNINGAN",KUNINGAN,KEDUNGARUM
694838,533212912486,"PJU *** **** ** *******",-6.99647990000000,108.46137650000000,"KAB. KUNINGAN",KADUGEDE,WINDUJANTEN
694839,533212912677,"PJU *** **** ** ******",-6.96643090000000,108.50334910000000,"KAB. KUNINGAN",KUNINGAN,KEDUNGARUM
694840,533212912445,"PJU *** **** ** *******",-6.98009408000000,108.47963484000000,"KAB. KUNINGAN",KUNINGAN,KUNINGAN
694841,533212921123,"PJU *** **** ** *******",-6.99216700000000,108.50658720000000,"KAB. KUNINGAN",KUNINGAN,KARANGTAWANG
694842,533212920025,"PJU *** **** *** ********",-6.96022700000000,108.53344500000000,"KAB. KUNINGAN",SINDANGAGUNG,DUKUHLOR
694843,533212919084,"PJU *** **** *******",-7.05500800000000,108.75045000000000,"KAB. KUNINGAN",CIBINGBIN,SUKAMAJU
694844,533212924265,"PJU *** **** *******",-6.98460000000000,108.67650000000000,"KAB. KUNINGAN",CIDAHU,BUNDER
694845,533212919520,"PJU *** **** *** *******",-6.97587780000000,108.47795550000000,"KAB. KUNINGAN",KUNINGAN,PURWAWINANGUN
694846,533212922357,"PJU *** **** *** *******",-7.02473220000000,108.39514530000000,"KAB. KUNINGAN",NUSAHERANG,JAMBAR
694847,533212918216,"PJU *** **** ** *******",-7.01793020000000,108.58725820000000,"KAB. KUNINGAN",LEBAKWANGI,MANCAGAR
694848,533212918311,"PJU *** **** ** *******",-7.01093500000000,108.59917200000000,"KAB. KUNINGAN",LEBAKWANGI,MEKARWANGI
694849,533212919944,"PJU *** **** *** *******",-7.04987700000000,108.75884700000000,"KAB. KUNINGAN",CIBINGBIN,CIBINGBIN
694850,533212924854,"PJU *** **** ********",-6.97038500000000,108.47381800000000,"KAB. KUNINGAN",CIGUGUR,WINDUHERANG
694851,533212918033,"PJU ***** *** ********",-6.98866700000000,108.69716000000000,"KAB. KUNINGAN",CIMAHI,CIMAHI
694852,533212924240,"PJU *** **** *** *******",-7.03899500000000,108.64886000000000,"KAB. KUNINGAN",CIWARU,ANDAMUI
694853,533212925050,"PJU *** **** ** *******",-6.96951200000000,108.47248700000000,"KAB. KUNINGAN",CIGUGUR,WINDUHERANG
694854,533212915322,"PJU *** **** *** ******",-7.03572000000000,108.50176700000000,"KAB. KUNINGAN",CINIRU,CINIRU
694855,533212920585,"PJU *** **** *** *******",-7.02412800000000,108.56223700000000,"KAB. KUNINGAN",MALEBER,KUTAMANDARAKAN
694856,533212916182,"PJU *** **** *** *******",-6.96222784000000,108.62026912000000,"KAB. KUNINGAN",KALIMANGGIS,PARTAWANGUNAN
694857,533212918187,"PJU *** **** ** *******",-7.01364200000000,108.58235800000000,"KAB. KUNINGAN",LEBAKWANGI,LANGSEB
694858,533212918195,"PJU *** **** *******",-7.01681490000000,108.58551010000000,"KAB. KUNINGAN",LEBAKWANGI,MANCAGAR
694859,533212922493,"PJU *** **** *** *******",-7.00603830000000,108.42841000000000,"KAB. KUNINGAN",NUSAHERANG,KERTAWIRAMA
694860,533212923288,"PJU *** **** ******",-7.00840540000000,108.45812540000000,"KAB. KUNINGAN",KADUGEDE,CIKETAK
694861,533212927383,"PJU *** **** ** ******",-6.99395700000000,108.41369900000000,"KAB. KUNINGAN",DARMA,BAKOM
694862,533212925856,"PJU *** **** *** *******",-6.98005900000000,108.59235690000000,"KAB. KUNINGAN",CIPICUNG,SUGANANGAN
694863,533212926285,"PJU *** **** ** *******",-6.98005900000000,108.59235690000000,"KAB. KUNINGAN",CIAWIGEBANG,CIAWILOR
694864,533212919234,"PJU *** **** ********",-6.98219300000000,108.54646800000000,"KAB. KUNINGAN",SINDANGAGUNG,SINDANGAGUNG
694865,533212915036,"PJU *** **** *******",-7.06001861000000,108.43406480000000,"KAB. KUNINGAN",HANTARA,BUNIGEULIS
694866,533212919993,"PJU *** **** ** *******",-7.07861500000000,108.74801000000000,"KAB. KUNINGAN",CIBINGBIN,SINDANGJAWA
694867,533212919553,"PJU *** **** *** *******",-6.97358130000000,108.47571680000000,"KAB. KUNINGAN",KUNINGAN,PURWAWINANGUN
694868,533212922531,"PJU *** **** *******",-7.01860700000000,108.43091500000000,"KAB. KUNINGAN",NUSAHERANG,HAURKUNING
694869,533212923765,"PJU *** **** *******",-7.01931760000000,108.39444150000000,"KAB. KUNINGAN",DARMA,CIPASUNG
694870,533212922580,"PJU *** **** *******",-7.00787406000000,108.44158580000000,"KAB. KUNINGAN",NUSAHERANG,NUSAHERANG
694871,533212923296,"PJU *** **** *******",-6.99402000000000,108.45932500000000,"KAB. KUNINGAN",KADUGEDE,WINDUJANTEN
694872,533212918585,"PJU *** **** ***** ******",-6.97405970000000,108.46652590000000,"KAB. KUNINGAN",KUNINGAN,KUNINGAN
694873,533212918593,"PJU *** **** ***** ******",-6.94522420000000,108.43780480000000,"KAB. KUNINGAN",CIGUGUR,CISANTANA
694874,533212916515,"PJU *** **** *** *******",-7.03568800000000,108.50178700000000,"KAB. KUNINGAN",GARAWANGI,CIRUKEM
694875,533212919035,"PJU *** **** *******",-7.03441800000000,108.74655500000000,"KAB. KUNINGAN",CIBINGBIN,CISAAT
694876,533212916133,"PJU *** **** *** *******",-6.93494000000000,108.62257700000000,"KAB. KUNINGAN",KALIMANGGIS,KERTAWANA
694877,533212924510,"PJU *** **** *******",-6.99270000000000,108.66870000000000,"KAB. KUNINGAN",CIDAHU,DATAR
694878,533212919608,"PJU *** **** *** *******",-6.97647120000000,108.47901180000000,"KAB. KUNINGAN",KUNINGAN,PURWAWINANGUN
694879,533212918934,"PJU *** **** ********",-7.03016000000000,108.48699000000000,"KAB. KUNINGAN",CINIRU,RAMBATAN
694880,533212921107,"PJU *** **** *******",-7.08559700000000,108.71414300000000,"KAB. KUNINGAN",CIBEUREUM,CIMARA
694881,533212919305,"PJU *** **** *** *******",-6.97913000000000,108.53068330000000,"KAB. KUNINGAN",SINDANGAGUNG,KERTAUNGARAN
694882,533212920536,"PJU *** **** *** *******",-7.02394100000000,108.56195700000000,"KAB. KUNINGAN",MALEBER,KUTAMANDARAKAN
694883,533212924544,"PJU *** **** *******",-7.06232500000000,108.67974300000000,"KAB. KUNINGAN",KARANGKANCANA,SUKASARI
694884,533212918776,"PJU *** **** ** *******",-7.02336381000000,108.49005656000000,"KAB. KUNINGAN",CINIRU,MUNGKALDATAR
694885,533212925106,"PJU *** **** ********",-6.97158160000000,108.43425160000000,"KAB. KUNINGAN",CIGUGUR,PUNCAK
694886,533212920768,"PJU *** **** *******",-7.07249500000000,108.72956000000000,"KAB. KUNINGAN",CIBEUREUM,SUMURWIRU
694887,533212923184,"PJU *** **** ******",-6.97512300000000,108.43015160000000,"KAB. KUNINGAN",KADUGEDE,CISUKADANA
694888,533212923964,"PJU *** **** *******",-7.09377200000000,108.61275800000000,"KAB. KUNINGAN",CIWARU,CITIKUR
694889,533212920735,"PJU *** **** *******",-6.98443300000000,108.61518800000000,"KAB. KUNINGAN",LURAGUNG,PANYOSOGAN
694890,533212924701,"PJU *** **** *** *******",-7.11884100000000,108.67716900000000,"KAB. KUNINGAN",KARANGKANCANA,JABRANTI
694891,533212924224,"PJU *** **** *** *******",-7.09106500000000,108.61219000000000,"KAB. KUNINGAN",CIWARU,CILAYUNG
694892,533212925043,"PJU *** **** *** *******",-6.96430300000000,108.46903000000000,"KAB. KUNINGAN",CIGUGUR,CIPARI
694893,533212925823,"PJU *** **** ********",-6.98860000000000,108.58970000000000,"KAB. KUNINGAN",CIAWIGEBANG,LEBAKSIUH
694894,533212924232,"PJU *** **** *******",-7.11495000000000,108.63857000000000,"KAB. KUNINGAN",CIWARU,SAGARANTEN
694895,533212923205,"PJU *** **** *******",-7.02788000000000,108.45424000000000,"KAB. KUNINGAN",KADUGEDE,SINDANGJAWA
694896,533212923247,"PJU *** **** ** ******",-6.99794300000000,108.44715800000000,"KAB. KUNINGAN",KADUGEDE,BAYUNING
694897,533212924697,"PJU *** **** ** ******",-7.05137300000000,108.68649500000000,"KAB. KUNINGAN",KARANGKANCANA,CIHANJARO
694898,533212925084,"PJU *** **** *** *******",-6.98697000000000,108.45086200000000,"KAB. KUNINGAN",KADUGEDE,BAYUNING
694899,533212921284,"PJU *** **** *******",-7.03756200000000,108.72087700000000,"KAB. KUNINGAN",CIBEUREUM,SUKADANA
694900,533212923479,"PJU *** **** *** ******",-7.03440800000000,108.44923700000000,"KAB. KUNINGAN",KADUGEDE,SINDANGJAWA
694901,533212926003,"PJU *** **** *** *******",-6.93105500000000,108.53939700000000,"KAB. KUNINGAN",CIPICUNG,PAMULIHAN
694902,533212923732,"PJU *** **** *******",-6.94251300000000,108.53761700000000,"KAB. KUNINGAN",CIPICUNG,MEKARSARI
694903,533212926124,"PJU *** **** *** *******",-6.97625100000000,108.59752200000000,"KAB. KUNINGAN",CIAWIGEBANG,KADURAMA
694904,533212918926,"PJU *** **** ** *******",-7.03980300000000,108.49887700000000,"KAB. KUNINGAN",CINIRU,RAMBATAN
694905,533212924536,"PJU *** **** *******",-6.96214600000000,108.65115700000000,"KAB. KUNINGAN",CIDAHU,CIBULAN
694906,533212924208,"PJU *** **** *******",-7.10371300000000,108.61442200000000,"KAB. KUNINGAN",CIWARU,SUMBERJAYA
694907,533212570881,"PJU ****** ********",-7.06294180000000,108.45246110000000,"KAB. KUNINGAN",HANTARA,CIKONDANG
694908,533212727379,"PJU ** **************",-6.98352180000000,108.62479930000000,"KAB. KUNINGAN",CIDAHU,CIHIDEUNGHILIR
694909,533212886449,"PJU **** ********",-7.03348460000000,108.58463650000000,"KAB. KUNINGAN",LEBAKWANGI,CINAGARA
694910,533211844557,"PJU *****                ",-7.05320200000000,108.44188500000000,"KAB. KUNINGAN",HANTARA,PASIRAGUNG
694916,533211844610,"PJU *****                ",-6.97568490000000,108.57683690000000,"KAB. KUNINGAN",CIAWIGEBANG,KAPANDAYAN
694918,533211844636,"PJU *****                ",-6.97851460000000,108.58181230000000,"KAB. KUNINGAN",CIAWIGEBANG,KAPANDAYAN
694919,533211844644,"PJU *****                ",-6.97977800000000,108.58057770000000,"KAB. KUNINGAN",CIAWIGEBANG,KAPANDAYAN
694920,533211844651,"PJU *****                ",-6.97851460000000,108.58181230000000,"KAB. KUNINGAN",CIAWIGEBANG,KAPANDAYAN
694922,533211774095,"PJU *****                ",-6.94486850000000,108.54190610000000,"KAB. KUNINGAN",CIPICUNG,CIPICUNG
694924,533211789627,"PJU ***** ********       ",-6.97063652400000,108.50902220000000,"KAB. KUNINGAN",KUNINGAN,ANCARAN
694925,533212596174,"PJU ***** *****",-6.99415290000000,108.53938050000000,"KAB. KUNINGAN",GARAWANGI,PURWASARI
694926,533212906843,"PJU ****** *** **********",-6.97700000000000,108.63280000000000,"KAB. KUNINGAN",CIDAHU,NANGGELA
694927,533212905548,"PJU ****** *** **********",-6.98134500000000,108.55889500000000,"KAB. KUNINGAN",CIAWIGEBANG,CIOMAS
694928,533212905506,"PJU ****** *** **********",-6.98253000000000,108.55879800000000,"KAB. KUNINGAN",LEBAKWANGI,PAGUNDAN
694929,533212905597,"PJU ****** *** **********",-6.97285800000000,108.55134300000000,"KAB. KUNINGAN",CIAWIGEBANG,CIJAGAMULYA
694930,533212905642,"PJU ****** *** **********",-6.97374500000000,108.55763320000000,"KAB. KUNINGAN",CIAWIGEBANG,CIJAGAMULYA
694931,533212912602,"PJU  *** **** ** *******",-6.98016500000000,108.48610170000000,"KAB. KUNINGAN",KUNINGAN,KUNINGAN
694932,533212906756,"PJU ****** *** ******** *",-6.97554000000000,108.62575200000000,"KAB. KUNINGAN",CIDAHU,NANGGELA
694933,533212912411,"PJU *** **** ** *******",-7.07065300000000,108.67614000000000,"KAB. KUNINGAN",KARANGKANCANA,TANJUNGKERTA
694934,533212918153,"PJU *** **** *** *******",-7.01963500000000,108.60674000000000,"KAB. KUNINGAN",LEBAKWANGI,MEKARWANGI
694935,533212919092,"PJU *** **** *******",-7.06477200000000,108.75356000000000,"KAB. KUNINGAN",CIBINGBIN,SINDANGJAWA
694936,533212918655,"PJU *** **** *******",-7.02776700000000,108.57844300000000,"KAB. KUNINGAN",MALEBER,DUKUHTENGAH
694937,533212919587,"PJU *** **** ********",-6.98507820000000,108.48771510000000,"KAB. KUNINGAN",KUNINGAN,AWIRARANGAN
694938,533212925520,"PJU *** **** *** *******",-6.97690000000000,108.58040000000000,"KAB. KUNINGAN",CIAWIGEBANG,CIPUTAT
694939,533212926372,"PJU *** **** *** *******",-6.98006200000000,108.59235800000000,"KAB. KUNINGAN",CIAWIGEBANG,PADARAMA
694940,533212923461,"PJU *** **** *** ******",-7.00420000000000,108.41440000000000,"KAB. KUNINGAN",KADUGEDE,KADUGEDE
694941,533212916237,"PJU *** **** *******",-6.96099565000000,108.61629721000000,"KAB. KUNINGAN",KALIMANGGIS,PARTAWANGUNAN
694942,533212919259,"PJU  *** **** *** *******",-6.98231670000000,108.53321330000000,"KAB. KUNINGAN",SINDANGAGUNG,SINDANGAGUNG
694943,533212921131,"PJU *** **** ******",-6.99635800000000,108.66137800000000,"KAB. KUNINGAN",LURAGUNG,BENDA
694944,533212924648,"PJU *** **** *** ********",-6.96560000000000,108.52970000000000,"KAB. KUNINGAN",SINDANGAGUNG,TIRTAWANGUNAN
694945,533212924900,"PJU *** **** ** *******",-6.96303250000000,108.46816070000000,"KAB. KUNINGAN",CIGUGUR,CIPARI
694946,533212924345,"PJU *** **** ** *******",-6.99130000000000,108.66530000000000,"KAB. KUNINGAN",CIDAHU,DATAR
694947,533212919872,"PJU *** **** *** *******",-7.03500200000000,108.74914500000000,"KAB. KUNINGAN",CIBINGBIN,CISAAT
694948,533212916095,"PJU *** **** *** *******",-6.97009771000000,108.63441470000000,"KAB. KUNINGAN",KALIMANGGIS,CIPANCUR
694949,533212918784,"PJU *** **** *** *******",-7.05209875000000,108.48692985000000,"KAB. KUNINGAN",CINIRU,CIJEMIT
694950,533212916913,"PJU *** **** *******",-7.01550930000000,108.60535520000000,"KAB. KUNINGAN",LEBAKWANGI,MEKARWANGI
694951,533212923446,"PJU *** **** *** ******",-7.03752800000000,108.44510500000000,"KAB. KUNINGAN",KADUGEDE,MARGABAKTI
694952,533212925993,"PJU *** **** *** *******",-6.96650500000000,108.54098700000000,"KAB. KUNINGAN",CIPICUNG,MUNCANGELA
694953,533212919027,"PJU *** **** *******",-7.08123200000000,108.75725200000000,"KAB. KUNINGAN",CIBINGBIN,CIPONDOK
694954,533212916771,"PJU *** **** *******",-6.99826300000000,108.58959700000000,"KAB. KUNINGAN",LEBAKWANGI,BENDUNGAN
694955,533212919283,"PJU *** **** *** *******",-6.98119000000000,108.53349670000000,"KAB. KUNINGAN",SINDANGAGUNG,KERTAUNGARAN
694956,533212919197,"PJU *** **** ********",-6.98063000000000,108.52285500000000,"KAB. KUNINGAN",SINDANGAGUNG,KADUAGUNG
694957,533212919155,"PJU *** **** *** *******",-6.97757020000000,108.52363000000000,"KAB. KUNINGAN",SINDANGAGUNG,KADUAGUNG
694958,533212920648,"PJU *** **** *******",-7.03197700000000,108.55792500000000,"KAB. KUNINGAN",MALEBER,PARAKAN
694959,533212926277,"PJU *** **** ** *******",-6.92370147000000,108.54220240000000,"KAB. KUNINGAN",CIPICUNG,PAMULIHAN
694960,533212919928,"PJU *** **** *** *******",-7.06309200000000,108.74583800000000,"KAB. KUNINGAN",CIBINGBIN,SINDANGJAWA
694961,533212918648,"PJU *** **** *******",-7.02694500000000,108.58712000000000,"KAB. KUNINGAN",MALEBER,BUNIASIH
694962,533212920544,"PJU *** **** *** *******",-7.04710500000000,108.59927000000000,"KAB. KUNINGAN",MALEBER,GALAHERANG
694963,533212920577,"PJU *** **** *** *******",-7.02565000000000,108.55908500000000,"KAB. KUNINGAN",MALEBER,KUTAMANDARAKAN
694964,533212918735,"PJU *** **** *******",-7.03376500000000,108.54878200000000,"KAB. KUNINGAN",MALEBER,CIKAHURIPAN
694965,533212688974,"PJU ****** *** ********",-6.98074550000000,108.48906710000000,"KAB. KUNINGAN",KUNINGAN,AWIRARANGAN
694966,533212688933,"PJU ****** *** ********",-6.98496920000000,108.47823770000000,"KAB. KUNINGAN",KUNINGAN,AWIRARANGAN
694967,533212688895,"PJU ****** *** ********",-6.97958250000000,108.48898440000000,"KAB. KUNINGAN",KUNINGAN,AWIRARANGAN
694968,533212688982,"PJU ****** *** ********",-6.96665640000000,108.41953210000000,"KAB. KUNINGAN",DARMA,SAGARAHIANG
694969,533212688941,"PJU ****** *** ********",-6.97897070000000,108.48914460000000,"KAB. KUNINGAN",KUNINGAN,AWIRARANGAN
694970,533212688966,"PJU ****** *** ********",-6.97735300000000,108.48865380000000,"KAB. KUNINGAN",KUNINGAN,AWIRARANGAN
694971,533212688990,"PJU ****** *** ********",-6.96931890000000,108.42074290000000,"KAB. KUNINGAN",DARMA,SAGARAHIANG
694972,533212688909,"PJU ****** *** ********",-6.98693580000000,108.48354760000000,"KAB. KUNINGAN",KUNINGAN,AWIRARANGAN
694973,533212689000,"PJU ****** *** ********",-6.96770770000000,108.41756500000000,"KAB. KUNINGAN",DARMA,SAGARAHIANG
694974,533212688958,"PJU ****** *** ********",-6.99134590000000,108.49578400000000,"KAB. KUNINGAN",KUNINGAN,AWIRARANGAN
694975,533212688917,"PJU ****** *** ********",-6.98256140000000,108.48515660000000,"KAB. KUNINGAN",KUNINGAN,AWIRARANGAN
694976,533212688925,"PJU ****** *** ********",-6.98074550000000,108.48906710000000,"KAB. KUNINGAN",KUNINGAN,AWIRARANGAN
694981,533211838341,"PJU *****                ",-7.05368170000000,108.75003950000000,"KAB. KUNINGAN",CIBINGBIN,SUKAMAJU
694982,533211838358,"PJU *****                ",-7.05372140000000,108.74703040000000,"KAB. KUNINGAN",CIBINGBIN,SUKAMAJU
694983,533211838366,"PJU *****                ",-6.93926690000000,108.69881180000000,"KAB. KUNINGAN",CIDAHU,JATIMULYA
694984,533211838374,"PJU *****                ",-6.93784020000000,108.70051510000000,"KAB. KUNINGAN",CIMAHI,MEKARJAYA
694990,533211838437,"PJU *****                ",-6.99783760000000,108.39497320000000,"KAB. KUNINGAN",DARMA,KARANGANYAR
694991,533211838445,"PJU *****                ",-6.99783760000000,108.39497320000000,"KAB. KUNINGAN",DARMA,KARANGANYAR
694992,533211838452,"PJU *****                ",-6.99646630000000,108.39498670000000,"KAB. KUNINGAN",DARMA,KARANGANYAR
694993,533211838460,"PJU *****                ",-6.98208880000000,108.39033010000000,"KAB. KUNINGAN",DARMA,KARANGANYAR
694994,533211838478,"PJU *****                ",-6.99601580000000,108.39515150000000,"KAB. KUNINGAN",DARMA,KARANGANYAR
694999,533211739273,"PJU ***** ********       ",-7.03917660000000,108.40416820000000,"KAB. KUNINGAN",DARMA,SAKERTABARAT
695000,533211739281,"PJU ***** ***            ",-6.99781230000000,108.41232450000000,"KAB. KUNINGAN",DARMA,BAKOM
695001,533211741018,"PJU ******* **** ****    ",-7.00302780000000,108.40822070000000,"KAB. KUNINGAN",DARMA,DARMA
695005,533211848485,"PJU *****                ",-6.98587940000000,108.46403280000000,"KAB. KUNINGAN",MALEBER,CIKAHURIPAN
695008,533212920862,"PJU *** **** ** *******",-7.06834500000000,108.75226700000000,"KAB. KUNINGAN",CIBEUREUM,KAWUNGSARI
695009,533212926132,"PJU *** **** ** *******",-6.98576000000000,108.60082600000000,"KAB. KUNINGAN",CIAWIGEBANG,GERESIK
695010,533212926356,"PJU *** **** *** *******",-6.98589300000000,108.60088900000000,"KAB. KUNINGAN",CIAWIGEBANG,GERESIK
695011,533212926199,"PJU *** **** *******",-6.99630480000000,108.60670420000000,"KAB. KUNINGAN",CIAWIGEBANG,KARAMATMULYA
695012,533212923525,"PJU *** **** *** *******",-7.01915490000000,108.39909290000000,"KAB. KUNINGAN",DARMA,CIPASUNG
695013,533212922485,"PJU *** **** *******",-6.99225930000000,108.42553310000000,"KAB. KUNINGAN",NUSAHERANG,JAMBAR
695014,533212918614,"PJU *** **** ***** ******",-6.96917030000000,108.45739370000000,"KAB. KUNINGAN",CIGUGUR,CIGUGUR
695015,533212919218,"PJU *** **** ********",-6.97760800000000,108.52703800000000,"KAB. KUNINGAN",SINDANGAGUNG,KERTAUNGARAN
695016,533212924090,"PJU *** **** *******",-7.08583000000000,108.64074800000000,"KAB. KUNINGAN",CIWARU,LINGGAJAYA
695017,533212918179,"PJU *** **** *** *******",-7.01867000000000,108.57815000000000,"KAB. KUNINGAN",LEBAKWANGI,LANGSEB
695018,533212923176,"PJU *** **** ******",-7.00005110000000,108.45299770000000,"KAB. KUNINGAN",KADUGEDE,BABATAN
695019,533212920033,"PJU *** **** *** ********",-6.96530200000000,108.52267000000000,"KAB. KUNINGAN",SINDANGAGUNG,BABAKANREUMA
695021,533212727282,"PJU ** **************",-6.97848820000000,108.62773670000000,"KAB. KUNINGAN",CIDAHU,CIHIDEUNGHILIR
695022,533212742318,"PJU ****** *** ********",-6.98494390000000,108.61823790000000,"KAB. KUNINGAN",LURAGUNG,CIKANDANG
695023,533212569117,"PJU **** ******",-7.00371410000000,108.39886780000000,"KAB. KUNINGAN",DARMA,PARUNG
695024,533212569158,"PJU **** ******",-7.00225600000000,108.40016100000000,"KAB. KUNINGAN",DARMA,PARUNG
695025,533212569061,"PJU **** ******",-7.00384600000000,108.39997290000000,"KAB. KUNINGAN",DARMA,PARUNG
695026,533212618677,"PJU ****** *** ********",-6.97709990000000,108.44064680000000,"KAB. KUNINGAN",CIGUGUR,CIGUGUR
695027,533212618636,"PJU ****** *** ********",-6.98023070000000,108.44633490000000,"KAB. KUNINGAN",CIGUGUR,CIGUGUR
695028,533212618997,"PJU ****** *** ********",-6.93280440000000,108.57952580000000,"KAB. KUNINGAN",CIAWIGEBANG,PADARAMA
695029,533212915491,"PJU *** **** *** ******",-7.00078000000000,108.54147000000000,"KAB. KUNINGAN",GARAWANGI,KARAMATWANGI
695030,533212905555,"PJU ****** *** **********",-6.97495700000000,108.55746500000000,"KAB. KUNINGAN",CIAWIGEBANG,CIOMAS
695031,533212915085,"PJU *** **** *******",-7.04662846000000,108.46345808000000,"KAB. KUNINGAN",HANTARA,PAKAPASANGIRANG
695032,533212916278,"PJU *** **** *** ******",-6.99572700000000,108.54103300000000,"KAB. KUNINGAN",GARAWANGI,MANCAGAR
695033,533212916324,"PJU *** **** *** ******",-6.99633200000000,108.51659800000000,"KAB. KUNINGAN",GARAWANGI,LENGKONG
695034,533212916109,"PJU *** **** *******",-6.99973280000000,108.59703000000000,"KAB. KUNINGAN",KALIMANGGIS,KERTAWANA
695035,533212915164,"PJU *** **** *******",-7.02774391000000,108.53479297000000,"KAB. KUNINGAN",GARAWANGI,KUTAKEMBARAN
695036,533212906749,"PJU ****** *** ******** *",-6.97205800000000,108.63848000000000,"KAB. KUNINGAN",CIDAHU,NANGGELA
695037,533212916190,"PJU *** **** ** *******",-6.94251300000000,108.66329030000000,"KAB. KUNINGAN",KALIMANGGIS,KERTAWANA
695038,533212916564,"PJU *** **** *** ******",-7.00696000000000,108.55515700000000,"KAB. KUNINGAN",GARAWANGI,CIKANANGA
695039,533212916763,"PJU *** **** *** *******",-6.93332800000000,108.63998800000000,"KAB. KUNINGAN",KALIMANGGIS,WANASARAYA
695040,533212920975,"PJU *** **** ** *******",-6.97680700000000,108.50166500000000,"KAB. KUNINGAN",KUNINGAN,CIJOHO
695041,533212914984,"PJU *** **** *******",-7.00482000000000,108.54774300000000,"KAB. KUNINGAN",GARAWANGI,SUKAIMUT
695042,533212920959,"PJU *** **** ** *******",-6.97128300000000,108.50203800000000,"KAB. KUNINGAN",KUNINGAN,CIPORANG
695043,533212919616,"PJU *** **** ********",-6.95331990000000,108.48185490000000,"KAB. KUNINGAN",KUNINGAN,CIRENDANG
695044,533212925027,"PJU *** **** ********",-6.96880500000000,108.45975500000000,"KAB. KUNINGAN",CIGUGUR,CIGUGUR
695045,533212924784,"PJU *** **** *** *******",-7.06720200000000,108.67742000000000,"KAB. KUNINGAN",KARANGKANCANA,TANJUNGKERTA
695046,533212918719,"PJU *** **** *******",-7.07582500000000,108.57791700000000,"KAB. KUNINGAN",MALEBER,CIPAKEM
695047,533212925259,"PJU *** **** *** *******",-7.00935500000000,108.63780500000000,"KAB. KUNINGAN",LURAGUNG,SINDANGSUKA
695048,533212924585,"PJU *** **** ** ******",-7.04081300000000,108.67962300000000,"KAB. KUNINGAN",KARANGKANCANA,CIHANJARO
695049,533212918768,"PJU *** **** *** *******",-7.07368800000000,108.49718200000000,"KAB. KUNINGAN",CINIRU,GUNUNGMANIK
695050,533212920655,"PJU *** **** *** *******",-6.97972100000000,108.53638000000000,"KAB. KUNINGAN",MALEBER,GALAHERANG
695051,533212919985,"PJU *** **** *** *******",-7.00596800000000,108.76585800000000,"KAB. KUNINGAN",CIBINGBIN,BANTARPANJANG
695052,533212920528,"PJU *** **** *** *******",-6.94034200000000,108.62294400000000,"KAB. KUNINGAN",CIAWIGEBANG,CIKUBANGMULYA
695053,533212915235,"PJU *** **** ** ******",-7.04222000000000,108.50309300000000,"KAB. KUNINGAN",GARAWANGI,PAKEMBANGAN
695054,533212926202,"PJU *** **** *******",-6.96540900000000,108.57923200000000,"KAB. KUNINGAN",CIAWIGEBANG,CIAWILOR
695055,533212920854,"PJU *** **** *** ******",-6.94835500000000,108.49588000000000,"KAB. KUNINGAN",KUNINGAN,KASTURI
695056,533212919171,"PJU *** **** ********",-6.97303200000000,108.54042700000000,"KAB. KUNINGAN",SINDANGAGUNG,MEKARMUKTI
695057,533212921986,"PJU *** **** *** *******",-7.03529200000000,108.56489700000000,"KAB. KUNINGAN",MALEBER,PADAMULYA
695058,533212915483,"PJU *** **** *** ******",-7.04351000000000,108.50005800000000,"KAB. KUNINGAN",CINIRU,CINIRU
695059,533212915093,"PJU *** **** *******",-7.06494491000000,108.43418256000000,"KAB. KUNINGAN",HANTARA,TUNDAGAN
695060,533212920839,"PJU *** **** *** *******",-7.04587200000000,108.72593000000000,"KAB. KUNINGAN",CIBEUREUM,TARIKOLOT
695061,533212920510,"PJU *** **** *** *******",-7.07749500000000,108.57755800000000,"KAB. KUNINGAN",MALEBER,CIPAKEM
695062,533212918299,"PJU *** **** ** *******",-7.01704300000000,108.59817200000000,"KAB. KUNINGAN",LEBAKWANGI,LEBAKWANGI
695063,533212923869,"PJU *** **** *** *******",-7.03612120000000,108.41229950000000,"KAB. KUNINGAN",DARMA,SAKERTATIMUR
695064,533212922340,"PJU *** **** ** *******",-6.99633500000000,108.69283200000000,"KAB. KUNINGAN",CIMAHI,CIMAHI
695065,533212919396,"PJU *** **** ********",-6.97908356500000,108.47886440000000,"KAB. KUNINGAN",KUNINGAN,PURWAWINANGUN
695066,533212923972,"PJU *** **** *** *******",-7.05301000000000,108.63595000000000,"KAB. KUNINGAN",CIWARU,KARANGBARU
695067,533212923453,"PJU *** **** *** ******",-7.00584880000000,108.45263150000000,"KAB. KUNINGAN",KADUGEDE,KADUGEDE
695068,533212923836,"PJU *** **** *** *******",-6.98998400000000,108.39241750000000,"KAB. KUNINGAN",DARMA,SITUSARI
695069,533212919313,"PJU *** **** ********",-6.98616954000000,108.48096604000000,"KAB. KUNINGAN",KUNINGAN,KUNINGAN
695070,533212924569,"PJU *** **** *******",-7.11920000000000,108.67733700000000,"KAB. KUNINGAN",KARANGKANCANA,JABRANTI
695071,533212925362,"PJU *** **** *** ******",-6.98579600000000,108.62147700000000,"KAB. KUNINGAN",LURAGUNG,PANYOSOGAN
695072,533212924216,"PJU *** **** *******",-7.11085500000000,108.62085000000000,"KAB. KUNINGAN",CIWARU,CITUNDUN
695073,533212925977,"PJU *** **** *** *******",-6.92378300000000,108.54120000000000,"KAB. KUNINGAN",CIPICUNG,PAMULIHAN
695074,533212925226,"PJU *** **** *******",-6.98006080000000,108.59235800000000,"KAB. KUNINGAN",CIPICUNG,SUKAMUKTI
695075,533212925163,"PJU *** **** *** *******",-7.04036800000000,108.60844000000000,"KAB. KUNINGAN",LURAGUNG,WALAHARCAGEUR
695076,533212922260,"PJU *** **** ** *******",-6.97950000000000,108.67873700000000,"KAB. KUNINGAN",CIMAHI,KANANGA
695077,533212921978,"PJU *** **** *** *******",-7.01534700000000,108.56538700000000,"KAB. KUNINGAN",MALEBER,KUTARAJA
695078,533212925433,"PJU *** **** ** ******",-7.00562200000000,108.64102300000000,"KAB. KUNINGAN",LURAGUNG,DUKUHMAJA
695079,533212920942,"PJU *** **** ** *******",-6.99611160000000,108.48147300000000,"KAB. KUNINGAN",KUNINGAN,CIBINUANG
695080,533212924472,"PJU* *** **** *** *******",-6.98440000000000,108.65970000000000,"KAB. KUNINGAN",CIDAHU,KERTAWINANGUN
695081,533212923566,"PJU *** **** *** *******",-7.00082740000000,108.41036670000000,"KAB. KUNINGAN",DARMA,DARMA
695082,533212742893,"PJU ****** *** ********",-6.96955550000000,108.57762760000000,"KAB. KUNINGAN",CIAWIGEBANG,CIAWILOR
695083,533212742980,"PJU ****** *** ********",-6.98092300000000,108.64809700000000,"KAB. KUNINGAN",CIAWIGEBANG,CIAWILOR
695084,533212569133,"PJU ******",-6.94213300000000,108.60176200000000,"KAB. KUNINGAN",CIAWIGEBANG,CIGARUKGAK
695085,533212570857,"PJU ****** *** ********",-7.06208950000000,108.43506880000000,"KAB. KUNINGAN",HANTARA,BUNIGEULIS
695086,533212570746,"PJU ****** *** ********",-7.06129830000000,108.43208610000000,"KAB. KUNINGAN",HANTARA,BUNIGEULIS
695087,533212570738,"PJU ****** *** ********",-7.06208950000000,108.43506880000000,"KAB. KUNINGAN",HANTARA,BUNIGEULIS
695088,533212570816,"PJU ****** *** ********",-7.06005900000000,108.43428190000000,"KAB. KUNINGAN",HANTARA,BUNIGEULIS
695089,533212618922,"PJU ****** *** ********",-6.91968570000000,108.59511110000000,"KAB. KUNINGAN",CIAWIGEBANG,PADARAMA
695090,533212916954,"PJU *** **** *** *******",-7.06375200000000,108.47259300000000,"KAB. KUNINGAN",HANTARA,CITAPEN
695091,533212912403,"PJU *** **** ** *******",-6.97559350000000,108.49439390000000,"KAB. KUNINGAN",KUNINGAN,KARANGTAWANG
695092,533212905484,"PJU ****** *** **********",-6.98681670000000,108.56409980000000,"KAB. KUNINGAN",CIAWIGEBANG,PANGKALAN
695093,533212912707,"PJU *** **** ** ******",-6.97768000000000,108.47393000000000,"KAB. KUNINGAN",KUNINGAN,KUNINGAN
695094,533212916867,"PJU *** **** *** *******",-7.05724700000000,108.47722800000000,"KAB. KUNINGAN",HANTARA,PAKAPASANHILIR
695095,533212915051,"PJU *** **** *******",-7.00660300000000,108.55663800000000,"KAB. KUNINGAN",GARAWANGI,TAMBAKBAYA
695096,533212916286,"PJU *** **** *** *******",-7.05779200000000,108.45668700000000,"KAB. KUNINGAN",HANTARA,HANTARA
695097,533212916260,"PJU *** **** *** ******",-6.99034200000000,108.53545000000000,"KAB. KUNINGAN",GARAWANGI,CITIUSARI
695098,533212915547,"PJU *** **** *** *******",-7.02263824000000,108.51398673000000,"KAB. KUNINGAN",GARAWANGI,CIRUKEM
695099,533212916493,"PJU *** **** *** *******",-7.02263500000000,108.52924500000000,"KAB. KUNINGAN",GARAWANGI,KUTAKEMBARAN
695100,533212915201,"PJU *** **** ** ******",-6.99605940000000,108.52138752000000,"KAB. KUNINGAN",GARAWANGI,LENGKONG
695101,533212921292,"PJU *** **** *** *******",-6.96659400000000,108.50356500000000,"KAB. KUNINGAN",KUNINGAN,CIPORANG
695102,533212920813,"PJU *** **** *** *******",-6.98773380000000,108.49715740000000,"KAB. KUNINGAN",KUNINGAN,WINDUHAJI
695103,533212918606,"PJU *** **** ***** ******",-6.96229270000000,108.46877370000000,"KAB. KUNINGAN",CIGUGUR,CIPARI
695104,533212920805,"PJU *** **** *** *******",-7.08507000000000,108.71546000000000,"KAB. KUNINGAN",CIBEUREUM,SUKARAPIH
695105,533212925171,"PJU *** **** *** ******",-6.99617200000000,108.65862200000000,"KAB. KUNINGAN",LURAGUNG,BENDA
695106,533212923541,"PJU *** **** *** *******",-6.99912190000000,108.39678450000000,"KAB. KUNINGAN",DARMA,KARANGANYAR
695107,533212916549,"PJU *** **** *** ******",-7.00847000000000,108.53027000000000,"KAB. KUNINGAN",GARAWANGI,PAKEMBANGAN
695108,533212919362,"PJU *** **** ********",-6.99195000000000,108.50933330000000,"KAB. KUNINGAN",KUNINGAN,KARANGTAWANG
695109,533212915107,"PJU *** **** *******",-7.00657989000000,108.55102109000000,"KAB. KUNINGAN",GARAWANGI,CIKANANGA
695110,533212919019,"PJU *** **** *******",-7.06395600000000,108.75780800000000,"KAB. KUNINGAN",CIBINGBIN,SUKAHARJA
695111,533212923724,"PJU *** **** *** *******",-7.03749528800000,108.39442960000000,"KAB. KUNINGAN",DARMA,SUKARASA
695112,533212922410,"PJU *** **** *** *******",-7.00787406000000,108.44158580000000,"KAB. KUNINGAN",NUSAHERANG,NUSAHERANG
695113,533212926293,"PJU *** **** *** *******",-6.96231700000000,108.57954800000000,"KAB. KUNINGAN",CIAWIGEBANG,KARANGKAMULYAN
695114,533212923590,"PJU *** **** *******",-7.01863420000000,108.39887000000000,"KAB. KUNINGAN",DARMA,PANINGGARAN
695115,533212923558,"PJU *** **** *** *******",-7.00296100000000,108.40803960000000,"KAB. KUNINGAN",DARMA,BAKOM
695116,533212923915,"PJU *** **** *******",-7.01127830000000,108.41757210000000,"KAB. KUNINGAN",DARMA,JAGARA
695117,533212923509,"PJU *** **** *******",-7.03749528800000,108.39442960000000,"KAB. KUNINGAN",DARMA,SUKARASA
695118,533212918862,"PJU *** **** ** *******",-7.04164940000000,108.49414120000000,"KAB. KUNINGAN",CINIRU,RAMBATAN
695119,533212924257,"PJU *** **** *******",-7.03784300000000,108.63841900000000,"KAB. KUNINGAN",CIWARU,BAOK
695120,533212924918,"PJU *** **** ** *******",-6.97512200000000,108.46767700000000,"KAB. KUNINGAN",CIGUGUR,CIGUGUR
695121,533212923495,"PJU *** **** *** ******",-6.98450300000000,108.43023900000000,"KAB. KUNINGAN",KADUGEDE,CIHERANG
695122,533212927391,"PJU *** **** *******",-7.00670320000000,108.39728190000000,"KAB. KUNINGAN",DARMA,SITUSARI
695123,533212918146,"PJU *** **** *** *******",-7.00169650000000,108.56103870000000,"KAB. KUNINGAN",LEBAKWANGI,PAJAWANKIDUL
695124,533212924792,"PJU *** **** *******",-7.11039500000000,108.64387200000000,"KAB. KUNINGAN",KARANGKANCANA,MARGACINA
695125,533212922515,"PJU *** **** *** *******",-7.02804700000000,108.44024200000000,"KAB. KUNINGAN",NUSAHERANG,KERTAYUGA
695126,533212926173,"PJU *** **** ********",-6.98340000000000,108.57200000000000,"KAB. KUNINGAN",CIAWIGEBANG,SIDARAJA
695127,533212922469,"PJU *** **** *******",-7.03008700000000,108.43649800000000,"KAB. KUNINGAN",NUSAHERANG,KERTAYUGA
695128,533212923254,"PJU *** **** *** ******",-7.00183320000000,108.45589330000000,"KAB. KUNINGAN",KADUGEDE,BABATAN
695129,533212922365,"PJU *** **** *** *******",-7.04166210000000,108.43451700000000,"KAB. KUNINGAN",NUSAHERANG,HAURKUNING
695130,533212924805,"PJU *** **** *** ********",-6.98175200000000,108.53565200000000,"KAB. KUNINGAN",SINDANGAGUNG,SINDANGAGUNG
695131,533212730051,"PJU ****** *** ********",-6.99847750000000,108.64388680000000,"KAB. KUNINGAN",LURAGUNG,GUNUNGKARUNG
695132,533212730044,"PJU ****** *** ********",-6.99491700000000,108.63966000000000,"KAB. KUNINGAN",LURAGUNG,GUNUNGKARUNG
695133,533212568952,"PJU ******",-6.93935170000000,108.60592160000000,"KAB. KUNINGAN",CIAWIGEBANG,CIGARUKGAK
695134,533212569087,"PJU ******",-6.93686720000000,108.60587280000000,"KAB. KUNINGAN",CIAWIGEBANG,CIGARUKGAK
695135,533212569079,"PJU ******",-6.95068710000000,108.62851050000000,"KAB. KUNINGAN",CIAWIGEBANG,CIGARUKGAK
695136,533212568960,"PJU ******",-6.94324100000000,108.60271800000000,"KAB. KUNINGAN",CIAWIGEBANG,CIGARUKGAK
695137,533212569141,"PJU ******",-6.93537760000000,108.60563310000000,"KAB. KUNINGAN",CIAWIGEBANG,CIGARUKGAK
695138,533212568994,"PJU ******",-6.93408220000000,108.60811020000000,"KAB. KUNINGAN",CIAWIGEBANG,CIGARUKGAK
695139,533212616586,"PJU **** ********* *",-6.94199560000000,108.53632500000000,"KAB. KUNINGAN",CIPICUNG,MEKARSARI
695141,533211826504,"PJU *****                ",-7.02194420000000,108.56319900000000,"KAB. KUNINGAN",MALEBER,KUTARAJA
695142,533211826512,"PJU *****                ",-7.02194420000000,108.56319900000000,"KAB. KUNINGAN",MALEBER,KUTARAJA
695143,533211826711,"PJU *****                ",-7.05049400000000,108.60669870000000,"KAB. KUNINGAN",MALEBER,GALAHERANG
695146,533211826745,"PJU *****                ",-7.05049400000000,108.60669870000000,"KAB. KUNINGAN",MALEBER,GALAHERANG
695147,533211806571,"PJU *****                ",-6.96126150000000,108.46423260000000,"KAB. KUNINGAN",CIGUGUR,CIPARI
695150,533211801633,"PJU *****                ",-6.96855780000000,108.48930100000000,"KAB. KUNINGAN",KUNINGAN,CIJOHO
695151,533211801641,"PJU *****                ",-6.96034160000000,108.47999310000000,"KAB. KUNINGAN",KUNINGAN,CIGINTUNG
695152,533211801658,"PJU *****                ",-6.95145490000000,108.48231830000000,"KAB. KUNINGAN",KUNINGAN,CIRENDANG
695153,533211826673,"PJU *****                ",-7.02166870000000,108.56208580000000,"KAB. KUNINGAN",LEBAKWANGI,LEBAKWANGI
695154,533211826681,"PJU *****                ",-7.02194420000000,108.56319900000000,"KAB. KUNINGAN",MALEBER,KUTARAJA
695155,533211826699,"PJU *****                ",-7.02120330000000,108.56246000000000,"KAB. KUNINGAN",MALEBER,KUTARAJA
695156,533211826703,"PJU *****                ",-7.05049400000000,108.60669870000000,"KAB. KUNINGAN",MALEBER,GALAHERANG
695157,533212510414,"PJU ** ********** *",-6.98447166700000,108.61538170000000,"KAB. KUNINGAN",LURAGUNG,PANYOSOGAN
695159,533211793273,"PJU *****                ",-6.96783540000000,108.55800580000000,"KAB. KUNINGAN",CIAWIGEBANG,PANGKALAN
695170,533211783170,"PJU *****                ",-6.96759500000000,108.50651630000000,"KAB. KUNINGAN",CIPICUNG,CIPICUNG
695173,533211739104,"PJU ***** ********       ",-7.00296100000000,108.40803960000000,"KAB. KUNINGAN",KUNINGAN,KUNINGAN
695182,533211774252,"PJU *****                ",-6.94723430000000,108.53945230000000,"KAB. KUNINGAN",CIPICUNG,CIPICUNG
695183,533211774260,"PJU *****                ",-6.94455150000000,108.54191990000000,"KAB. KUNINGAN",CIPICUNG,CIPICUNG
695184,533212542457,"PJU ** ***** ******",-6.97848820000000,108.62773670000000,"KAB. KUNINGAN",CIDAHU,CIHIDEUNGHILIR
695185,533212542465,"PJU ******* **** ***** **",-6.96243770000000,108.62862430000000,"KAB. KUNINGAN",KALIMANGGIS,CIPANCUR
695186,533212538764,"PJU ***********",-7.08985920000000,108.61926190000000,"KAB. KUNINGAN",CIWARU,CILAYUNG
695187,533212505200,"PJU *********** *",-6.96659250000000,108.61552150000000,"KAB. KUNINGAN",KALIMANGGIS,KALIMANGGISWETAN
695189,533212494548,"PJU ***** **********",-6.94010370000000,108.53063000000000,"KAB. KUNINGAN",CIPICUNG,CIMARANTEN
695190,533212491956,"PJU *******",-6.96333620000000,108.65145330000000,"KAB. KUNINGAN",CIDAHU,CIBULAN
695191,533212542481,"PJU **** *********",-6.96924510000000,108.57673480000000,"KAB. KUNINGAN",CIAWIGEBANG,PAMIJAHAN
695193,533212728180,"PJU **** ************ *",-6.97880670000000,108.52754450000000,"KAB. KUNINGAN",SINDANGAGUNG,SINDANGAGUNG
695194,533212492016,"PJU ***** ******* **",-6.98421166700000,108.48135333300000,"KAB. KUNINGAN",KUNINGAN,AWIRARANGAN
695195,533212487114,"PJU **** ***** ********",-7.07711060000000,108.75842570000000,"KAB. KUNINGAN",CIBINGBIN,CIPONDOK
695196,533212542304,"JU **** **************",-6.96924510000000,108.57673480000000,"KAB. KUNINGAN",CIAWIGEBANG,KARANGKAMULYAN
695197,533212782355,"PJU ********",-6.97195730000000,108.57804150000000,"KAB. KUNINGAN",CIAWIGEBANG,CIAWILOR
695198,533212441512,"PJU ****** *",-6.99498080000000,108.41847200000000,"KAB. KUNINGAN",NUSAHERANG,CIASIH
695199,533212441504,"PJU ****** *",-7.00289660000000,108.43149920000000,"KAB. KUNINGAN",NUSAHERANG,CIKADU
695201,533212001468,"PJU ***** **********",-6.99821230000000,108.55253790000000,"KAB. KUNINGAN",GARAWANGI,MEKARMULYA
695202,533212014735,"PJU *****",-7.00786333300000,108.65176833300000,"KAB. KUNINGAN",LURAGUNG,DUKUHMAJA
695203,533212014743,"PJU *****",-6.96967230000000,108.61069710000000,"KAB. KUNINGAN",KALIMANGGIS,KALIMANGGISKULON
695207,533212541111,"PJU ****** ****",-7.00609780000000,108.55766830000000,"KAB. KUNINGAN",KUNINGAN,PURWAWINANGUN
695208,533212770016,"PJU ****** *** ********",-6.98530400000000,108.46460130000000,"KAB. KUNINGAN",CIGUGUR,CIGADUNG
695209,533212542503,"PJU ******* * ***",-6.97988480000000,108.62580650000000,"KAB. KUNINGAN",CIDAHU,CIHIDEUNGHILIR
695210,533212802298,"PJU ** **************",-6.97891330000000,108.50071970000000,"KAB. KUNINGAN",KUNINGAN,WINDUSENGKAHAN
695211,533212802302,"PJU ** ************ *",-6.96780700000000,108.52437000000000,"KAB. KUNINGAN",SINDANGAGUNG,BABAKANREUMA
695212,533212802406,"PJU ** ************ *",-6.96956800000000,108.52349500000000,"KAB. KUNINGAN",SINDANGAGUNG,BABAKANREUMA
695213,533212802280,"PJU ** ************",-6.99075750000000,108.51165730000000,"KAB. KUNINGAN",KUNINGAN,KARANGTAWANG
695214,533212802393,"PJU ** ************ *",-6.96889200000000,108.52374300000000,"KAB. KUNINGAN",SINDANGAGUNG,BABAKANREUMA
695215,533212487076,"PJU ********* ******",-7.09496070000000,108.65789880000000,"KAB. KUNINGAN",KARANGKANCANA,KARANGKANCANA
695216,533212541073,"PJU ** ********* *******",-7.07170180000000,108.53495500000000,"KAB. KUNINGAN",CINIRU,CIPEDES
695217,533212541137,"PJU ***** ******** ******",-6.97686500000000,108.53024000000000,"KAB. KUNINGAN",KUNINGAN,CIPORANG
695219,533212029146,"PJU *****",-6.96498130000000,108.54359870000000,"KAB. KUNINGAN",DARMA,CIKUPA
695220,533212029153,"PJU ***** *********** *",-7.00522520000000,108.56026000000000,"KAB. KUNINGAN",MALEBER,MANDALAJAYA
695221,533212029161,"PJU ***** *********** *",-7.00573330000000,108.56161820000000,"KAB. KUNINGAN",MALEBER,MANDALAJAYA
695222,533212029179,"PJU ***** *********** *",-7.00522520000000,108.56026000000000,"KAB. KUNINGAN",MALEBER,MANDALAJAYA
695223,533212029187,"PJU ***** *********** *",-7.00522520000000,108.56026000000000,"KAB. KUNINGAN",MALEBER,MANDALAJAYA
695224,533212029195,"PJU *****",-6.98578840000000,108.47823450000000,"KAB. KUNINGAN",KUNINGAN,CIBINUANG
695225,533212029208,"PJU *****",-6.99505410000000,108.45847950000000,"KAB. KUNINGAN",KADUGEDE,WINDUJANTEN
695226,533212015490,"PJU *****",-6.98369020000000,108.46426930000000,"KAB. KUNINGAN",KADUGEDE,WINDUJANTEN
695227,533212541081,"PJU ** *********",-6.99950930000000,108.50326060000000,"KAB. KUNINGAN",KUNINGAN,CITANGTU
695228,533212242687,"PJU ***** ******* *****",-7.01982530000000,108.37861060000000,"KAB. MAJALENGKA",CIKIJING,CIDULANG
695229,533212691512,"PJU ****** *** ********",-6.98523980000000,108.41480220000000,"KAB. KUNINGAN",DARMA,KARANGSARI
695230,533212691561,"PJU ****** *** ********",-6.98396100000000,108.41605160000000,"KAB. KUNINGAN",DARMA,KARANGSARI
695231,533212643503,"PJU ****** *** ********",-6.99115460000000,108.39334600000000,"KAB. KUNINGAN",DARMA,SITUSARI
695232,533212407386,"PJU ** *******",-7.00060010000000,108.33445000000000,"KAB. MAJALENGKA",CIKIJING,SINDANG
695233,533212416835,"PJU ********* *",7.00000000000000,108.00000000000000,,,
695234,533212653735,"PJU ****** *** ********",-7.01550950000000,108.61797010000000,"KAB. KUNINGAN",LURAGUNG,CIRAHAYU
695235,533212653813,"PJU ****** *** ********",-7.01462400000000,108.61956550000000,"KAB. KUNINGAN",LURAGUNG,CIRAHAYU
695241,533212407378,"PJU ** *******",-7.00261666666660,108.33778333333000,"KAB. MAJALENGKA",CIKIJING,SINDANG
695242,533212721022,"PJU ****** *** ********",-6.93935170000000,108.60592160000000,"KAB. KUNINGAN",CIAWIGEBANG,CIGARUKGAK
695243,533212721014,"PJU ****** *** ********",-6.94117750000000,108.60368970000000,"KAB. KUNINGAN",CIAWIGEBANG,CIGARUKGAK
695244,533212643473,"PJU ****** *** ********",-6.99082300000000,108.39352700000000,"KAB. KUNINGAN",DARMA,SITUSARI
695245,533212407360,"PJU ** **********",-6.98511666700000,108.36821670000000,"KAB. MAJALENGKA",CIKIJING,CILANGCANG
695246,533212702121,"PJU ****** *** ********",-6.99795880600000,108.66076162000000,"KAB. KUNINGAN",LURAGUNG,BENDA
695247,533212701783,"PJU ****** *** ********",-6.99408970000000,108.60141960000000,"KAB. KUNINGAN",CIAWIGEBANG,CIOMAS
695248,533212701804,"PJU ****** *** ********",-6.96747360000000,108.56278290000000,"KAB. KUNINGAN",CIAWIGEBANG,CIOMAS
695249,533212728596,"PJU **** *********",-6.96467333300000,108.56498166700000,"KAB. KUNINGAN",CIAWIGEBANG,PANGKALAN
695250,533212680821,"PJU ****** *** ********",-7.07231730000000,108.62717640000000,"KAB. KUNINGAN",CIWARU,LINGGAJAYA
695251,533212691624,"PJU ****** *** ********",-6.98396510000000,108.41606900000000,"KAB. KUNINGAN",DARMA,KARANGSARI
695252,533212691595,"PJU ****** *** ********",-6.98594040000000,108.41483210000000,"KAB. KUNINGAN",DARMA,KARANGSARI
695253,533212691681,"PJU ****** *** ********",-6.99348580000000,108.43409560000000,"KAB. KUNINGAN",DARMA,KARANGSARI
695254,533212691553,"PJU ****** *** ********",-6.98396340000000,108.41603150000000,"KAB. KUNINGAN",DARMA,KARANGSARI
695255,533212691283,"PJU ****** *** ********",-7.02589250000000,108.39702284000000,"KAB. KUNINGAN",DARMA,PANINGGARAN
695256,533212691305,"PJU ****** *** ********",-7.02104010000000,108.39552230000000,"KAB. KUNINGAN",DARMA,PANINGGARAN
695257,533212691242,"PJU ****** *** ********",-7.02547866000000,108.40383342000000,"KAB. KUNINGAN",DARMA,PANINGGARAN
695258,533212691362,"PJU ****** *** ********",-7.02195020000000,108.40479440000000,"KAB. KUNINGAN",DARMA,PANINGGARAN
695259,533212691313,"PJU ****** *** ********",-7.01874770000000,108.39663500000000,"KAB. KUNINGAN",DARMA,PANINGGARAN
695260,533212691226,"PJU ****** *** ********",-7.02104010000000,108.39552230000000,"KAB. KUNINGAN",DARMA,PANINGGARAN
695261,533212691347,"PJU ****** *** ********",-7.02195020000000,108.40479440000000,"KAB. KUNINGAN",DARMA,PANINGGARAN
695262,533212691354,"PJU ****** *** ********",-7.02134490000000,108.40284180000000,"KAB. KUNINGAN",DARMA,PANINGGARAN
695263,533212642519,"PJU ****** *** ********",-7.02488710000000,108.48056770000000,"KAB. KUNINGAN",CINIRU,LONGKEWANG
695264,533212642543,"PJU ****** *** ********",-7.01975533300000,108.47242229900000,"KAB. KUNINGAN",CINIRU,LONGKEWANG
695265,533212642535,"PJU ****** *** ********",-7.02312550000000,108.47960290000000,"KAB. KUNINGAN",CINIRU,LONGKEWANG
695266,533212642501,"PJU ****** *** ********",-7.02488710000000,108.48056770000000,"KAB. KUNINGAN",CINIRU,LONGKEWANG
695267,533212684967,"PJU ****** *** ********",-7.08820540000000,108.64793430000000,"KAB. KUNINGAN",KARANGKANCANA,SEGONG
695268,533212684991,"PJU ****** *** ********",-7.08820540000000,108.64793430000000,"KAB. KUNINGAN",KARANGKANCANA,SEGONG
695269,533212684975,"PJU ****** *** ********",-7.08779430000000,108.64732770000000,"KAB. KUNINGAN",KARANGKANCANA,SEGONG
695270,533212684983,"PJU ****** *** ********",-7.08663790000000,108.64803290000000,"KAB. KUNINGAN",KARANGKANCANA,SEGONG
695271,533212691396,"PJU ****** *** ********",-7.02104010000000,108.39552230000000,"KAB. KUNINGAN",DARMA,PANINGGARAN
695272,533212684862,"PJU ****** *** ********",-6.98446730000000,108.68473610000000,"KAB. KUNINGAN",CIMAHI,KANANGA
695273,533212701145,"PJU ****** *** ********",-6.98773380000000,108.49715740000000,"KAB. KUNINGAN",KALIMANGGIS,CIPANCUR
695274,533212684959,"PJU ****** *** ********",-7.00543040000000,108.68014540000000,"KAB. KUNINGAN",CIMAHI,KANANGA
695275,533212691640,"PJU ****** *** ********",-6.98396510000000,108.41606900000000,"KAB. KUNINGAN",DARMA,KARANGSARI
695276,533212691632,"PJU ****** *** ********",-6.98424030000000,108.41666290000000,"KAB. KUNINGAN",DARMA,KARANGSARI
695277,533212691538,"PJU ****** *** ********",-6.98357290000000,108.41693780000000,"KAB. KUNINGAN",DARMA,KARANGSARI
695278,533212691579,"PJU ****** *** ********",-6.98463500000000,108.41677070000000,"KAB. KUNINGAN",DARMA,KARANGSARI
695279,533212691546,"PJU ****** *** ********",-6.98457380000000,108.41668900000000,"KAB. KUNINGAN",DARMA,KARANGSARI
695280,533212691616,"PJU ****** *** ********",-6.98457380000000,108.41668900000000,"KAB. KUNINGAN",DARMA,KARANGSARI
695281,533212691665,"PJU ****** *** ********",-6.98424030000000,108.41666290000000,"KAB. KUNINGAN",DARMA,KARANGSARI
695282,533212691608,"PJU ****** *** ********",-6.98686680000000,108.41517930000000,"KAB. KUNINGAN",DARMA,KARANGSARI
695283,533212728172,"PJU **** ************ *",-6.97915890000000,108.53618190000000,"KAB. KUNINGAN",SINDANGAGUNG,SINDANGAGUNG
695284,533212728107,"PJU **** ************ *",-6.97506110000000,108.53204330000000,"KAB. KUNINGAN",SINDANGAGUNG,SINDANGAGUNG
695285,533212728276,"PJU **** ************ **",-6.98298930000000,108.53554630000000,"KAB. KUNINGAN",SINDANGAGUNG,SINDANGAGUNG
695286,533212486982,"PJU ***** ** ********* **",-7.07949010000000,108.72427220000000,"KAB. KUNINGAN",CIBINGBIN,SINDANGJAWA
695287,533212691587,"PJU ****** *** ********",-6.99348580000000,108.43409560000000,"KAB. KUNINGAN",DARMA,KARANGSARI
695288,533212691504,"PJU ****** *** ********",-6.98523980000000,108.41480220000000,"KAB. KUNINGAN",DARMA,KARANGSARI
695289,533212691657,"PJU ****** *** ********",-6.98424030000000,108.41666290000000,"KAB. KUNINGAN",DARMA,KARANGSARI
695290,533212691703,"PJU ****** *** ********",-6.98523980000000,108.41480220000000,"KAB. KUNINGAN",DARMA,KARANGSARI
695291,533212691520,"PJU ****** *** ********",-6.98508310000000,108.41482570000000,"KAB. KUNINGAN",DARMA,KARANGSARI
695292,533212691275,"PJU ****** *** ********",-7.02104010000000,108.39552230000000,"KAB. KUNINGAN",DARMA,PANINGGARAN
695293,533212691267,"PJU ****** *** ********",-7.02195020000000,108.40479440000000,"KAB. KUNINGAN",DARMA,PANINGGARAN
695294,533212691388,"PJU ****** *** ********",-7.02261270000000,108.40234380000000,"KAB. KUNINGAN",DARMA,PANINGGARAN
695295,533212691370,"PJU ****** *** ********",-7.01874770000000,108.39663500000000,"KAB. KUNINGAN",DARMA,PANINGGARAN
695296,533212691234,"PJU ****** *** ********",-7.02104010000000,108.39552230000000,"KAB. KUNINGAN",DARMA,PANINGGARAN
695297,533212691321,"PJU ****** *** ********",-7.02134490000000,108.40284180000000,"KAB. KUNINGAN",DARMA,PANINGGARAN
695298,533212691339,"PJU ****** *** ********",-7.02195020000000,108.40479440000000,"KAB. KUNINGAN",DARMA,PANINGGARAN
695299,533212691291,"PJU ****** *** ********",-7.02104010000000,108.39552230000000,"KAB. KUNINGAN",DARMA,PANINGGARAN
695300,533212802369,"PJU ** ************ *",-6.96825110000000,108.52409970000000,"KAB. KUNINGAN",SINDANGAGUNG,BABAKANREUMA
695301,533212802272,"PJU ** ************** *",-6.98211430000000,108.50292630000000,"KAB. KUNINGAN",KUNINGAN,WINDUSENGKAHAN
695302,533212802310,"PJU **************",-6.97971490000000,108.50027680000000,"KAB. KUNINGAN",KUNINGAN,KARANGTAWANG
695303,533212802377,"PJU ** ************ *",-6.96868990000000,108.52387270000000,"KAB. KUNINGAN",SINDANGAGUNG,BABAKANREUMA
695304,533212802422,"PJU **** ***** *******",-6.96827360000000,108.52409680000000,"KAB. KUNINGAN",SINDANGAGUNG,BABAKANREUMA
695305,533212802264,"PJU ** ************** *",-6.98058850000000,108.50001810000000,"KAB. KUNINGAN",KUNINGAN,WINDUSENGKAHAN
695306,533212419832,"PJU **********",-7.00832370000000,108.44262950000000,"KAB. KUNINGAN",NUSAHERANG,NUSAHERANG
695307,533212685561,"PJU ****** *** ********",-6.98530400000000,108.46460130000000,"KAB. KUNINGAN",KUNINGAN,KEDUNGARUM
695308,533212691729,"PJU ****** *** ********",-6.98523980000000,108.41480220000000,"KAB. KUNINGAN",DARMA,KARANGSARI
695309,533212032674,"PJU ***** *",-7.01489170000000,108.62867670000000,"KAB. KUNINGAN",LURAGUNG,SINDANGSUKA
695310,533212014104,"PJU *****",-7.02380050000000,108.63556190000000,"KAB. KUNINGAN",LURAGUNG,LURAGUNGLANDEUH
695311,533212014112,"PJU *****",-7.07518350000000,108.62813420000000,"KAB. KUNINGAN",CIWARU,CIWARU
695315,533212014153,"PJU *****",-7.03163220000000,108.55558370000000,"KAB. KUNINGAN",MALEBER,PARAKAN
695316,533212014161,"PJU *****",-6.99434680000000,108.54038030000000,"KAB. KUNINGAN",GARAWANGI,MANCAGAR
695317,533212014179,"PJU *****",-7.01013760000000,108.43853350000000,"KAB. KUNINGAN",NUSAHERANG,NUSAHERANG
695318,533212014187,"PJU *****",-6.96008770000000,108.47965510000000,"KAB. KUNINGAN",KUNINGAN,CIGINTUNG
695319,533212032682,"PJU ***** *",-7.01593440000000,108.62968070000000,"KAB. KUNINGAN",LURAGUNG,SINDANGSUKA
695321,533212014208,"PJU *****",-7.02170990000000,108.50641320000000,"KAB. KUNINGAN",GARAWANGI,KADATUAN
695323,533212014232,"PJU *****",-7.01950150000000,108.62362930000000,"KAB. KUNINGAN",LURAGUNG,MARGASARI
695329,533212543483,"PJU ********* *",-6.95820350000000,108.55355170000000,"KAB. KUNINGAN",CIPICUNG,KAROYA
695330,533212701887,"PJU ****** *** ********",-6.93139670000000,108.57907960000000,"KAB. KUNINGAN",CIAWIGEBANG,CIOMAS
695331,533212701895,"PJU ****** *** ********",-6.96580940000000,108.59539270000000,"KAB. KUNINGAN",CIAWIGEBANG,CIOMAS
695332,533212701933,"PJU ****** *** ********",-6.98938940000000,108.61111370000000,"KAB. KUNINGAN",CIAWIGEBANG,CIOMAS
695333,533212701909,"PJU ****** *** ********",-6.93139670000000,108.57907960000000,"KAB. KUNINGAN",CIAWIGEBANG,CIOMAS
695334,533212206320,"PJU ***** ******",-7.04183580000000,108.49994440000000,"KAB. KUNINGAN",CINIRU,CINIRU
695335,533212206338,"PJU ***** ******",-7.04923110000000,108.50390930000000,"KAB. KUNINGAN",CINIRU,CINIRU
695336,533212206346,"PJU ***** ******",-7.04211830000000,108.50123830000000,"KAB. KUNINGAN",CINIRU,CINIRU
695337,533212206361,"PJU ***** ******",-7.04181350000000,108.50044880000000,"KAB. KUNINGAN",CINIRU,CINIRU
695339,533212014577,"PJU *****",-7.01585833333330,108.43188666667000,"KAB. KUNINGAN",DARMA,CIKUPA
695340,533212014585,"PJU *****",-7.01633166666670,108.43222500000000,"KAB. KUNINGAN",DARMA,CIKUPA
695342,533212010257,"PJU ***** *** ****** ****",-6.95170730000000,108.46981000000000,"KAB. KUNINGAN",CIGUGUR,GUNUNGKELING
695343,533212014727,"PJU *****",-6.98961990000000,108.69531840000000,"KAB. KUNINGAN",CIAWIGEBANG,CIAWIGEBANG
695344,533212996048,"PJU ****** *** ****** *",-6.99540400000000,108.69362900000000,"KAB. KUNINGAN",CIMAHI,CIMAHI
695345,533212014299,"PJU *****",-6.99797360000000,108.56322240000000,"KAB. KUNINGAN",LEBAKWANGI,PAJAWANKIDUL
695346,533212014311,"PJU *****",-6.98558700000000,108.43111160000000,"KAB. KUNINGAN",KADUGEDE,CIHERANG
695347,533212014329,"PJU *****",-6.96598170000000,108.61477930000000,"KAB. KUNINGAN",KALIMANGGIS,KALIMANGGISKULON
695348,533212014337,"PJU *****",-7.03387560000000,108.60261720000000,"KAB. KUNINGAN",LURAGUNG,WALAHARCAGEUR
695349,533212367827,"PJU **** ******** *",-6.99399500000000,108.44379000000000,"KAB. KUNINGAN",KADUGEDE,BAYUNING
695350,533212442747,"PJU ******** * ***",-6.99759050000000,108.44700580000000,"KAB. KUNINGAN",CIGUGUR,CIGUGUR
695351,533212441538,"PJU ********** *",-7.00773120000000,108.44183160000000,"KAB. KUNINGAN",NUSAHERANG,HAURKUNING
695352,533212442721,"PJU ******** *",-6.99311780000000,108.44190070000000,"KAB. KUNINGAN",KADUGEDE,BAYUNING
695353,533212934024,"PJU *** *** * *** ****",-7.02438700000000,108.56267500000000,"KAB. KUNINGAN",MALEBER,KUTARAJA
695354,533212926315,"PJU *** **** *** *******",-6.94809900000000,108.54015600000000,"KAB. KUNINGAN",CIPICUNG,CIPICUNG
695355,533212926331,"PJU *** **** *** *******",-6.96794300000000,108.55426300000000,"KAB. KUNINGAN",CIPICUNG,KAROYA
695356,533212940376,"PJU ****** ** **********",-6.96467220000000,108.54202510000000,"KAB. KUNINGAN",CIPICUNG,MUNCANGELA
695357,533212940405,"PJU ****** *******",-6.95797000000000,108.55549670000000,"KAB. KUNINGAN",CIPICUNG,SUSUKAN
695358,533212941680,"PJU ** ******* ****",-7.01625300000000,108.55682200000000,"KAB. KUNINGAN",MALEBER,MANDALAJAYA
695359,533212999626,"PJU ******** ****",-7.07651093585350,108.42560318187000,"KAB. KUNINGAN",KUNINGAN,PURWAWINANGUN
695360,533212013980,"PJU *****",-6.95265400000000,108.47992380000000,"KAB. KUNINGAN",KUNINGAN,CIRENDANG
695365,533212014025,"PJU *****",-7.01721390000000,108.63753760000000,"KAB. KUNINGAN",LURAGUNG,LURAGUNGLANDEUH
695367,533212014041,"PJU *****",-7.07229490000000,108.62731300000000,"KAB. KUNINGAN",CIWARU,CIWARU
695368,533212014058,"PJU *****",-7.01891580000000,108.58152570000000,"KAB. KUNINGAN",LEBAKWANGI,LEBAKWANGI
695369,533212014066,"PJU *****",-6.96913100000000,108.61132000000000,"KAB. KUNINGAN",KALIMANGGIS,KALIMANGGISKULON
695370,533212014082,"PJU *****",-6.98098000000000,108.64057000000000,"KAB. KUNINGAN",CIDAHU,CIDAHU
695373,533212541040,"PJU *** ********",-6.97014670000000,108.50383520000000,"KAB. KUNINGAN",KUNINGAN,CIPORANG
695374,533212487001,"PJU *** * *********",-7.06235970000000,108.68047690000000,"KAB. KUNINGAN",KARANGKANCANA,SUKASARI
695375,533212487106,"PJU *** *********",-7.08299110000000,108.71721910000000,"KAB. KUNINGAN",CIBEUREUM,SUKARAPIH
695376,533212488380,"PJU ********",-7.03037830000000,108.48713870000000,"KAB. KUNINGAN",CINIRU,RAMBATAN
695377,533212487027,"PJU *** ** ** *********",-7.05503870000000,108.68715230000000,"KAB. KUNINGAN",KARANGKANCANA,SIMPAYJAYA
695378,533212488530,"PJU ********",-7.01761870000000,108.51086180000000,"KAB. KUNINGAN",GARAWANGI,KUTAKEMBARAN
695379,533212488548,"PJU ********",-7.02324600000000,108.51352790000000,"KAB. KUNINGAN",GARAWANGI,CIRUKEM
695380,533212488427,"PJU ******",-7.08720300000000,108.52141550000000,"KAB. KUNINGAN",CINIRU,PINARA
695381,533212541065,"PJU ***** ****",-6.96069080000000,108.48086460000000,"KAB. KUNINGAN",KUNINGAN,CIGINTUNG
695384,533212148476,"PJU ***** ** **********",-6.98396510000000,108.41606900000000,"KAB. KUNINGAN",DARMA,KARANGSARI
695385,533212148484,"PJU ***** ** *********",-7.01928940000000,108.44594670000000,"KAB. KUNINGAN",NUSAHERANG,WINDUSARI
695386,533212148492,"PJU ***** ** ******* ****",-7.03953802000000,108.40511020000000,"KAB. KUNINGAN",DARMA,SAKERTABARAT
695387,533212148506,"PJU ***** ** ***********",-7.02116880000000,108.40255130000000,"KAB. KUNINGAN",DARMA,PANINGGARAN
695391,533212152272,"PJU ***** ** **** ****",-7.03277480000000,108.58180200000000,"KAB. KUNINGAN",MALEBER,BUNIASIH
695392,533212152280,"PJU ***** ** **********",-6.96498130000000,108.54359870000000,"KAB. KUNINGAN",CIPICUNG,MUNCANGELA
695394,533212152302,"PJU ***** ** *********",-6.94189190000000,108.53565220000000,"KAB. KUNINGAN",CIPICUNG,MEKARSARI
695396,533212152328,"PJU ***** ** **********",-6.91737110000000,108.56505430000000,"KAB. KUNINGAN",JAPARA,CIKELENG
695397,533212152336,"PJU ***** ** *********",-6.92336760000000,108.55132550000000,"KAB. KUNINGAN",JAPARA,CENGAL
695400,533212152377,"PJU ***** ** *******",-6.95836200000000,108.50632500000000,"KAB. KUNINGAN",GARAWANGI,LENGKONG
695401,533212509290,"PJU **** ******* *",-6.95731000000000,108.50739330000000,"KAB. KUNINGAN",KUNINGAN,PADAREK
695402,533212509233,"PJU **** ******* *",-6.96036170000000,108.51086390000000,"KAB. KUNINGAN",KUNINGAN,PADAREK
695403,533212509258,"PJU **** ******* *",-6.95718833300000,108.50707330000000,"KAB. KUNINGAN",KUNINGAN,PADAREK
695404,533212509266,"PJU **** ******* *",-6.95929166700000,108.51213670000000,"KAB. KUNINGAN",KUNINGAN,PADAREK
695405,533212667377,"PJU ****** *** ********",-6.97647820000000,108.49045620000000,"KAB. KUNINGAN",CIDAHU,KERTAWINANGUN
695406,533212667302,"PJU ****** *** ********",-6.98356790000000,108.48610700000000,"KAB. KUNINGAN",CIDAHU,KERTAWINANGUN
695407,533212668233,"PJU **** ********",-7.01326670000000,108.61425770000000,"KAB. KUNINGAN",LURAGUNG,CIRAHAYU
695408,533212668266,"PJU **** ********",-7.01326670000000,108.61425770000000,"KAB. KUNINGAN",LURAGUNG,CIRAHAYU
695409,533212668241,"PJU **** ********",-7.01326670000000,108.61425770000000,"KAB. KUNINGAN",LURAGUNG,CIRAHAYU
695410,533212802958,"PJU **** ***********",-6.95862200000000,108.54527200000000,"KAB. KUNINGAN",CIPICUNG,KAROYA
695411,533212803121,"PJU *** **** *******",-6.96625710000000,108.55242260000000,"KAB. KUNINGAN",CIPICUNG,SUSUKAN
695412,533212643552,"PJU ****** *** ********",-6.99421000000000,108.44483340000000,"KAB. KUNINGAN",KADUGEDE,BAYUNING
695413,533212643560,"PJU ****** *** ********",-6.99396980000000,108.44166690000000,"KAB. KUNINGAN",KADUGEDE,BAYUNING
695414,533212643545,"PJU ****** *** ********",-6.99413410000000,108.44497690000000,"KAB. KUNINGAN",KADUGEDE,BAYUNING
695415,533212643511,"PJU ****** *** ********",-6.99395150000000,108.44439860000000,"KAB. KUNINGAN",KADUGEDE,BAYUNING
695416,533212643537,"PJU ****** *** ********",-6.99382060000000,108.44409690000000,"KAB. KUNINGAN",KADUGEDE,BAYUNING
695417,533212643529,"PJU ****** *** ********",-6.99382520000000,108.44369500000000,"KAB. KUNINGAN",KADUGEDE,BAYUNING
695418,533212802974,"PJU ********* ** *** ***",-6.94720440000000,108.54019440000000,"KAB. KUNINGAN",CIPICUNG,CIPICUNG
695419,533212802933,"PJU ** ********* *******",-6.60009654111110,108.50798091111000,"KAB. KUNINGAN",CIPICUNG,SUSUKAN
695420,533212570903,"PJU ****** *** ********",-7.09030250000000,108.59996310000000,"KAB. KUNINGAN",CIWARU,LEBAKHERANG
695421,533212570929,"PJU ****** *** ********",-7.09009860000000,108.60064950000000,"KAB. KUNINGAN",CIWARU,LEBAKHERANG
695422,533212570761,"PJU ****** *** ********",-6.97715200000000,108.54300800000000,"KAB. KUNINGAN",SINDANGAGUNG,BALONG
695423,533212513204,"PJU ****************",-7.00750500000000,108.53016666700000,"KAB. KUNINGAN",GARAWANGI,PURWASARI
695424,533212653743,"PJU ****** *** ********",-7.01666100000000,108.61804680000000,"KAB. KUNINGAN",LURAGUNG,CIRAHAYU
695425,533212509241,"PJU **** ******* **",-6.95848833300000,108.50997170000000,"KAB. KUNINGAN",KUNINGAN,PADAREK
695426,533212509304,"PJU **** ******* *",-6.95691666700000,108.50674330000000,"KAB. KUNINGAN",KUNINGAN,KEDUNGARUM
695427,533212509282,"PJU **** ******* *",-6.95843833300000,108.50616000000000,"KAB. KUNINGAN",GARAWANGI,LENGKONG
695428,533212509274,"PJU **** ******* *",-6.96069190000000,108.51065190000000,"KAB. KUNINGAN",KUNINGAN,PADAREK
695429,533212509217,"PJU **** *******",-6.99003250000000,108.51711360000000,"KAB. KUNINGAN",KUNINGAN,PADAREK
695430,533212488476,"PJU *********",-6.97882810000000,108.46074810000000,"KAB. KUNINGAN",KADUGEDE,BAYUNING
695431,533212487092,"PJU ******** ****** *****",-7.08484060000000,108.75768320000000,"KAB. KUNINGAN",CIBINGBIN,CIPONDOK
695432,533212542353,"PJU ******* * *******",-6.92865350000000,108.62432980000000,"KAB. KUNINGAN",CIAWIGEBANG,CIHIRUP
695433,533212540989,"PJU ** ***********",-6.98154100000000,108.48821090000000,"KAB. KUNINGAN",KUNINGAN,AWIRARANGAN
695434,533212541103,"PJU ** ************",-7.02879270000000,108.53685510000000,"KAB. KUNINGAN",GARAWANGI,KUTAKEMBARAN
695435,533212359968,"WAR********* ******** ***",-7.00343333300000,108.57248330000000,"KAB. KUNINGAN",LEBAKWANGI,PASAYANGAN
695436,533212642527,"PJU ****** *** ********",-7.02323950000000,108.47944520000000,"KAB. KUNINGAN",CINIRU,LONGKEWANG
695437,533212642497,"PJU ****** *** ********",-7.02303950000000,108.47972880000000,"KAB. KUNINGAN",CINIRU,LONGKEWANG
695438,533212643432,"PJU ****** *** ********",-6.97544380000000,108.43031640000000,"KAB. KUNINGAN",KADUGEDE,CISUKADANA
695439,533212643481,"PJU ****** *** ********",-6.99232000000000,108.39452410000000,"KAB. KUNINGAN",DARMA,SITUSARI
695440,533212643379,"PJU ****** *** ********",-6.98127100000000,108.42667740000000,"KAB. KUNINGAN",KADUGEDE,CISUKADANA
695441,533212643424,"PJU ****** *** ********",-6.97542850000000,108.42941840000000,"KAB. KUNINGAN",KADUGEDE,CISUKADANA
695442,533212691259,"PJU ****** *** ********",-7.02104010000000,108.39552230000000,"KAB. KUNINGAN",DARMA,PANINGGARAN
695443,533212684900,"PJU ****** *** ********",-6.98254330000000,108.68312220000000,"KAB. KUNINGAN",CIMAHI,KANANGA
695444,533212594511,"PJU **** ***** *******",-7.02441300000000,108.56282430000000,"KAB. KUNINGAN",MALEBER,MALEBER
695445,533212591506,"PJU ** ******** *********",-7.02501300000000,108.67555800000000,"KAB. KUNINGAN",CIMAHI,CILEUYA
695446,533212421124,"PJU *** *******",-6.96965140000000,108.46183560000000,"KAB. KUNINGAN",CIGUGUR,CIGUGUR
695447,533212643416,"PJU ****** *** ********",-6.97780500000000,108.42388000000000,"KAB. KUNINGAN",KADUGEDE,CISUKADANA
695448,533212643395,"PJU ****** *** ********",-6.97544380000000,108.43031640000000,"KAB. KUNINGAN",KADUGEDE,CISUKADANA
695449,533212643465,"PJU ****** *** ********",-6.98990340000000,108.39480150000000,"KAB. KUNINGAN",DARMA,SITUSARI
695451,533212643408,"PJU ****** *** ********",-6.97542850000000,108.42941840000000,"KAB. KUNINGAN",KADUGEDE,CISUKADANA
695452,533212643387,"PJU ****** *** ********",-6.98122630000000,108.42779010000000,"KAB. KUNINGAN",KADUGEDE,CISUKADANA
695453,533212643440,"PJU ****** *** ********",-6.97773980000000,108.42398470000000,"KAB. KUNINGAN",KADUGEDE,CISUKADANA
695454,533212614063,"LAM** ******* *****",-6.98101930000000,108.47832770000000,"KAB. KUNINGAN",KUNINGAN,PURWAWINANGUN
695455,533212592963,"PJU **** *********",-6.99035840000000,108.62385220000000,"KAB. KUNINGAN",LURAGUNG,CIKANDANG
695456,533212750785,"PJU ****** *** ********",-6.96737800000000,108.55988800000000,"KAB. KUNINGAN",CIAWIGEBANG,CIOMAS
695457,533212750408,"PJU ****** *** ********",-6.96042620000000,108.65161270000000,"KAB. KUNINGAN",LEBAKWANGI,PAGUNDAN
695458,533212750615,"PJU ****** *** ********",-6.99680760000000,108.60436700000000,"KAB. KUNINGAN",CIAWIGEBANG,CIOMAS
695459,533212440584,"PJU ***********",-6.96661320000000,108.41869040000000,"KAB. KUNINGAN",DARMA,SAGARAHIANG
695462,533212148356,"PJU ***** **********",-6.97557340000000,108.43018120000000,"KAB. KUNINGAN",KADUGEDE,CISUKADANA
695463,533212148364,"PJU ***** *********",-7.00589620000000,108.47064070000000,"KAB. KUNINGAN",KADUGEDE,NANGKA
695465,533212148401,"PJU ***** ***********",-6.98739360000000,108.43414420000000,"KAB. KUNINGAN",KADUGEDE,CIHERANG
695466,533212148419,"PJU ***** *********",-7.00174560000000,108.43249840000000,"KAB. KUNINGAN",NUSAHERANG,CIKADU
695467,533212152264,"PJU ***** ** ***** ******",-7.03074230000000,108.57664200000000,"KAB. KUNINGAN",MALEBER,DUKUHTENGAH
695468,533212802990,"PJU **** ***** ** ******",-6.96108300000000,108.55140800000000,"KAB. KUNINGAN",CIPICUNG,KAROYA
695469,533212802982,"PJU ***** ** ** ******",-6.96048200000000,108.54991800000000,"KAB. KUNINGAN",CIPICUNG,KAROYA
695470,533212803034,"PJU ** ****** **********",-6.91691300000000,108.57749300000000,"KAB. KUNINGAN",CIPICUNG,SUGANANGAN
695471,533212570808,"PJU ****** *** ********",-6.99934010000000,108.58142240000000,"KAB. KUNINGAN",LEBAKWANGI,SINDANG
695472,533212570795,"PJU ****** *** ********",-7.00035700000000,108.58209200000000,"KAB. KUNINGAN",LEBAKWANGI,SINDANG
695473,533212570720,"PJU ****** *** ********",-7.00432800000000,108.58620500000000,"KAB. KUNINGAN",LEBAKWANGI,SINDANG
695474,533212570840,"PJU ****** *** ********",-6.99934010000000,108.58142240000000,"KAB. KUNINGAN",LEBAKWANGI,SINDANG
695475,533212662877,"PJU ****** *** ********",-7.02167140000000,108.50680320000000,"KAB. KUNINGAN",GARAWANGI,GARAWANGI
695476,533212750814,"PJU ****** *** ********",-6.96434800000000,108.56415300000000,"KAB. KUNINGAN",CIAWIGEBANG,CIOMAS
695477,533212750680,"PJU ****** *** ********",-6.98754180000000,108.60293630000000,"KAB. KUNINGAN",CIAWIGEBANG,CIOMAS
695478,533212750871,"PJU ****** *** ********",-6.96475000000000,108.56500200000000,"KAB. KUNINGAN",CIAWIGEBANG,CIOMAS
695479,533212750586,"PJU ****** *** ********",-6.96434800000000,108.56415300000000,"KAB. KUNINGAN",CIAWIGEBANG,CIOMAS
695481,533212442833,"PJU ******** * ***",-6.99382060000000,108.44409690000000,"KAB. KUNINGAN",KADUGEDE,BAYUNING
695482,533212148555,"PJU ***** ******* *****",-7.03969280000000,108.48194740000000,"KAB. KUNINGAN",HANTARA,CITAPEN
695486,533212152414,"PJU ***** ** *********",-6.95886010000000,108.44693660000000,"KAB. KUNINGAN",MALEBER,CIKAHURIPAN
695487,533212152422,"PJU ***** ** *******",-6.96549000000000,108.45995166667000,"KAB. KUNINGAN",MALEBER,CIKAHURIPAN
695488,533212152430,"PJU ***** ** ******",-6.96523360000000,108.54513550000000,"KAB. KUNINGAN",SINDANGAGUNG,TARAJU
695490,533212152455,"PJU ***** ** *********",-6.97733810000000,108.52451780000000,"KAB. KUNINGAN",MALEBER,CIKAHURIPAN
695492,533212750777,"PJU ****** *** ********",-6.96120040000000,108.58249440000000,"KAB. KUNINGAN",CIAWIGEBANG,CIOMAS
695493,533212750465,"PJU ****** *** ********",-6.97903520000000,108.61178620000000,"KAB. KUNINGAN",LEBAKWANGI,PAGUNDAN
695494,533212750395,"PJU ****** *** ********",-6.97055850000000,108.65472930000000,"KAB. KUNINGAN",LEBAKWANGI,PAGUNDAN
695495,533212753878,"PJU ****** *** ********",-6.96771500000000,108.42074290000000,"KAB. KUNINGAN",DARMA,SAGARAHIANG
695496,533212753932,"PJU ****** *** ********",-6.96771500000000,108.42074290000000,"KAB. KUNINGAN",DARMA,SAGARAHIANG
695497,533212753860,"PJU ****** *** ********",-6.96926020000000,108.41994960000000,"KAB. KUNINGAN",DARMA,SAGARAHIANG
695498,533212753803,"PJU ****** *** ********",-6.96883210000000,108.41982210000000,"KAB. KUNINGAN",DARMA,SAGARAHIANG
695501,533212152497,"PJU ***** ** *******",-6.98389070000000,108.60914610000000,"KAB. KUNINGAN",CIAWIGEBANG,GERESIK
695502,533212152501,"PJU ***** ** *********",-6.96610290000000,108.58806050000000,"KAB. KUNINGAN",CIAWIGEBANG,PAMIJAHAN
695503,533212152519,"PJU ***** ** ********",-6.93040330000000,108.61085850000000,"KAB. KUNINGAN",CIDAHU,CIDAHU
695504,533212152535,"PJU ***** *************",-6.95956290000000,108.49897970000000,"KAB. KUNINGAN",MALEBER,CIKAHURIPAN
695506,533212152550,"PJU ***** ** ***** ****",-7.01041320000000,108.64180160000000,"KAB. KUNINGAN",LURAGUNG,DUKUHMAJA
695507,533212750552,"PJU ****** *** ********",-6.97154830000000,108.65566100000000,"KAB. KUNINGAN",LEBAKWANGI,PAGUNDAN
695508,533212750656,"PJU ****** *** ********",-6.96435400000000,108.59608600000000,"KAB. KUNINGAN",CIAWIGEBANG,CIOMAS
695509,533212750457,"PJU ****** *** ********",-6.97201000000000,108.65489160000000,"KAB. KUNINGAN",LEBAKWANGI,PAGUNDAN
695510,533212750623,"PJU ****** *** ********",-6.96621300000000,108.59325570000000,"KAB. KUNINGAN",CIAWIGEBANG,CIOMAS
695511,533212750664,"PJU ****** *** ********",-6.96406040000000,108.58824100000000,"KAB. KUNINGAN",CIAWIGEBANG,CIOMAS
695512,533212750736,"PJU ****** *** ********",-6.96253750000000,108.58442680000000,"KAB. KUNINGAN",CIAWIGEBANG,CIOMAS
695513,533212753790,"PJU ****** *** ********",-6.97012560000000,108.42032150000000,"KAB. KUNINGAN",DARMA,SAGARAHIANG
695514,533212753924,"PJU ****** *** ********",-6.96783470000000,108.41341580000000,"KAB. KUNINGAN",DARMA,SAGARAHIANG
695515,533212753894,"PJU ****** *** ********",-6.96771500000000,108.42074290000000,"KAB. KUNINGAN",DARMA,SAGARAHIANG
695516,533212753845,"PJU ****** *** ********",-6.97729410000000,108.42185560000000,"KAB. KUNINGAN",DARMA,SAGARAHIANG
695517,533212753811,"PJU ****** *** ********",-6.96892730000000,108.41986910000000,"KAB. KUNINGAN",DARMA,SAGARAHIANG
695518,533212753908,"PJU ****** *** ********",-6.96826140000000,108.41388040000000,"KAB. KUNINGAN",DARMA,SAGARAHIANG
695519,533212441520,"PJU ********** *",-7.00935170000000,108.44244490000000,"KAB. KUNINGAN",NUSAHERANG,NUSAHERANG
695520,533212441561,"PJU ********** *",-7.00782820000000,108.44124290000000,"KAB. KUNINGAN",NUSAHERANG,HAURKUNING
695521,533212541008,"PJU ********* ******* *",-7.07170180000000,108.53495500000000,"KAB. KUNINGAN",CINIRU,CIPEDES
695522,533212774223,"PJU *****",-6.99848560000000,108.40116350000000,"KAB. KUNINGAN",NUSAHERANG,KERTAYUGA
695523,533212774249,"PJU *****",-6.99848170000000,108.40116450000000,"KAB. KUNINGAN",NUSAHERANG,KERTAYUGA
695524,533212774231,"PJU *****",-6.99848680000000,108.40115780000000,"KAB. KUNINGAN",NUSAHERANG,KERTAYUGA
695525,533212493258,"PJU *** * *****",-7.01864760000000,108.39451060000000,"KAB. KUNINGAN",DARMA,CIPASUNG
695526,533212493266,"PJU ****** ** ***** *****",-7.00355260000000,108.45568340000000,"KAB. KUNINGAN",KADUGEDE,KADUGEDE
695527,533212493241,"PJU **** ***********",-6.96815666700000,108.41506500000000,"KAB. KUNINGAN",KADUGEDE,TINGGAR
695528,533212774256,"PJU *****",-7.02885840000000,108.43658410000000,"KAB. KUNINGAN",NUSAHERANG,KERTAYUGA
695529,533212774264,"PJU *****",-6.99848400000000,108.40116420000000,"KAB. KUNINGAN",NUSAHERANG,KERTAYUGA
695530,533212774215,"PJU *****",-6.99848410000000,108.40116420000000,"KAB. KUNINGAN",NUSAHERANG,KERTAYUGA
695531,533212750976,"PJU ****** *** ********",-6.96826800000000,108.56205300000000,"KAB. KUNINGAN",CIAWIGEBANG,CIOMAS
695532,533212750499,"PJU ****** *** ********",-7.03115700000000,108.60317700000000,"KAB. KUNINGAN",LEBAKWANGI,PAGUNDAN
695533,533212750481,"PJU ****** *** ********",-7.03146500000000,108.60287700000000,"KAB. KUNINGAN",LEBAKWANGI,PAGUNDAN
695534,533212750728,"PJU ****** *** ********",-6.96722330000000,108.56192240000000,"KAB. KUNINGAN",CIAWIGEBANG,CIOMAS
695535,533212750560,"PJU ****** *** ********",-7.02279000000000,108.60024700000000,"KAB. KUNINGAN",LEBAKWANGI,PAGUNDAN
695536,533212750968,"PJU ****** *** ********",-6.96722330000000,108.56192240000000,"KAB. KUNINGAN",CIAWIGEBANG,CIOMAS
695537,533212750830,"PJU ****** *** ********",-6.96434800000000,108.56415300000000,"KAB. KUNINGAN",CIAWIGEBANG,CIOMAS
695538,533212750897,"PJU ****** *** ********",-6.96545650000000,108.56830920000000,"KAB. KUNINGAN",CIAWIGEBANG,CIOMAS
695539,533212745642,"GAP*** ****** ********",-7.01645770000000,108.40179330000000,"KAB. KUNINGAN",DARMA,CIPASUNG
695540,533212756203,"PJU ****** *** ********",-7.03734300000000,108.62121300000000,"KAB. KUNINGAN",LURAGUNG,WILANAGARA
695541,533212756211,"PJU ****** *** ********",-7.03958000000000,108.62692500000000,"KAB. KUNINGAN",LURAGUNG,WILANAGARA
695542,533212756190,"PJU ****** *** ********",-7.03530700000000,108.62703700000000,"KAB. KUNINGAN",LURAGUNG,WILANAGARA
695543,533213011965,"PJU ******",-6.96263444000000,108.54298740000000,"KAB. KUNINGAN",CIPICUNG,MUNCANGELA
695544,533212922556,"PJU *** **** *** *******",-7.01275640000000,108.43372470000000,"KAB. KUNINGAN",NUSAHERANG,WINDUSARI
695546,533212933677,"PJU **** **********",-7.00979700000000,108.43753300000000,"KAB. KUNINGAN",NUSAHERANG,HAURKUNING
695547,533212939187,"PJU ****** ** ******** *",-6.96618800000000,108.57763500000000,"KAB. KUNINGAN",CIAWIGEBANG,CIAWILOR
695548,533212938965,"PJU ****** *********** *",-6.97340920000000,108.58313140000000,"KAB. KUNINGAN",CIAWIGEBANG,CIAWIGEBANG
695549,533212995996,"PJU ****** *** ****** *",-6.98886900000000,108.69757700000000,"KAB. KUNINGAN",CIMAHI,CIMAHI
695550,533212996006,"PJU ****** *** ****** *",-6.99221200000000,108.69382500000000,"KAB. KUNINGAN",CIMAHI,CIMAHI
695551,533212996055,"PJU ****** *** ****** *",-6.99185400000000,108.69256000000000,"KAB. KUNINGAN",CIMAHI,CIMAHI
695552,533212805835,"PJU ** ************* *",-6.97791732000000,108.47981419000000,"KAB. KUNINGAN",KUNINGAN,PURWAWINANGUN
695553,533212805884,"PJU ** **********",-7.05970000000000,108.43180000000000,"KAB. KUNINGAN",HANTARA,BUNIGEULIS
695554,533212805850,"PJU ** ****** **********",-7.05870000000000,108.43980000000000,"KAB. KUNINGAN",HANTARA,BUNIGEULIS
695555,533212421514,"PJU *****",-7.00440750000000,108.40265100000000,"KAB. KUNINGAN",DARMA,DARMA
695556,533212570704,"PJU ****** *** ********",-7.00303040000000,108.58657620000000,"KAB. KUNINGAN",LEBAKWANGI,SINDANG
695557,533212570911,"PJU ****** *** ********",-7.00223700000000,108.58133300000000,"KAB. KUNINGAN",LEBAKWANGI,SINDANG
695558,533212570712,"PJU ****** *** ********",-7.00061020000000,108.58447590000000,"KAB. KUNINGAN",LEBAKWANGI,SINDANG
695559,533212570674,"PJU ****** *** ********",-7.00275110000000,108.58448300000000,"KAB. KUNINGAN",LEBAKWANGI,SINDANG
695560,533212721757,"PJU ***** ******** ******",-7.01234000000000,108.64265000000000,"KAB. KUNINGAN",LURAGUNG,LURAGUNGTONGGOH
695561,533212487084,"PJU *** ********* *******",-7.05262370000000,108.76174960000000,"KAB. KUNINGAN",CIBINGBIN,CIBINGBIN
695562,533212805876,"PJU ** ************* *",-6.97100293000000,108.48795889000000,"KAB. KUNINGAN",KUNINGAN,PURWAWINANGUN
695563,533212802256,"PJU *** ***** ***** *****",-6.99406490000000,108.50801250000000,"KAB. KUNINGAN",KUNINGAN,KARANGTAWANG
695564,533212684888,"PJU ****** *** ********",-7.00603290000000,108.68105970000000,"KAB. KUNINGAN",CIMAHI,KANANGA
695565,533212684896,"PJU ****** *** ********",-6.98446730000000,108.68473610000000,"KAB. KUNINGAN",CIMAHI,KANANGA
695566,533212684870,"PJU ****** *** ********",-6.98255320000000,108.68312900000000,"KAB. KUNINGAN",CIMAHI,KANANGA
695567,533212656915,"PJU ****** *** ********",-6.96701880000000,108.56542530000000,"KAB. KUNINGAN",CIAWIGEBANG,CIAWIGEBANG
695568,533212691711,"PJU ****** *** ********",-6.98396510000000,108.41606900000000,"KAB. KUNINGAN",DARMA,KARANGSARI
695569,533212691673,"PJU ****** *** ********",-6.98523980000000,108.41480220000000,"KAB. KUNINGAN",DARMA,KARANGSARI
695570,533212691699,"PJU ****** *** ********",-6.98424030000000,108.41666290000000,"KAB. KUNINGAN",DARMA,KARANGSARI
695571,533212416827,"PJU ********* *",7.00000000000000,108.00000000000000,,,
695572,533212419824,"PJU ********",-7.00298170000000,108.45531150000000,"KAB. KUNINGAN",KADUGEDE,BABATAN
695573,533212404625,"KAM*** ********",-7.01689030000000,108.36653840000000,"KAB. MAJALENGKA",CIKIJING,CIKIJING
695576,533212173032,"PJU ***** ** ******* *",-6.95389600000000,108.49566630000000,"KAB. KUNINGAN",KUNINGAN,KASTURI
695577,533212178901,"PJU ***** ** ****** *",-6.98291780000000,108.54586290000000,"KAB. KUNINGAN",SINDANGAGUNG,BALONG
695578,533212178919,"PJU ***** ** ****** *",-6.98381630000000,108.54622490000000,"KAB. KUNINGAN",SINDANGAGUNG,BALONG
695579,533212750919,"PJU ****** *** ********",-6.96743200000000,108.56244300000000,"KAB. KUNINGAN",CIAWIGEBANG,CIOMAS
695580,533212750529,"PJU ****** *** ********",-7.03275700000000,108.60263300000000,"KAB. KUNINGAN",LEBAKWANGI,PAGUNDAN
695581,533212750769,"PJU ****** *** ********",-6.96737800000000,108.55988800000000,"KAB. KUNINGAN",CIAWIGEBANG,CIOMAS
695582,533212750710,"PJU ****** *** ********",-6.96738000000000,108.55989000000000,"KAB. KUNINGAN",CIAWIGEBANG,CIOMAS
695583,533212750901,"PJU ****** *** ********",-6.96434800000000,108.56415300000000,"KAB. KUNINGAN",CIAWIGEBANG,CIOMAS
695584,533212441441,"PJU ********* *",-7.03115260000000,108.43711900000000,"KAB. KUNINGAN",CIGUGUR,CIPARI
695585,533212441490,"PJU ****** *",-7.00263190000000,108.43186410000000,"KAB. KUNINGAN",NUSAHERANG,CIKADU
695589,533212161460,"PJU ***** ** ***********",-6.97610800000000,108.60216180000000,"KAB. KUNINGAN",KALIMANGGIS,KALIMANGGISKULON
695591,533212178927,"PJU ***** ** ****** *",-6.98230260000000,108.54648770000000,"KAB. KUNINGAN",SINDANGAGUNG,BALONG
695592,533212178935,"PJU ***** ** ****** *",-6.98203050000000,108.54589230000000,"KAB. KUNINGAN",SINDANGAGUNG,BALONG
695593,533212542266,"PJU *** ******** *****",-7.01819490000000,108.58049140000000,"KAB. KUNINGAN",LEBAKWANGI,LANGSEB
695594,533212541966,"PJU ********* *",-6.96146060000000,108.55613860000000,"KAB. KUNINGAN",CIPICUNG,KAROYA
695595,533212826989,"PJU ***** ****** **** *",-6.95894160000000,108.50422550000000,"KAB. KUNINGAN",KUNINGAN,KEDUNGARUM
695596,533212827129,"PJU ***** ****** **** *",-6.95888830000000,108.50211830000000,"KAB. KUNINGAN",KUNINGAN,KEDUNGARUM
695597,533212826948,"PJU ***** ****** **** **",-6.95853500000000,108.50375830000000,"KAB. KUNINGAN",KUNINGAN,KEDUNGARUM
695598,533212803000,"PJU ****** ***** ********",-6.91797800000000,108.57455500000000,"KAB. KUNINGAN",CIPICUNG,SUGANANGAN
695599,533212416843,"PJU ********* *",7.00000000000000,108.00000000000000,,,
695600,533212614326,"LAM** ******* *****",-6.97040660000000,108.46213650000000,"KAB. KUNINGAN",KUNINGAN,PURWAWINANGUN
695601,533212803091,"PJU ** ***** *********",-6.93221860000000,108.53833920000000,"KAB. KUNINGAN",CIPICUNG,PAMULIHAN
695602,533212803018,"PJU *** ***** **********",-6.91713800000000,108.57691800000000,"KAB. KUNINGAN",CIPICUNG,SUGANANGAN
695603,533212803083,"PJU ** ***** *********",-6.93186850000000,108.53936880000000,"KAB. KUNINGAN",CIPICUNG,PAMULIHAN
695604,533212802941,"PJU **** **** **********",-6.92535091000000,108.55577800000000,"KAB. KUNINGAN",CIPICUNG,SUGANANGAN
695605,533212803042,"PJU ** ***** ** *******",-6.95909450000000,108.55481360000000,"KAB. KUNINGAN",CIPICUNG,SUSUKAN
695606,533212801802,"PJU ** ********* ******",-6.98088000000000,108.61578700000000,"KAB. KUNINGAN",CIDAHU,CIHIDEUNGGIRANG
695607,533212803113,"PJU ***** *** ** ******",-6.95903300000000,108.54668000000000,"KAB. KUNINGAN",CIPICUNG,SUSUKAN
695609,533212614055,"LAM** ******* *****",-6.97621640000000,108.48326030000000,"KAB. KUNINGAN",KUNINGAN,PURWAWINANGUN
695610,533212937212,"PJU ****** ******* *",-6.96990000000000,108.66070000000000,"KAB. KUNINGAN",CIDAHU,CIEURIH
695611,533212923637,"PJU *** **** ** *******",-7.01863420000000,108.39887000000000,"KAB. KUNINGAN",DARMA,PANINGGARAN
695612,533212925608,"PJU *** **** *******",-6.93520000000000,108.62430000000000,"KAB. KUNINGAN",CIAWIGEBANG,CIKUBANGMULYA
695613,533212924449,"PJU *** **** *** *******",-6.95993900000000,108.64954900000000,"KAB. KUNINGAN",CIDAHU,CIBULAN
695614,533212937261,"PJU ****** ******* *",-6.97100000000000,108.66020000000000,"KAB. KUNINGAN",CIDAHU,CIEURIH
695615,533711255316,"PJU *** **** *****",-6.87763000000000,108.49639170000000,"KAB. KUNINGAN",CIGANDAMEKAR,TIMBANG
695616,533212948334,"PJU ********* ******",-6.95849830000000,108.49287670000000,"KAB. KUNINGAN",KUNINGAN,CIPORANG
695617,533212996030,"PJU ****** *** ****** *",-6.99205100000000,108.69312900000000,"KAB. KUNINGAN",CIMAHI,CIMAHI
695618,533212924606,"PJU *** **** *** *******",-7.05803700000000,108.68172500000000,"KAB. KUNINGAN",KARANGKANCANA,SUKASARI
695619,533212924768,"PJU *** **** ** *******",-7.09633500000000,108.65589000000000,"KAB. KUNINGAN",KARANGKANCANA,KADUAGUNG
695620,533212940447,"PJU ****** ** *********",-6.96560000000000,108.59600000000000,"KAB. KUNINGAN",CIAWIGEBANG,PAMIJAHAN
695621,533212940392,"PJU ****** *********",-6.96390000000000,108.59500000000000,"KAB. KUNINGAN",CIAWIGEBANG,PAMIJAHAN
695622,533212922523,"PJU *** **** *** *******",-6.99830170000000,108.41789670000000,"KAB. KUNINGAN",NUSAHERANG,CIASIH
695625,533212999634,"PJU ******** **********",-7.07651093585350,108.42560318187000,"KAB. KUNINGAN",LEBAKWANGI,PASAYANGAN
695626,533212961812,"PJU ****** ********* *",-6.98065833333330,108.63792660900000,"KAB. KUNINGAN",CIDAHU,CIHIDEUNGHILIR
695627,533212937047,"PJU ****** ************ *",-7.01938400000000,108.56395500000000,"KAB. KUNINGAN",MALEBER,KUTARAJA
695628,533212937246,"PJU ****** ******* *",-6.96900000000000,108.66060000000000,"KAB. KUNINGAN",CIDAHU,CIEURIH
695629,533212937062,"PJU ****** *********** *",-6.98201460000000,108.38956650000000,"KAB. KUNINGAN",DARMA,GUNUNGSIRAH
695630,533212937096,"PJU ****** *********** *",-6.97868000000000,108.39014000000000,"KAB. KUNINGAN",DARMA,GUNUNGSIRAH
695631,533212922444,"PJU *** **** *******",-7.01058470000000,108.42734520000000,"KAB. KUNINGAN",NUSAHERANG,KERTAWIRAMA
695632,533212996014,"PJU ****** *** ****** *",-6.99074200000000,108.69362800000000,"KAB. KUNINGAN",CIMAHI,CIMAHI
695633,533212759553,"PJU *****",-6.95134000000000,108.49295000000000,"KAB. KUNINGAN",KUNINGAN,KASTURI
695634,533212635205,"PJU ****** *** ********",-7.00378320000000,108.39881590000000,"KAB. KUNINGAN",DARMA,PARUNG
695635,533212942808,"PJU ****** ******** *",-7.02195575340000,108.38404500000000,"KAB. KUNINGAN",KUNINGAN,KUNINGAN
695636,533212831356,"PJU ** ******* *",-6.99772000000000,108.65773800000000,"KAB. KUNINGAN",LURAGUNG,GUNUNGKARUNG
695637,533212831293,"PJU ******** *",-6.99522800000000,108.64562700000000,"KAB. KUNINGAN",LURAGUNG,GUNUNGKARUNG
695638,533212831285,"PJU ** ******** *",-6.99059000000000,108.64103000000000,"KAB. KUNINGAN",LURAGUNG,GUNUNGKARUNG
695639,533212837733,"PJU **** *********",-6.93759700000000,108.54057300000000,"KAB. KUNINGAN",CIPICUNG,MEKARSARI
695640,533212831251,"PJU ****** *",-6.99689700000000,108.65930000000000,"KAB. KUNINGAN",LURAGUNG,GUNUNGKARUNG
695641,533212831277,"PJU ** ********",-6.99772200000000,108.64310300000000,"KAB. KUNINGAN",LURAGUNG,GUNUNGKARUNG
695642,533212837725,"PJU **** *********",-6.93777500000000,108.54007300000000,"KAB. KUNINGAN",CIPICUNG,MEKARSARI
695643,533212831331,"PJU ** ******* *",-6.99729300000000,108.66095300000000,"KAB. KUNINGAN",LURAGUNG,GUNUNGKARUNG
695644,533212496932,"PJU **** *********",-7.06231166700000,108.39453000000000,"KAB. KUNINGAN",DARMA,TUGUMULYA
695645,533212496916,"PJU ** ***********",-7.00004500000000,108.41080000000000,"KAB. KUNINGAN",DARMA,BAKOM
695646,533212496940,"PJU **** *****",-6.99826166700000,108.41139333300000,"KAB. KUNINGAN",DARMA,BAKOM
695647,533212680847,"PJU ****** *** ********",-7.09425320000000,108.63919180000000,"KAB. KUNINGAN",CIWARU,LINGGAJAYA
695648,533212639403,"PJU ****** ******** *",-7.08980420000000,108.70592870000000,"KAB. KUNINGAN",CIBEUREUM,CIMARA
695649,533212666801,"PJU ****** **** ********",-6.96088100000000,108.57943100000000,"KAB. KUNINGAN",CIAWIGEBANG,CIAWILOR
695650,533212668105,"PJU **** ********",-7.01153640000000,108.61425290000000,"KAB. KUNINGAN",LURAGUNG,CIRAHAYU
695651,533212668225,"PJU **** ********",-7.01153640000000,108.61425290000000,"KAB. KUNINGAN",LURAGUNG,CIRAHAYU
695652,533212668091,"PJU **** ********",-7.01255440000000,108.61255260000000,"KAB. KUNINGAN",LURAGUNG,CIRAHAYU
695653,533212668154,"PJU **** ********",-7.01153640000000,108.61425290000000,"KAB. KUNINGAN",LURAGUNG,CIRAHAYU
695654,533212668121,"PJU **** ********",-7.01129310000000,108.61378360000000,"KAB. KUNINGAN",LURAGUNG,CIRAHAYU
695655,533212496886,"PJU **** **********",-7.01337030000000,108.43358820000000,"KAB. KUNINGAN",NUSAHERANG,HAURKUNING
695656,533212496646,"PJU ** ****** *",-6.96367833300000,108.46567170000000,"KAB. KUNINGAN",CIGUGUR,CIPARI
695657,533212496733,"PJU ** ******* *",-6.96709666700000,108.46066166700000,"KAB. KUNINGAN",CIGUGUR,CIGUGUR
695658,533212496790,"PJU ** ******* *",-6.96461500000000,108.45380333300000,"KAB. KUNINGAN",CIGUGUR,CIGUGUR
695659,533212496679,"PJU ** ****** *",-6.96251333300000,108.46922830000000,"KAB. KUNINGAN",CIGUGUR,CIPARI
695660,533212542424,"PJU ***** * ************",-7.08716080000000,108.58024710000000,"KAB. KUNINGAN",MALEBER,GIRIWARINGIN
695661,533212545263,"PJU ******** ****",-7.00945230000000,108.64052410000000,"KAB. KUNINGAN",LURAGUNG,DUKUHMAJA
695662,533212926086,"PJU *** **** *** *******",-6.96215563000000,108.56098570000000,"KAB. KUNINGAN",CIPICUNG,SUSUKAN
695663,533212937183,"PJU ****** ************ *",-7.00322300000000,108.58265800000000,"KAB. KUNINGAN",LEBAKWANGI,SINDANG
695664,533212942840,"PJU ****** ******** *",-6.98206930000000,108.47833130000000,"KAB. KUNINGAN",KUNINGAN,KUNINGAN
695665,533212541057,"PJU ******* ***********",-6.98154100000000,108.48821090000000,"KAB. KUNINGAN",KUNINGAN,AWIRARANGAN
695666,533212925546,"PJU *** **** *******",-6.93000000000000,108.62590000000000,"KAB. KUNINGAN",CIAWIGEBANG,CIHIRUP
695667,533212923694,"PJU *** **** ** *******",-7.03612120000000,108.41229950000000,"KAB. KUNINGAN",DARMA,SAKERTATIMUR
695668,533212922381,"PJU *** **** *******",-7.01925085000000,108.44595100000000,"KAB. KUNINGAN",NUSAHERANG,WINDUSARI
695669,533212934008,"PJU *** **** ** *******",-6.98103500000000,108.50443670000000,"KAB. KUNINGAN",KUNINGAN,WINDUSENGKAHAN
695670,533212925553,"PJU *** **** *******",-6.98006020000000,108.59235770000000,"KAB. KUNINGAN",CIAWIGEBANG,PADARAMA
695671,533212942795,"PJU ****** ******** *",-6.98171670000000,108.47830000000000,"KAB. KUNINGAN",KUNINGAN,KUNINGAN
695672,533212937134,"PJU ****** ************ *",-7.05073200000000,108.56073800000000,"KAB. KUNINGAN",MALEBER,PADAMULYA
695673,533212926052,"PJU *** **** *** *******",-6.98005900000000,108.59235700000000,"KAB. KUNINGAN",CIPICUNG,SALAREUMA
695674,533212923810,"PJU *** **** ** *******",-7.01863420000000,108.39887000000000,"KAB. KUNINGAN",DARMA,PANINGGARAN
695675,533212937279,"PJU ****** ******* *",-6.96880000000000,108.66020000000000,"KAB. KUNINGAN",CIDAHU,CIEURIH
695676,533212923412,"PJU *** **** *** ******",-7.04091917200000,108.44563290000000,"KAB. KUNINGAN",KADUGEDE,MARGABAKTI
695678,533212923334,"PJU *** **** ** ******",-7.02350000000000,108.45380000000000,"KAB. KUNINGAN",KADUGEDE,SINDANGJAWA
695679,533212937100,"PJU ****** *********** *",-6.98030470000000,108.39187840000000,"KAB. KUNINGAN",DARMA,GUNUNGSIRAH
695680,533212953086,"TRA**** ***** **** ******",-6.96338800000000,108.51418300000000,"KAB. KUNINGAN",KUNINGAN,KEDUNGARUM
695681,533212152568,"PJU ***** ** ****** *****",-6.99598370000000,108.64150000000000,"KAB. KUNINGAN",LURAGUNG,GUNUNGKARUNG
695682,533212152576,"PJU ***** ** *********",-6.99477420000000,108.63185060000000,"KAB. KUNINGAN",LURAGUNG,CIKANDANG
695683,533212152584,"PJU ***** ** ********",-7.02890170000000,108.63630410000000,"KAB. KUNINGAN",LURAGUNG,CIGEDANG
695684,533212152592,"PJU ***** ** *** *******",-7.01870170000000,108.64261340000000,"KAB. KUNINGAN",LURAGUNG,LURAGUNGLANDEUH
695685,533212152605,"PJU ***** ** *** *******",-7.01880200000000,108.64191490000000,"KAB. KUNINGAN",LEBAKWANGI,LEBAKWANGI
695686,533212152613,"PJU ***** ** ******* ****",-7.03841780000000,108.60806200000000,"KAB. KUNINGAN",LURAGUNG,WALAHARCAGEUR
695687,533212152621,"PJU ***** ** ****",-7.03965210000000,108.63919590000000,"KAB. KUNINGAN",CIWARU,BAOK
695688,533212152639,"PJU ***** ** *******",-7.03535920000000,108.65150270000000,"KAB. KUNINGAN",CIWARU,ANDAMUI
695691,533210675788,"PJU *****                ",-6.97280380000000,108.53245000000000,"KAB. KUNINGAN",SINDANGAGUNG,TIRTAWANGUNAN
695696,533210680615,"PJU *****                ",-7.01261670000000,108.35762480000000,"KAB. MAJALENGKA",CIKIJING,KASTURI
695697,533210680623,"PJU *****                ",-7.01531666666660,108.36326666667000,"KAB. MAJALENGKA",CIKIJING,SUKAMUKTI
695700,533212639366,"PJU ****** ******** *",-7.08796500000000,108.70725700000000,"KAB. KUNINGAN",CIBEUREUM,CIMARA
695701,533212639341,"PJU ****** ******** **",-7.05178240000000,108.70823330000000,"KAB. KUNINGAN",CIBEUREUM,CIMARA
695702,533212639382,"PJU ****** ******** *",-7.08505820000000,108.71389680000000,"KAB. KUNINGAN",CIBEUREUM,CIMARA
695705,533210680855,"PJU *****                ",-7.01265000000000,108.35745000000000,"KAB. MAJALENGKA",CIKIJING,KASTURI
695707,533210680871,"PJU *****                ",-7.01416590000000,108.36266670000000,"KAB. MAJALENGKA",CIKIJING,SUKAMUKTI
695708,533210680889,"PJU *****                ",-7.00905150000000,108.35404700000000,"KAB. MAJALENGKA",CIKIJING,BAGJASARI
695709,533210680897,"PJU *****                ",-7.00449610000000,108.33745080000000,"KAB. MAJALENGKA",CIKIJING,SINDANG
695710,533210680901,"PJU *****                ",-7.00440870000000,108.33804140000000,"KAB. MAJALENGKA",CIKIJING,SINDANG
695712,533212635359,"PJU ****** *** ********",-7.00368440000000,108.39903730000000,"KAB. KUNINGAN",DARMA,PARUNG
695713,533212635326,"PJU ****** *** ********",-7.00378320000000,108.39881590000000,"KAB. KUNINGAN",DARMA,PARUNG
695714,533212635375,"PJU ****** *** ********",-7.00609520000000,108.39815070000000,"KAB. KUNINGAN",DARMA,PARUNG
695715,533212635404,"PJU ****** *** ********",-7.00368440000000,108.39903730000000,"KAB. KUNINGAN",DARMA,PARUNG
695716,533212635247,"PJU ****** *** ********",-7.02045530000000,108.39209520000000,"KAB. KUNINGAN",DARMA,PARUNG
695717,533212635334,"PJU ****** *** ********",-7.00371410000000,108.39886780000000,"KAB. KUNINGAN",DARMA,PARUNG
695718,533212602712,"PJU *****",-6.97089440000000,108.51421620000000,"KAB. KUNINGAN",KUNINGAN,ANCARAN
695719,533212668217,"PJU **** ********",-7.01326670000000,108.61425770000000,"KAB. KUNINGAN",LURAGUNG,CIRAHAYU
695720,533212668147,"PJU **** ********",-7.01153640000000,108.61425290000000,"KAB. KUNINGAN",LURAGUNG,CIRAHAYU
695721,533212668274,"PJU **** ********",-7.01212780000000,108.61395990000000,"KAB. KUNINGAN",LURAGUNG,CIRAHAYU
695722,533212668188,"PJU **** ********",-7.01153640000000,108.61425290000000,"KAB. KUNINGAN",LURAGUNG,CIRAHAYU
695723,533212668170,"PJU **** ********",-7.01153640000000,108.61425290000000,"KAB. KUNINGAN",LURAGUNG,CIRAHAYU
695724,533212668209,"PJU **** ********",-7.01153640000000,108.61425290000000,"KAB. KUNINGAN",LURAGUNG,CIRAHAYU
695725,533212668113,"PJU **** ********",-7.01255440000000,108.61255260000000,"KAB. KUNINGAN",LURAGUNG,CIRAHAYU
695726,533212668196,"PJU **** ********",-7.01153640000000,108.61425290000000,"KAB. KUNINGAN",LURAGUNG,CIRAHAYU
695727,533212496766,"PJU ** ******* *****",-6.99628166700000,108.44772166700000,"KAB. KUNINGAN",KADUGEDE,BAYUNING
695728,533212496653,"PJU ** ***** ******",-6.96968920000000,108.47195100000000,"KAB. KUNINGAN",CIGUGUR,WINDUHERANG
695729,533212496725,"PJU ** ******* *",-6.96979000000000,108.45956500000000,"KAB. KUNINGAN",CIGUGUR,CIGUGUR
695730,533212496758,"PJU ** ******* *",-6.97120333300000,108.46298666700000,"KAB. KUNINGAN",CIGUGUR,CIGUGUR
695731,533212496687,"PJU ** ******* *****",-7.03560040000000,108.41348950000000,"KAB. KUNINGAN",DARMA,SAKERTATIMUR
695732,533212496695,"PJU ** ****** *",-6.96235166700000,108.46891000000000,"KAB. KUNINGAN",CIGUGUR,CIPARI
695733,533212496741,"PJU ** ******* *",-6.96458833300000,108.45379833300000,"KAB. KUNINGAN",CIGUGUR,CIGUGUR
695734,533212496661,"PJU ** ********",-6.98577333300000,108.45351330000000,"KAB. KUNINGAN",CIGUGUR,CIGADUNG
695735,533212496709,"PJU ** ******* *",-6.96766000000000,108.45504000000000,"KAB. KUNINGAN",CIGUGUR,CIGUGUR
695736,533212831401,"PJU ** ******** *",-6.96664500000000,108.55217000000000,"KAB. KUNINGAN",LURAGUNG,GUNUNGKARUNG
695737,533212668139,"PJU **** ********",-7.01155720000000,108.61385360000000,"KAB. KUNINGAN",LURAGUNG,CIRAHAYU
695738,533212668162,"PJU **** ********",-7.01153640000000,108.61425290000000,"KAB. KUNINGAN",LURAGUNG,CIRAHAYU
695739,533212668282,"PJU **** ********",-7.01326670000000,108.61425770000000,"KAB. KUNINGAN",LURAGUNG,CIRAHAYU
695740,533212666780,"PJU ****** **** ********",-6.96737900000000,108.58639800000000,"KAB. KUNINGAN",CIAWIGEBANG,CIAWILOR
695741,533212502402,"PJU ***** **** * *******",-6.96506240000000,108.45486770000000,"KAB. KUNINGAN",CIGUGUR,CIGUGUR
695742,533212496782,"PJU ** ********",-6.96103333300000,108.45053670000000,"KAB. KUNINGAN",CIGUGUR,CISANTANA
695743,533212767022,"PJU **** ******",-7.00831666000000,108.39921000000000,"KAB. KUNINGAN",DARMA,CIKUPA
695744,533212536560,"PJU ************",-6.93908140000000,108.46985150000000,"KAB. KUNINGAN",CIGUGUR,GUNUNGKELING
695745,533212542499,"PJU **** *****",-6.96223330000000,108.67835700000000,"KAB. KUNINGAN",CIDAHU,LEGOK
695746,533212760216,"PJU *****",-6.96427990000000,108.54246080000000,"KAB. KUNINGAN",CIPICUNG,MUNCANGELA
695747,533212760104,"PJU *****",-6.96619666000000,108.54979160000000,"KAB. KUNINGAN",CIPICUNG,KAROYA
695748,533212760240,"PJU *****",-7.01735300000000,108.58127500000000,"KAB. KUNINGAN",LEBAKWANGI,LANGSEB
695750,533212101155,"PJU ***** *",-6.97986050000000,108.42493010000000,"KAB. KUNINGAN",KADUGEDE,CIHERANG
695751,533212101163,"PJU ***** *",-6.97979880000000,108.42436660000000,"KAB. KUNINGAN",KADUGEDE,CIHERANG
695752,533212101171,"PJU ***** *",-6.97872810000000,108.42219330000000,"KAB. KUNINGAN",KADUGEDE,CIHERANG
695754,533212759425,"PJU *****",-7.02270840000000,108.48816210000000,"KAB. KUNINGAN",CINIRU,MUNGKALDATAR
695755,533212760224,"PJU *****",-6.93512000000000,108.60795200000000,"KAB. KUNINGAN",CIAWIGEBANG,SUKADANA
695756,533212759347,"PJU *****",-6.96069190000000,108.51065190000000,"KAB. KUNINGAN",KUNINGAN,PADAREK
695757,533212759388,"PJU *****",-6.97088000000000,108.52340000000000,"KAB. KUNINGAN",SINDANGAGUNG,KERTAWANGUNAN
695758,533212759370,"PJU *****",-6.97597680000000,108.53429450000000,"KAB. KUNINGAN",SINDANGAGUNG,BABAKANREUMA
695759,533212541016,"PJU *** *** *********",-6.95265400000000,108.47992380000000,"KAB. KUNINGAN",KUNINGAN,CIRENDANG
695760,533212831419,"PJU ** ****** ***** *",-7.00981350000000,108.76624510000000,"KAB. KUNINGAN",LURAGUNG,GUNUNGKARUNG
695761,533212831269,"PJU ****** *",-6.99336000000000,108.62788000000000,"KAB. KUNINGAN",LURAGUNG,GUNUNGKARUNG
695762,533212759354,"PJU *****",-7.05749160000000,108.47717660000000,"KAB. KUNINGAN",HANTARA,PAKAPASANHILIR
695763,533212757957,"PJU *********",-7.00371000000000,108.50540000000000,"KAB. KUNINGAN",KUNINGAN,CITANGTU
695764,533212760025,"PJU *****",-7.01660000000000,108.60090000000000,"KAB. KUNINGAN",LEBAKWANGI,LEBAKWANGI
695765,533212496924,"PJU ** **** ****",-6.99191500000000,108.39410830000000,"KAB. KUNINGAN",DARMA,SITUSARI
695766,533212496981,"PJU **** ****** ****",-6.98396510000000,108.41606900000000,"KAB. KUNINGAN",DARMA,KARANGSARI
695767,533212496957,"PJU **** ***********",-6.97012560000000,108.42032150000000,"KAB. KUNINGAN",DARMA,SAGARAHIANG
695768,533212496973,"PJU **** ******",-7.01209180000000,108.41806570000000,"KAB. KUNINGAN",DARMA,JAGARA
695769,533212496965,"PJU ** *********** *",-6.96771500000000,108.42074290000000,"KAB. KUNINGAN",DARMA,SAGARAHIANG
695770,533213005462,"PJU ******** ********",-7.01929200000000,108.64886700000000,"KAB. KUNINGAN",LURAGUNG,LURAGUNGLANDEUH
695771,533212939179,"PJU ****** ** *******",-6.97529479000000,108.58940259000000,"KAB. KUNINGAN",CIAWIGEBANG,GERESIK
695772,533212964707,"PJU ****** *********** *",-6.97799000000000,108.61106820000000,"KAB. KUNINGAN",KALIMANGGIS,KALIMANGGISWETAN
695773,533212923192,"PJU *** **** ******",-6.99676540000000,108.45750800000000,"KAB. KUNINGAN",KADUGEDE,CIPONDOK
695774,533212924273,"PJU *** **** *******",-6.98240000000000,108.65630000000000,"KAB. KUNINGAN",CIDAHU,KERTAWINANGUN
695775,533212937238,"PJU ****** ******* *",-6.96920000000000,108.66110000000000,"KAB. KUNINGAN",CIDAHU,CIEURIH
695776,533212942131,"PJU ******* ***** *** *",-6.98144360000000,108.47787810000000,"KAB. KUNINGAN",KUNINGAN,KUNINGAN
695778,533212120877,"PJU *****",-6.99410610000000,108.35753960000000,"KAB. MAJALENGKA",CIKIJING,SUNALARI
695779,533212120885,"PJU *****",-6.98336666700000,108.38225000000000,"KAB. MAJALENGKA",CIKIJING,CIPULUS
695780,533212120893,"PJU *****",-6.97658333333330,108.37333333333000,"KAB. MAJALENGKA",CIKIJING,KANCANA
695787,533212770008,"PJU ****** *** ********",-6.97578370000000,108.53129020000000,"KAB. KUNINGAN",LEBAKWANGI,PAGUNDAN
695788,533212769976,"PJU ****** *** ********",-6.97578370000000,108.53129020000000,"KAB. KUNINGAN",LEBAKWANGI,PAGUNDAN
695789,533212542320,"PJU *********",-6.92962530000000,108.55503590000000,"KAB. KUNINGAN",CIPICUNG,CIPICUNG
695790,533212497656,"PJU ******** ****** *****",-6.98429580000000,108.48622740000000,"KAB. KUNINGAN",KUNINGAN,KUNINGAN
695791,533212656851,"PJU ****** *** ********",-6.96649500000000,108.56446666700000,"KAB. KUNINGAN",CIAWIGEBANG,CIAWIGEBANG
695792,533212762748,"PJU ****** *** ********",-7.08966070000000,108.59770990000000,"KAB. KUNINGAN",CIWARU,LEBAKHERANG
695793,533212762755,"PJU ****** *** ********",-7.09030250000000,108.59996310000000,"KAB. KUNINGAN",CIWARU,LEBAKHERANG
695794,533212762763,"PJU ****** *** ********",-7.03040300000000,108.63216500000000,"KAB. KUNINGAN",LURAGUNG,CIGEDANG
695795,533212759441,"PJU *****",-6.98556000000000,108.49854000000000,"KAB. KUNINGAN",KUNINGAN,WINDUHAJI
695796,533212759458,"PJU *****",-6.95843660000000,108.48768720000000,"KAB. KUNINGAN",KUNINGAN,CIRENDANG
695797,533212759969,"PJU *****",-6.94840800000000,108.62578300000000,"KAB. KUNINGAN",KALIMANGGIS,KERTAWANA
695798,533212759474,"PJU *****",-7.01761870000000,108.51086180000000,"KAB. KUNINGAN",GARAWANGI,KADATUAN
695799,533212759313,"PJU *****",-6.97091266670000,108.49356166600000,"KAB. KUNINGAN",KUNINGAN,CIJOHO
695800,533212760033,"PJU *****",-6.95708300000000,108.56971200000000,"KAB. KUNINGAN",CIAWIGEBANG,CIHAUR
695801,533212760232,"PJU *****",-6.99930110000000,108.56546760000000,"KAB. KUNINGAN",LEBAKWANGI,PAJAWANKIDUL
695802,533212759339,"PJU *****",-6.96710333000000,108.45603928000000,"KAB. KUNINGAN",CIGUGUR,CIGUGUR
695803,533212700948,"PJU ****** ***",-6.99079840000000,108.45301300000000,"KAB. KUNINGAN",NUSAHERANG,WINDUSARI
695804,533212702481,"PJU ****** *** ********",-6.98578570000000,108.62065060000000,"KAB. KUNINGAN",LURAGUNG,PANYOSOGAN
695805,533212702473,"PJU ****** *** ********",-6.98579080000000,108.62064920000000,"KAB. KUNINGAN",LURAGUNG,PANYOSOGAN
695806,533212700599,"PJU ****** *** ********",-6.95748490000000,108.48882430000000,"KAB. KUNINGAN",CINIRU,RAMBATAN
695807,533212384509,"PJU ******* ******",-6.99434860000000,108.56696610000000,"KAB. KUNINGAN",LEBAKWANGI,MANGGARI
695808,533212676755,"PJU ****** *** ********",-7.07044080000000,108.67625290000000,"KAB. KUNINGAN",KARANGKANCANA,TANJUNGKERTA
695809,533212676748,"PJU ****** *** ********",-7.06194310000000,108.69086420000000,"KAB. KUNINGAN",KARANGKANCANA,TANJUNGKERTA
695810,533212676730,"PJU ****** *** ********",-7.06729190000000,108.67787290000000,"KAB. KUNINGAN",KARANGKANCANA,TANJUNGKERTA
695813,533212061679,"PJU *****",-7.00573330000000,108.56161820000000,"KAB. KUNINGAN",MALEBER,MANDALAJAYA
695814,533212048516,"PJU ***** ******** ******",-6.96334990000000,108.45851480000000,"KAB. KUNINGAN",CIGUGUR,CIGUGUR
695818,533212056216,"PJU ***** **** * ******",-6.98198070000000,108.64295470000000,"KAB. KUNINGAN",CIDAHU,CIDAHU
695819,533212056224,"PJU ***** **** *******",-6.97580950000000,108.48915780000000,"KAB. KUNINGAN",KUNINGAN,PURWAWINANGUN
695820,533212701853,"PJU ****** *** ********",-6.96564980000000,108.57718820000000,"KAB. KUNINGAN",CIAWIGEBANG,CIOMAS
695821,533212702353,"PJU ****** *** ********",-6.98456800000000,108.61527060000000,"KAB. KUNINGAN",LURAGUNG,PANYOSOGAN
695822,533212680926,"PJU ****** *** ********",-7.09961820000000,108.65774000000000,"KAB. KUNINGAN",CIWARU,LINGGAJAYA
695823,533212680862,"PJU ****** *** ********",-7.09425320000000,108.63919180000000,"KAB. KUNINGAN",CIWARU,LINGGAJAYA
695824,533212680854,"PJU ****** *** ********",-7.09425320000000,108.63919180000000,"KAB. KUNINGAN",CIWARU,LINGGAJAYA
695825,533212680942,"PJU ****** *** ********",-7.09272600000000,108.64013110000000,"KAB. KUNINGAN",CIWARU,LINGGAJAYA
695826,533212680900,"PJU ****** *** ********",-7.08500350000000,108.63896910000000,"KAB. KUNINGAN",CIWARU,LINGGAJAYA
695827,533212680896,"PJU ****** *** ********",-7.09232730000000,108.66581920000000,"KAB. KUNINGAN",CIWARU,LINGGAJAYA
695828,533212705392,"PJU **** ******",-6.96591090000000,108.54769980000000,"KAB. KUNINGAN",CIPICUNG,KAROYA
695829,533212831165,"PJU ******** ******* *",-7.01906700000000,108.63660800000000,"KAB. KUNINGAN",LURAGUNG,GUNUNGKARUNG
695830,533212831173,"PJU ******** ******* *",-7.02171500000000,108.63521700000000,"KAB. KUNINGAN",LURAGUNG,GUNUNGKARUNG
695831,533212831181,"PJU ******** ******* *",-7.01760800000000,108.64456700000000,"KAB. KUNINGAN",LURAGUNG,GUNUNGKARUNG
695832,533212831210,"PJU ***** ****** *",-7.04592000000000,108.62528000000000,"KAB. KUNINGAN",LURAGUNG,GUNUNGKARUNG
695833,533212831228,"PJU ***** ****** *",-7.04351700000000,108.62807500000000,"KAB. KUNINGAN",LURAGUNG,GUNUNGKARUNG
695834,533212831427,"PJU ** *********** *",-7.18333000000000,108.66576800000000,"KAB. KUNINGAN",LURAGUNG,GUNUNGKARUNG
695835,533212831307,"PJU ** ********** *",-6.96899500000000,108.57769500000000,"KAB. KUNINGAN",LURAGUNG,GUNUNGKARUNG
695836,533212831435,"PJU ** *********** *",-7.02064911111000,108.66754611111000,"KAB. KUNINGAN",LURAGUNG,GUNUNGKARUNG
695837,533212759490,"PJU *****",-6.97022280000000,108.49476760000000,"KAB. KUNINGAN",KUNINGAN,CIJOHO
695838,533212760058,"PJU *****",-6.95162700000000,108.58737700000000,"KAB. KUNINGAN",CIAWIGEBANG,MEKARJAYA
695839,533212701099,"PJU ****** *** ********",-6.97390900000000,108.61134390000000,"KAB. KUNINGAN",KALIMANGGIS,CIPANCUR
695840,533212702209,"PJU ****** *** ********",-6.99624860000000,108.65950330000000,"KAB. KUNINGAN",LURAGUNG,BENDA
695841,533212344042,"PJU ******** *********",-7.05692120000000,108.75526220000000,"KAB. KUNINGAN",CIBINGBIN,CIBINGBIN
695842,533212700478,"PJU ****** *** ********",-6.96293530000000,108.68865940000000,"KAB. KUNINGAN",CINIRU,RAMBATAN
695843,533212701103,"PJU ****** *** ********",-6.97390900000000,108.61134390000000,"KAB. KUNINGAN",KALIMANGGIS,CIPANCUR
695844,533212710095,"PJU ****** *** ********",-7.01950090000000,108.62362980000000,"KAB. KUNINGAN",CIWARU,BAOK
695845,533212710278,"PJU ****** *** ********",-7.04102720000000,108.63951160000000,"KAB. KUNINGAN",CIWARU,BAOK
695846,533212710580,"PJU ****** *** ********",-6.95044730000000,108.53128980000000,"KAB. KUNINGAN",GARAWANGI,TEMBONG
695847,533212702338,"PJU ****** *** ********",-6.98441870000000,108.61510450000000,"KAB. KUNINGAN",LURAGUNG,PANYOSOGAN
695848,533212675180,"PJU ****** *** ********",-6.95511820000000,108.55058340000000,"KAB. KUNINGAN",CIPICUNG,SUKAMUKTI
695849,533212831199,"PJU ******** ******* *",-7.01717800000000,108.64646700000000,"KAB. KUNINGAN",LURAGUNG,GUNUNGKARUNG
695850,533212831323,"PJU ** ****** **** *",-6.96893500000000,108.57769500000000,"KAB. KUNINGAN",LURAGUNG,GUNUNGKARUNG
695851,533212831398,"PJU ** ******** *",-6.96050200000000,108.70025500000000,"KAB. KUNINGAN",LURAGUNG,GUNUNGKARUNG
695852,533212831244,"PJU ****** *",-6.98722800000000,108.69392500000000,"KAB. KUNINGAN",LURAGUNG,GUNUNGKARUNG
695853,533212831468,"PJU ** ************ *",-6.99070000000000,108.64110000000000,"KAB. KUNINGAN",LURAGUNG,GUNUNGKARUNG
695854,533212831236,"PJU ****** *",-6.99075300000000,108.69450700000000,"KAB. KUNINGAN",LURAGUNG,GUNUNGKARUNG
695855,533212702225,"PJU ****** *** ********",-6.99646780000000,108.65957430000000,"KAB. KUNINGAN",LURAGUNG,BENDA
695856,533212702503,"PJU ****** *** ********",-6.98999730000000,108.61658020000000,"KAB. KUNINGAN",LURAGUNG,PANYOSOGAN
695857,533212702465,"PJU ****** *** ********",-6.98561070000000,108.61983720000000,"KAB. KUNINGAN",LURAGUNG,PANYOSOGAN
695858,533212700460,"PJU ****** *** ********",-7.02931700000000,108.54761510000000,"KAB. KUNINGAN",CINIRU,RAMBATAN
695859,533212742956,"PJU ****** *** ********",-6.97009420000000,108.57655720000000,"KAB. KUNINGAN",CIAWIGEBANG,CIAWILOR
695860,533212742915,"PJU ****** *** ********",-6.96564980000000,108.57718820000000,"KAB. KUNINGAN",CIAWIGEBANG,CIAWILOR
695861,533212742907,"PJU ****** *** ********",-6.96953590000000,108.57845730000000,"KAB. KUNINGAN",CIAWIGEBANG,CIAWILOR
695862,533212742949,"PJU ****** *** ********",-6.96564980000000,108.57718820000000,"KAB. KUNINGAN",CIAWIGEBANG,CIAWILOR
695863,533212759482,"PJU *****",-6.98205550000000,108.53465760000000,"KAB. KUNINGAN",SINDANGAGUNG,KERTAUNGARAN
695864,533212760257,"PJU *****",-7.02673000000000,108.57885300000000,"KAB. KUNINGAN",MALEBER,DUKUHTENGAH
695865,533212705327,"PJU **** ******",-6.96173220000000,108.55324630000000,"KAB. KUNINGAN",CIPICUNG,KAROYA
695866,533212855863,"PJU ****** ********",-6.98213420000000,108.44557650000000,"KAB. KUNINGAN",CIGUGUR,CILEULEUY
695867,533212857602,"PJU **** *********",-6.99671300000000,108.54676000000000,"KAB. KUNINGAN",GARAWANGI,SUKAMULYA
695868,533212700651,"PJU ****** *** ********",-6.95718370000000,108.48888530000000,"KAB. KUNINGAN",CINIRU,RAMBATAN
695869,533212702258,"PJU ****** *** ********",-6.99751560000000,108.65894370000000,"KAB. KUNINGAN",LURAGUNG,BENDA
695870,533212701820,"PJU ****** *** ********",-6.96591500000000,108.56398166700000,"KAB. KUNINGAN",CIAWIGEBANG,CIOMAS
695871,533212700452,"PJU ****** *** ********",-7.03328550000000,108.48855450000000,"KAB. KUNINGAN",CINIRU,RAMBATAN
695872,533212759512,"PJU *****",-7.00523000000000,108.54530000000000,"KAB. KUNINGAN",GARAWANGI,SUKAIMUT
695873,533212760870,"PJU ***** ******** ******",-7.01317500000000,108.64256300000000,"KAB. KUNINGAN",LURAGUNG,LURAGUNGLANDEUH
695874,533212760090,"PJU *****",-6.97285700000000,108.55404060000000,"KAB. KUNINGAN",CIAWIGEBANG,CIJAGAMULYA
695875,533212701081,"PJU ****** *** ********",-6.97390900000000,108.61134390000000,"KAB. KUNINGAN",KALIMANGGIS,CIPANCUR
695876,533212701065,"PJU ****** *** ********",-6.97919430000000,108.60780340000000,"KAB. KUNINGAN",KALIMANGGIS,CIPANCUR
695877,533212710141,"PJU ****** *** ********",-7.04718630000000,108.66256230000000,"KAB. KUNINGAN",CIWARU,BAOK
695878,533212855889,"PJU ****** ********",-6.98026700000000,108.44658060000000,"KAB. KUNINGAN",CIGUGUR,CILEULEUY
695879,533212701791,"PJU ****** *** ********",-6.97851460000000,108.58181230000000,"KAB. KUNINGAN",CIAWIGEBANG,CIOMAS
695880,533212675156,"PJU ****** *** ********",-6.95511820000000,108.55058340000000,"KAB. KUNINGAN",CIPICUNG,SUKAMUKTI
695881,533212635192,"PJU ****** *** ********",-7.00384600000000,108.39997290000000,"KAB. KUNINGAN",DARMA,PARUNG
695882,533212831372,"PJU **  ********* *",-7.05307300000000,108.71163200000000,"KAB. KUNINGAN",LURAGUNG,GUNUNGKARUNG
695883,533212831364,"PJU ** ********* *",-7.05158700000000,108.71208800000000,"KAB. KUNINGAN",LURAGUNG,GUNUNGKARUNG
695884,533212831315,"PJU ** ********** *",-7.00341210000000,108.71037960000000,"KAB. KUNINGAN",LURAGUNG,GUNUNGKARUNG
695885,533212759417,"PJU *****",-6.97943200000000,108.45747310000000,"KAB. KUNINGAN",CIGUGUR,SUKAMULYA
695887,533211981330,"PJU ******",-6.96126150000000,108.46423260000000,"KAB. KUNINGAN",CIGUGUR,CIPARI
695888,533211985019,"PJU ***** ******** ******",-7.00139800000000,108.45230740000000,"KAB. KUNINGAN",KADUGEDE,KADUGEDE
695889,533211949061,"PJU ************",-6.95059700000000,108.46953370000000,"KAB. KUNINGAN",CIGUGUR,GUNUNGKELING
695890,533211949079,"PJU ********",-6.98400790000000,108.55652060000000,"KAB. KUNINGAN",LEBAKWANGI,PAGUNDAN
695894,533211949133,"PJU *********",-6.99804080000000,108.54291610000000,"KAB. KUNINGAN",GARAWANGI,GARAWANGI
695902,533211951930,"PJU *********",-6.99999110000000,108.58678400000000,"KAB. KUNINGAN",LEBAKWANGI,SINDANG
695903,533211980216,"PJU *********",-6.99840580000000,108.47334100000000,"KAB. KUNINGAN",KUNINGAN,CIBINUANG
695904,533211949174,"PJU ************",-6.99222250000000,108.50927210000000,"KAB. KUNINGAN",KUNINGAN,KARANGTAWANG
695907,533212700486,"PJU ****** *** ********",-7.06304000000000,108.74647000000000,"KAB. KUNINGAN",CINIRU,RAMBATAN
695908,533212701925,"PJU ****** *** ********",-6.98212040000000,108.57247550000000,"KAB. KUNINGAN",CIAWIGEBANG,CIOMAS
695909,533212675149,"PJU ****** *** ********",-6.95511820000000,108.55058340000000,"KAB. KUNINGAN",CIPICUNG,SUKAMUKTI
695910,533212379178,"PJU ******* **** * *",-6.98946980000000,108.49837890000000,"KAB. KUNINGAN",KUNINGAN,WINDUHAJI
695911,533212701775,"PJU ****** *** ********",-6.99408970000000,108.60141960000000,"KAB. KUNINGAN",CIAWIGEBANG,CIOMAS
695912,533212702266,"PJU ****** *** ********",-6.99668030000000,108.66145830000000,"KAB. KUNINGAN",LURAGUNG,BENDA
695913,533212702432,"PJU ****** *** ********",-6.98494390000000,108.61823790000000,"KAB. KUNINGAN",LURAGUNG,PANYOSOGAN
695914,533212700508,"PJU ****** *** ********",-6.96240230000000,108.45184650000000,"KAB. KUNINGAN",CINIRU,RAMBATAN
695915,533212710237,"PJU ****** *** ********",-7.04611690000000,108.63890200000000,"KAB. KUNINGAN",CIWARU,BAOK
695916,533212465895,"PJU **** ********",-6.94508080000000,108.54203610000000,"KAB. KUNINGAN",CIPICUNG,CIPICUNG
695917,533212675115,"PJU ****** *** ********",-6.95302440000000,108.54687300000000,"KAB. KUNINGAN",CIPICUNG,SUKAMUKTI
695921,533211952151,"PJU ********* ******",-6.97989590000000,108.61518800000000,"KAB. KUNINGAN",CIDAHU,CIHIDEUNGGIRANG
695922,533211952169,"PJU *****",-6.96453120000000,108.67416130000000,"KAB. KUNINGAN",CIDAHU,LEGOK
695924,533211952185,"PJU *** **** ** ******",-6.98154520000000,108.64187110000000,"KAB. KUNINGAN",CIDAHU,CIDAHU
695925,533211952193,"PJU ***** *** * *****",-6.96815750000000,108.66376870000000,"KAB. KUNINGAN",CIDAHU,LEGOK
695926,533211952206,"PJU *** ****** ** ******",-6.96817260000000,108.66339760000000,"KAB. KUNINGAN",CIDAHU,LEGOK
695930,533211956461,"PJU *** **** *******",-7.02424430000000,108.58546300000000,"KAB. KUNINGAN",LEBAKWANGI,CINAGARA
695931,533211956479,"PJU *** ****** **********",-7.02095110000000,108.59358340000000,"KAB. KUNINGAN",LEBAKWANGI,MANCAGAR
695932,533211956495,"PJU ******** *******",-7.01528650000000,108.56913590000000,"KAB. KUNINGAN",MALEBER,CIPORANG
695933,533211964458,"PJU **** * ********",-6.94433400000000,108.69746450000000,"KAB. KUNINGAN",CIDAHU,CIKEUSIK
695934,533211964490,"PJU *********",-6.94401090000000,108.69809080000000,"KAB. KUNINGAN",CIDAHU,JATIMULYA
695937,533211980593,"PJU ***** ***",-7.01639670000000,108.63127740000000,"KAB. KUNINGAN",LURAGUNG,LURAGUNGLANDEUH
695938,533211980606,"PJU *****",-7.01231060000000,108.68839720000000,"KAB. KUNINGAN",LURAGUNG,LURAGUNGLANDEUH
695939,533211980614,"PJU *****",-7.01755090000000,108.63687750000000,"KAB. KUNINGAN",LURAGUNG,LURAGUNGLANDEUH
695940,533211980622,"PJU *****",-7.01695430000000,108.64076580000000,"KAB. KUNINGAN",LURAGUNG,LURAGUNGLANDEUH
695941,533211980630,"PJU *****",-7.01627100000000,108.63208490000000,"KAB. KUNINGAN",LURAGUNG,LURAGUNGLANDEUH
695943,533211924317,"PJU *****",-6.99311220000000,108.44336870000000,"KAB. KUNINGAN",KADUGEDE,BAYUNING
695944,533211924325,"PJU *****",-6.99311220000000,108.44336870000000,"KAB. KUNINGAN",KADUGEDE,BAYUNING
695947,533211937226,"PJU *****",-6.99112010200000,108.56817550000000,"KAB. KUNINGAN",CIAWIGEBANG,SIDARAJA
695949,533211955166,"PJU *****",-6.98228750000000,108.50494820000000,"KAB. KUNINGAN",KUNINGAN,WINDUSENGKAHAN
695953,533211956660,"PJU **********",-6.94026170000000,108.52783100000000,"KAB. KUNINGAN",CIPICUNG,CIMARANTEN
695954,533211956678,"PJU *** **** ****",-6.94199560000000,108.53632500000000,"KAB. KUNINGAN",CIPICUNG,MEKARSARI
695955,533211956686,"PJU *****",-6.96728180000000,108.66127800000000,"KAB. KUNINGAN",CIDAHU,LEGOK
695956,533211956708,"PJU **********",-6.94508860000000,108.53499170000000,"KAB. KUNINGAN",CIPICUNG,CIMARANTEN
695958,533211960291,"PJU ***** ****",-6.98297760000000,108.47587920000000,"KAB. KUNINGAN",KUNINGAN,KUNINGAN
695961,533211978689,"PJU ******",-7.00945230000000,108.64052410000000,"KAB. KUNINGAN",LURAGUNG,DUKUHMAJA
695962,533211980671,"PJU *****",-7.02891690000000,108.63593300000000,"KAB. KUNINGAN",LURAGUNG,CIGEDANG
695963,533211980697,"PJU *****",-7.01753420000000,108.63633180000000,"KAB. KUNINGAN",LURAGUNG,LURAGUNGLANDEUH
695964,533211980727,"PJU *****",-7.01777230000000,108.63653140000000,"KAB. KUNINGAN",LURAGUNG,LURAGUNGLANDEUH
695965,533212517411,"PJU ******",-7.01119640000000,108.43261200000000,"KAB. KUNINGAN",KADUGEDE,TINGGAR
695966,533212541024,"PJU ** ******* *********",-6.98869470000000,108.46431050000000,"KAB. KUNINGAN",CIGUGUR,CIGADUNG
695967,533211960305,"PJU ***** ****",-6.98362820000000,108.47565460000000,"KAB. KUNINGAN",KUNINGAN,KUNINGAN
695968,533211942336,"PJU *****",-6.96631770000000,108.56690960000000,"KAB. KUNINGAN",CIAWIGEBANG,CIPUTAT
695970,533211942393,"PJU *****",-6.96614290000000,108.56649670000000,"KAB. KUNINGAN",CIAWIGEBANG,PANGKALAN
695971,533211942406,"PJU *****",-6.96614290000000,108.56649670000000,"KAB. KUNINGAN",CIAWIGEBANG,PANGKALAN
695973,533212487122,"PJU ** ********* ********",-7.09599680000000,108.65894370000000,"KAB. KUNINGAN",KARANGKANCANA,KARANGKANCANA
695974,533212542290,"PJU ***** *",-6.96277850000000,108.67787290000000,"KAB. KUNINGAN",CIDAHU,LEGOK
695976,533212045909,"PJU **** *******",-6.98550000000000,108.38180000000000,"KAB. MAJALENGKA",CIKIJING,CIPULUS
695978,533212057348,"PJU ***** **** **********",-6.97304790000000,108.58701580000000,"KAB. KUNINGAN",CIAWIGEBANG,CIAWIGEBANG
695979,533212057355,"PJU *****",-6.99470000000000,108.51660000000000,"KAB. KUNINGAN",MALEBER,CIKAHURIPAN
695980,533212084881,"PJU *****",-6.97286550000000,108.52386940000000,"KAB. KUNINGAN",MALEBER,CIKAHURIPAN
695981,533212120802,"PJU *****",-7.00191920000000,108.34684490000000,"KAB. MAJALENGKA",CIKIJING,BANJARANSARI
695983,533212120828,"PJU *****",-7.00612510000000,108.37324230000000,"KAB. MAJALENGKA",CIKIJING,JAGASARI
695984,533212120836,"PJU *****",-7.01500930000000,108.36762310000000,"KAB. MAJALENGKA",CIKIJING,SUKAMUKTI
695985,533212120844,"PJU *****",-6.98828333333330,108.37121666667000,"KAB. MAJALENGKA",CIKIJING,CILANGCANG
695986,533212049852,"PJU ***** **************",-6.97820000000000,108.51420000000000,"KAB. KUNINGAN",MALEBER,CIKAHURIPAN
695987,533212057475,"PJU ***** **** *********",-6.97323210000000,108.46522670000000,"KAB. KUNINGAN",CIGUGUR,CIGUGUR
695988,533212542440,"PJU ** ***** ********",-6.96924510000000,108.57673480000000,"KAB. KUNINGAN",CIAWIGEBANG,CIHAUR
695989,533211955203,"PJU *****",-6.98303760000000,108.50494890000000,"KAB. KUNINGAN",MALEBER,CIKAHURIPAN
695992,533211924309,"PJU *****",-6.95241660000000,108.48231830000000,"KAB. KUNINGAN",KUNINGAN,CIRENDANG
695993,533211956525,"PJU **** ****",-7.03067000000000,108.57661200000000,"KAB. KUNINGAN",KUNINGAN,CIRENDANG
695994,533211956533,"PJU ** ********",-7.02194420000000,108.56319900000000,"KAB. KUNINGAN",MALEBER,KUTARAJA
695995,533211956541,"PJU ***********",-7.00669320000000,108.56469530000000,"KAB. KUNINGAN",MALEBER,MANDALAJAYA
695996,533211956603,"PJU *******",-6.97231930000000,108.65597450000000,"KAB. KUNINGAN",CIDAHU,CIEURIH
695998,533210763206,"PEM** ********* ******** ",-6.96836977700000,108.48850530000000,"KAB. KUNINGAN",KUNINGAN,CIJOHO
696001,533212743008,"PJU ****** *** ********",-6.94567890000000,108.57804150000000,"KAB. KUNINGAN",CIAWIGEBANG,CIAWILOR
696002,533212743073,"PJU ****** *** ********",-6.95948760000000,108.57729940000000,"KAB. KUNINGAN",CIAWIGEBANG,CIAWILOR
696003,533212743016,"PJU ****** *** ********",-6.94567890000000,108.57804150000000,"KAB. KUNINGAN",CIAWIGEBANG,CIAWILOR
696004,533212518878,"PJU ** ******** ***** ***",-6.97321420000000,108.58657620000000,"KAB. KUNINGAN",CIAWIGEBANG,CIAWIGEBANG
696005,533212742931,"PJU ****** *** ********",-6.97009420000000,108.57655720000000,"KAB. KUNINGAN",CIAWIGEBANG,CIAWILOR
696006,533212441458,"PJU ********* *",-7.03115260000000,108.43711900000000,"KAB. KUNINGAN",CIGUGUR,CIPARI
696007,533212196124,"PJU *****",-6.97843333300000,108.45998330000000,"KAB. KUNINGAN",CIGUGUR,SUKAMULYA
696008,533212201648,"PJU ***** ** ********",-7.01366040000000,108.62283710000000,"KAB. KUNINGAN",LURAGUNG,CIRAHAYU
696009,533211969363,"PJU *****",-6.97561620000000,108.52920210000000,"KAB. KUNINGAN",MALEBER,CIKAHURIPAN
696011,533211974751,"PJU *****",-7.00342470000000,108.44699600000000,"KAB. KUNINGAN",KADUGEDE,BAYUNING
696020,533212750440,"PJU ****** *** ********",-6.97055850000000,108.65472930000000,"KAB. KUNINGAN",LEBAKWANGI,PAGUNDAN
696021,533212750473,"PJU ****** *** ********",-6.96175700000000,108.61961200000000,"KAB. KUNINGAN",LEBAKWANGI,PAGUNDAN
696022,533212753829,"PJU ****** *** ********",-6.96916960000000,108.42069750000000,"KAB. KUNINGAN",DARMA,SAGARAHIANG
696023,533212753886,"PJU ****** *** ********",-6.96870520000000,108.42139580000000,"KAB. KUNINGAN",DARMA,SAGARAHIANG
696024,533212753916,"PJU ****** *** ********",-6.96891770000000,108.41418530000000,"KAB. KUNINGAN",DARMA,SAGARAHIANG
696025,533212753837,"PJU ****** *** ********",-6.97012390000000,108.42032090000000,"KAB. KUNINGAN",DARMA,SAGARAHIANG
696026,533212437300,"JAL** **********",-6.95700550000000,108.64347890000000,"KAB. KUNINGAN",KALIMANGGIS,CIPANCUR
696027,533212349050,"PJU ***** *******",-6.99914840000000,108.57952580000000,"KAB. KUNINGAN",LEBAKWANGI,SINDANG
696028,533212145071,"PJU ***** *** **** ******",-7.01389140000000,108.43200520000000,"KAB. KUNINGAN",NUSAHERANG,HAURKUNING
696029,533212152647,"PJU ***** ** ********",-7.05265040000000,108.63584010000000,"KAB. KUNINGAN",CIWARU,GARAJATI
696030,533212152654,"PJU ***** ** ******",-7.07229490000000,108.62731300000000,"KAB. KUNINGAN",CIWARU,CIWARU
696031,533212152662,"PJU ***** ** *********",-7.09571850000000,108.65948360000000,"KAB. KUNINGAN",KARANGKANCANA,KARANGKANCANA
696032,533212152670,"PJU ***** ** ********",-7.06162190000000,108.68011270000000,"KAB. KUNINGAN",KARANGKANCANA,SUKASARI
696033,533212152688,"PJU ***** ** *********",-7.04982950000000,108.63740070000000,"KAB. KUNINGAN",KARANGKANCANA,CIHANJARO
696034,533212152696,"PJU ***** ** ****** ****",-7.05604810000000,108.68850240000000,"KAB. KUNINGAN",KARANGKANCANA,SIMPAYJAYA
696035,533212152700,"PJU ***** ** ********",-7.05535880000000,108.75356030000000,"KAB. KUNINGAN",CIBINGBIN,SUKAMAJU
696036,533212152718,"PJU ***** ** ******* ****",-7.06493360000000,108.75379060000000,"KAB. KUNINGAN",CIBINGBIN,SINDANGJAWA
696037,533212756182,"PJU ****** *** ********",-7.02910980000000,108.61145180000000,"KAB. KUNINGAN",LURAGUNG,WILANAGARA
696038,533212750751,"PJU ****** *** ********",-6.96434800000000,108.56415300000000,"KAB. KUNINGAN",CIAWIGEBANG,CIOMAS
696039,533212750594,"PJU ****** *** ********",-6.97625320000000,108.56156660000000,"KAB. KUNINGAN",CIAWIGEBANG,CIOMAS
696040,533212750822,"PJU ****** *** ********",-6.96434800000000,108.56415300000000,"KAB. KUNINGAN",CIAWIGEBANG,CIOMAS
696041,533212441546,"PJU ********** *",-7.00675240000000,108.44331950000000,"KAB. KUNINGAN",NUSAHERANG,NUSAHERANG
696043,533212152804,"PJU ***** ** ********",-6.96000310000000,108.68020180000000,"KAB. KUNINGAN",CIDAHU,CIKEUSIK
696044,533212152812,"PJU ***** *** * * ******",-6.98061400000000,108.64112880000000,"KAB. KUNINGAN",CIDAHU,CIDAHU
696045,533212152820,"PJU ***** ** *******",-6.97101620000000,108.65504530000000,"KAB. KUNINGAN",CIDAHU,CIBULAN
696046,533212152838,"PJU ***** ** ***********",-6.97104570000000,108.58472080000000,"KAB. KUNINGAN",KALIMANGGIS,KALIMANGGISKULON
696047,533212152846,"PJU ***** ** ************",-6.96476460000000,108.62108810000000,"KAB. KUNINGAN",KALIMANGGIS,KALIMANGGISKULON
696048,533212152853,"PJU ***** ** ********",-6.99508740000000,108.54121500000000,"KAB. KUNINGAN",GARAWANGI,MANCAGAR
696049,533212152861,"PJU ***** ** *********",-6.99496790000000,108.54123520000000,"KAB. KUNINGAN",GARAWANGI,CITIUSARI
696051,533212180147,"PJU ***** ** ****** *",-6.98230260000000,108.54648770000000,"KAB. KUNINGAN",SINDANGAGUNG,BALONG
696053,533212193949,"PJU *****",-6.99251600000000,108.59535050000000,"KAB. KUNINGAN",LEBAKWANGI,MEKARWANGI
696054,533212193956,"PJU *****",-6.98389100000000,108.60980140000000,"KAB. KUNINGAN",CIAWIGEBANG,GERESIK
696055,533212193964,"PJU *****",-6.98389210000000,108.60963090000000,"KAB. KUNINGAN",CIAWIGEBANG,GERESIK
696056,533212193972,"PJU *****",-6.98765620000000,108.60880510000000,"KAB. KUNINGAN",CIAWIGEBANG,GERESIK
696057,533212193980,"PJU *****",-6.98693680000000,108.60299750000000,"KAB. KUNINGAN",CIAWIGEBANG,KARAMATMULYA
696058,533212152887,"PJU ***** ** ********",-7.02060650000000,108.59510400000000,"KAB. KUNINGAN",GARAWANGI,MANCAGAR
696059,533212152895,"PJU ***** ** ********",-6.98455001900000,108.55710859300000,"KAB. KUNINGAN",LEBAKWANGI,PAGUNDAN
696063,533212152933,"PJU ***** ** ********",-7.02194420000000,108.56319900000000,"KAB. KUNINGAN",MALEBER,KUTARAJA
696064,533212152941,"PJU ***** ** ************",-7.02571780000000,108.55879860000000,"KAB. KUNINGAN",MALEBER,KUTAMANDARAKAN
696065,533212152958,"PJU ***** ** *********",-7.03024340000000,108.57210440000000,"KAB. KUNINGAN",MALEBER,PADAMULYA
696066,533212152966,"PJU ***** ** **********",-7.04889240000000,108.60253290000000,"KAB. KUNINGAN",MALEBER,GALAHERANG
696067,533212750698,"PJU ****** *** ********",-6.99251600000000,108.59535050000000,"KAB. KUNINGAN",CIAWIGEBANG,CIOMAS
696068,533211961939,"PJU **** ****** ****",-7.05653470000000,108.69754550000000,"KAB. KUNINGAN",CIBINGBIN,CIBINGBIN
696069,533211986450,"PJU *****",-6.99311220000000,108.44336870000000,"KAB. KUNINGAN",KADUGEDE,BAYUNING
696070,533211986476,"PJU *****",-6.99311220000000,108.44336870000000,"KAB. KUNINGAN",KADUGEDE,BAYUNING
696071,533211994700,"PJU ***** *** ******* *",-7.01627100000000,108.63208490000000,"KAB. KUNINGAN",LURAGUNG,LURAGUNGLANDEUH
696073,533212194025,"PJU *****",-6.99251600000000,108.59535050000000,"KAB. KUNINGAN",LEBAKWANGI,MEKARWANGI
696074,533212194033,"PJU *****",-6.99251600000000,108.59535050000000,"KAB. KUNINGAN",LEBAKWANGI,MEKARWANGI
696075,533212194041,"PJU *****",-6.98584880000000,108.60991900000000,"KAB. KUNINGAN",CIAWIGEBANG,GERESIK
696076,533212194058,"PJU *****",-6.98716910000000,108.60775080000000,"KAB. KUNINGAN",CIAWIGEBANG,GERESIK
696077,533212194066,"PJU *****",-6.98798330000000,108.60179070000000,"KAB. KUNINGAN",CIAWIGEBANG,GERESIK
696078,533212194082,"PJU *****",-6.99157380000000,108.60809940000000,"KAB. KUNINGAN",CIAWIGEBANG,GERESIK
696082,533212152990,"PJU ***** ** *** ******",-6.95014333333330,108.46792333333000,"KAB. KUNINGAN",MALEBER,CIKAHURIPAN
696083,533212194146,"PJU *****",-6.98798330000000,108.60179070000000,"KAB. KUNINGAN",CIAWIGEBANG,GERESIK
696084,533212105408,"PJU *****",-7.05023110000000,108.61263210000000,"KAB. KUNINGAN",MALEBER,GALAHERANG
696085,533212047293,"PJU ***** ****** *******",-6.94944010000000,108.48794510000000,"KAB. KUNINGAN",KUNINGAN,KASTURI
696088,533211948738,"PJU *********",-6.99911960000000,108.54231440000000,"KAB. KUNINGAN",GARAWANGI,GARAWANGI
696092,533212196181,"PJU *****",-6.96991030000000,108.50042650000000,"KAB. KUNINGAN",KUNINGAN,ANCARAN
696093,533212201750,"PJU ***** ***** **** **",-6.98313430000000,108.48228610000000,"KAB. KUNINGAN",KUNINGAN,KUNINGAN
696094,533212201776,"PJU ***** ***** **** *",-6.98313430000000,108.48228610000000,"KAB. KUNINGAN",KUNINGAN,KUNINGAN
696095,533212750984,"PJU ****** *** ********",-6.96727000000000,108.55948300000000,"KAB. KUNINGAN",CIAWIGEBANG,CIOMAS
696096,533212750744,"PJU ****** *** ********",-6.96743200000000,108.56244300000000,"KAB. KUNINGAN",CIAWIGEBANG,CIOMAS
696097,533212750545,"PJU ****** *** ********",-7.02519360000000,108.60430300000000,"KAB. KUNINGAN",LEBAKWANGI,PAGUNDAN
696098,533212750578,"PJU ****** *** ********",-7.03365720000000,108.60299920000000,"KAB. KUNINGAN",LEBAKWANGI,PAGUNDAN
696099,533212742296,"PJU ****** *** ********",-6.99554000000000,108.63343000000000,"KAB. KUNINGAN",LURAGUNG,CIKANDANG
696101,533212147259,"PJU ***** **********",-7.01566300000000,108.60492300000000,"KAB. KUNINGAN",LEBAKWANGI,MEKARWANGI
696102,533212152726,"PJU ***** ** ******* ****",-7.06307610000000,108.74672220000000,"KAB. KUNINGAN",CIBINGBIN,SINDANGJAWA
696103,533212152734,"PJU ***** ** *******",-7.01852060000000,108.64233300000000,"KAB. KUNINGAN",LURAGUNG,LURAGUNGLANDEUH
696105,533212152759,"PJU ***** ** **********",-6.95904990000000,108.57763020000000,"KAB. KUNINGAN",CIAWIGEBANG,KARANGKAMULYAN
696106,533212152767,"PJU ***** ** ******* ***",-6.99031530000000,108.57831270000000,"KAB. KUNINGAN",CIAWIGEBANG,PAJAWANLOR
696107,533212152775,"PJU ***** ** *******",-6.97624940000000,108.58286540000000,"KAB. KUNINGAN",CIAWIGEBANG,CIPUTAT
696108,533212152783,"PJU ***** ** ***** *****",-6.96712820000000,108.56093870000000,"KAB. KUNINGAN",CIAWIGEBANG,DUKUHDALEM
696114,533212075062,"PJU ***** *",-6.96846840000000,108.60807510000000,"KAB. KUNINGAN",KALIMANGGIS,KALIMANGGISKULON
696115,533212075070,"PJU ***** *",-6.96933110000000,108.60882160000000,"KAB. KUNINGAN",KALIMANGGIS,KALIMANGGISKULON
696118,533212909371,"PJU ****** *** **********",-7.02220200000000,108.66695200000000,"KAB. KUNINGAN",LURAGUNG,CIKADUWETAN
696119,533211974976,"PJU *****",-7.01179680000000,108.42765760000000,"KAB. KUNINGAN",NUSAHERANG,KERTAWIRAMA
696120,533211974984,"PJU *****",-7.00349330000000,108.44776580000000,"KAB. KUNINGAN",KADUGEDE,KADUGEDE
696122,533211975002,"PJU *****",-7.00104980000000,108.44616450000000,"KAB. KUNINGAN",KADUGEDE,BAYUNING
696126,533211975051,"PJU *****",-7.00711960000000,108.39768700000000,"KAB. KUNINGAN",NUSAHERANG,CIKADU
696127,533211986173,"PJU *****",-6.98863600000000,108.57932590000000,"KAB. KUNINGAN",CIAWIGEBANG,PAJAWANLOR
696128,533211986181,"PJU *****",-7.01666520000000,108.62183040000000,"KAB. KUNINGAN",LURAGUNG,MARGASARI
696129,533211963414,"PJU *********",-6.94401090000000,108.69809080000000,"KAB. KUNINGAN",CIDAHU,JATIMULYA
696135,533211994696,"PJU ***** *** *******",-7.01701550000000,108.63550090000000,"KAB. KUNINGAN",LURAGUNG,LURAGUNGLANDEUH
696136,533212103772,"PJU *****",-6.95705780000000,108.48886060000000,"KAB. KUNINGAN",KUNINGAN,CIRENDANG
696137,533212043618,"PJU *****",-7.00160210000000,108.34397450000000,"KAB. MAJALENGKA",CIKIJING,BANJARANSARI
696138,533212043626,"PJU *****",-6.99456136591730,108.35740382935000,"KAB. MAJALENGKA",CIKIJING,SUNALARI
696139,533212045550,"PJU *** **** ********** *",-6.96248770000000,108.51007210000000,"KAB. KUNINGAN",KUNINGAN,KEDUNGARUM
696140,533212045568,"PJU ** **** *************",-6.96326540000000,108.51216500000000,"KAB. KUNINGAN",KUNINGAN,ANCARAN
696142,533212906764,"PJU ****** *** ******** *",-6.97233500000000,108.63748200000000,"KAB. KUNINGAN",CIDAHU,NANGGELA
696143,533212905589,"PJU ****** *** **********",-6.97519000000000,108.55683000000000,"KAB. KUNINGAN",CIAWIGEBANG,CIOMAS
696144,533212905522,"PJU ****** *** **********",-6.97539300000000,108.55725000000000,"KAB. KUNINGAN",CIAWIGEBANG,CIOMAS
696145,533212906827,"PJU ****** *** **********",-6.97855800000000,108.63502700000000,"KAB. KUNINGAN",CIDAHU,NANGGELA
696146,533212906914,"PJU ****** *** **********",-6.97550000000000,108.62570000000000,"KAB. KUNINGAN",CIDAHU,NANGGELA
696147,533212906731,"PJU ****** *** ******** *",-6.97659300000000,108.62493200000000,"KAB. KUNINGAN",CIDAHU,NANGGELA
696148,533212906892,"PJU ****** *** **********",-6.97934300000000,108.63301000000000,"KAB. KUNINGAN",CIDAHU,NANGGELA
696149,533212906884,"PJU ****** *** **********",-6.97533300000000,108.63467200000000,"KAB. KUNINGAN",CIDAHU,NANGGELA
696150,533212906868,"PJU ****** *** **********",-6.97875800000000,108.63187200000000,"KAB. KUNINGAN",CIDAHU,NANGGELA
696151,533212910814,"PJU  ******** **",-6.98002240000000,108.59234890000000,"KAB. KUNINGAN",CIAWIGEBANG,KADURAMA
696152,533212910871,"PJU  *** **",-6.96913555215560,108.57800222933000,"KAB. KUNINGAN",CIAWIGEBANG,CIAWIGEBANG
696153,533212910830,"PJU  *** **",-6.98005850000000,108.59235620000000,"KAB. KUNINGAN",CIAWIGEBANG,CIAWIGEBANG
696154,533212910901,"PJU ***** *** **",-6.98002460000000,108.59236470000000,"KAB. KUNINGAN",CIAWIGEBANG,CIAWILOR
696155,533212921044,"PJU *** **** ******",-6.99552300000000,108.63325000000000,"KAB. KUNINGAN",LURAGUNG,CIKANDANG
696156,533212924896,"PJU *** **** *** *******",-6.98223400000000,108.45638100000000,"KAB. KUNINGAN",CIGUGUR,CILEULEUY
696157,533212923907,"PJU *** **** *******",-6.99806800000000,108.41147200000000,"KAB. KUNINGAN",DARMA,BAKOM
696158,533212923851,"PJU *** **** *******",-7.03612120000000,108.41229950000000,"KAB. KUNINGAN",DARMA,SAKERTATIMUR
696159,533212924025,"PJU *** **** *** ******",-7.09224300000000,108.61233500000000,"KAB. KUNINGAN",CIWARU,CITIKUR
696160,533212924719,"PJU *** **** *** *******",-7.08863500000000,108.65504000000000,"KAB. KUNINGAN",KARANGKANCANA,KADUAGUNG
696161,533212920622,"PJU *** **** *** *******",-7.05054500000000,108.61428700000000,"KAB. KUNINGAN",MALEBER,GARAHAJI
696162,533212925474,"PJU *** **** *** *******",-7.01761300000000,108.62112700000000,"KAB. KUNINGAN",LURAGUNG,MARGASARI
696163,533212922294,"PJU *** **** *******",-7.01231060000000,108.68839720000000,"KAB. KUNINGAN",CIMAHI,MARGAMUKTI
696164,533212925673,"PJU *** **** *** ********",-6.98760000000000,108.57990000000000,"KAB. KUNINGAN",CIAWIGEBANG,PAJAWANLOR
696165,533212961804,"PJU ****** *******",-6.96020200000000,108.68453700000000,"KAB. KUNINGAN",CIDAHU,CIEURIH
696166,533211958673,"PJU ********** *** *** *",-6.93906210000000,108.69864790000000,"KAB. KUNINGAN",CIDAHU,JATIMULYA
696175,533211948929,"PJU *********",-6.99911960000000,108.54231440000000,"KAB. KUNINGAN",GARAWANGI,GARAWANGI
696176,533211948937,"PJU *********",-6.99840580000000,108.47334100000000,"KAB. KUNINGAN",KUNINGAN,CIBINUANG
696179,533211970927,"PJU **** ******* ********",-6.98309710000000,108.36473650000000,"KAB. MAJALENGKA",CIKIJING,KANCANA
696187,533211949004,"PJU *********",-6.95390040000000,108.48528610000000,"KAB. KUNINGAN",KUNINGAN,KASTURI
696190,533211949038,"PJU ****** *******",-6.96126150000000,108.46423260000000,"KAB. KUNINGAN",CIGUGUR,CIPARI
696193,533211951850,"PJU *** *** * ***",-6.98872370000000,108.55985950000000,"KAB. KUNINGAN",LEBAKWANGI,PAJAWANKIDUL
696197,533211955286,"PJU *****",-6.97813190000000,108.50104560000000,"KAB. KUNINGAN",KUNINGAN,WINDUSENGKAHAN
696198,533212910897,"PJU ***** *** **",-6.96507938049640,108.57777759433000,"KAB. KUNINGAN",CIAWIGEBANG,CIAWILOR
696199,533212910793,"PJU ***** *** **",-6.96507938049640,108.57777759433000,"KAB. KUNINGAN",CIAWIGEBANG,CIAWILOR
696200,533212910777,"PJU ******** **",-6.96507938049640,108.57777759433000,"KAB. KUNINGAN",CIAWIGEBANG,SUKARAJA
696201,533212910822,"PJU  ***** *** **",-6.96507938049640,108.57777759433000,"KAB. KUNINGAN",CIAWIGEBANG,CIAWILOR
696202,533212910806,"PJU ***** *** **",-6.96507938049640,108.57777759433000,"KAB. KUNINGAN",CIAWIGEBANG,CIAWILOR
696203,533212905199,"PJU ****** ******** **",-6.98738700000000,108.64154800000000,"KAB. KUNINGAN",CIDAHU,CIHIDEUNGGIRANG
696204,533212916332,"PJU *** **** *** ******",-7.00373200000000,108.54368800000000,"KAB. KUNINGAN",GARAWANGI,SUKAIMUT
696205,533212906922,"PJU ****** *** **********",-6.97833500000000,108.63796300000000,"KAB. KUNINGAN",CIDAHU,NANGGELA
696206,533212906850,"PJU ****** *** **********",-6.97690000000000,108.63970000000000,"KAB. KUNINGAN",CIDAHU,NANGGELA
696207,533212915554,"PJU *** **** *** *******",-6.99468300000000,108.51554700000000,"KAB. KUNINGAN",GARAWANGI,LENGKONG
696208,533212915521,"PJU *** **** *** *******",-7.02250700000000,108.52713300000000,"KAB. KUNINGAN",GARAWANGI,PAKEMBANGAN
696209,533212918900,"PJU *** **** *******",-7.04854749000000,108.49867432000000,"KAB. KUNINGAN",CINIRU,CIJEMIT
696210,533212916087,"PJU *** **** *** *******",-6.97291600000000,108.59869100000000,"KAB. KUNINGAN",KALIMANGGIS,KALIMANGGISKULON
696211,533212919640,"PJU *** **** ********",-6.96874000000000,108.50184830000000,"KAB. KUNINGAN",KUNINGAN,CIPORANG
696212,533212916252,"PJU *** **** *** ******",-6.99473200000000,108.54168800000000,"KAB. KUNINGAN",GARAWANGI,SUKAMULYA
696213,533212915268,"PJU *** **** ** ******",-6.99548865000000,108.54824330000000,"KAB. KUNINGAN",GARAWANGI,SUKAMULYA
696214,533212919409,"PJU *** **** *** *******",-6.96081550000000,108.49226820000000,"KAB. KUNINGAN",KUNINGAN,CIPORANG
696215,533212925305,"PJU *** **** ** ******",-7.02562800000000,108.63594500000000,"KAB. KUNINGAN",LURAGUNG,CIGEDANG
696216,533212923239,"PJU *** **** *******",-6.98629300000000,108.44036900000000,"KAB. KUNINGAN",KADUGEDE,TINGGAR
696217,533212922158,"PJU *** **** *** *******",-7.00911800000000,108.68904200000000,"KAB. KUNINGAN",CIMAHI,MARGAMUKTI
696218,533212925417,"PJU *** **** *** ******",-7.00958700000000,108.64113300000000,"KAB. KUNINGAN",LURAGUNG,DUKUHMAJA
696219,533212923773,"PJU *** **** ** ******",-7.02473220000000,108.39514530000000,"KAB. KUNINGAN",DARMA,CIPASUNG
696224,533211948753,"PJU ********",-6.97516070000000,108.53054770000000,"KAB. KUNINGAN",SINDANGAGUNG,KERTAUNGARAN
696226,533211948779,"PJU *******",-6.96939830000000,108.51515320000000,"KAB. KUNINGAN",KUNINGAN,ANCARAN
696228,533211948808,"PJU ********",-6.99472860000000,108.51567430000000,"KAB. KUNINGAN",GARAWANGI,LENGKONG
696229,533211948816,"PJU *******",-6.95703440000000,108.50672630000000,"KAB. KUNINGAN",KUNINGAN,PADAREK
696232,533211952255,"PJU *********",-6.99999110000000,108.58678400000000,"KAB. KUNINGAN",LEBAKWANGI,SINDANG
696233,533211952263,"PJU *** **** ****",-6.98229750000000,108.63053330000000,"KAB. KUNINGAN",CIDAHU,CIHIDEUNGHILIR
696234,533211952271,"PJU ********* ******",-6.97920080000000,108.61851310000000,"KAB. KUNINGAN",CIDAHU,CIHIDEUNGGIRANG
696235,533211952297,"PJU *****",-6.96504240000000,108.67368050000000,"KAB. KUNINGAN",CIDAHU,LEGOK
696236,533212925985,"PJU *** **** *** *******",-6.95325000000000,108.56373000000000,"KAB. KUNINGAN",CIPICUNG,SUKAMUKTI
696237,533212922619,"PJU *** **** *** *******",-7.01164010000000,108.42914540000000,"KAB. KUNINGAN",NUSAHERANG,KERTAWIRAMA
696238,533212925815,"PJU *** **** *******",-6.97481100000000,108.59794200000000,"KAB. KUNINGAN",CIAWIGEBANG,KADURAMA
696239,533212921219,"PJU *** **** *** *******",-6.98006300000000,108.59235590000000,"KAB. KUNINGAN",CIBEUREUM,SUKADANA
696240,533212926244,"PJU *** **** *** *******",-6.93376700000000,108.57643900000000,"KAB. KUNINGAN",CIAWIGEBANG,SUKARAJA
696241,533212925595,"PJU *** **** *******",-6.93170000000000,108.60860000000000,"KAB. KUNINGAN",CIAWIGEBANG,SUKADANA
696242,533212923877,"PJU *** **** *** *******",-7.04533360000000,108.40146030000000,"KAB. KUNINGAN",DARMA,SAKERTABARAT
696243,533212925640,"PJU *** **** ********",-6.96910000000000,108.56370000000000,"KAB. KUNINGAN",CIAWIGEBANG,DUKUHDALEM
696244,533212925752,"PJU *** **** ** *******",-6.98006140000000,108.59236350000000,"KAB. KUNINGAN",CIAWIGEBANG,SUKARAJA
696246,533212905626,"PJU ****** *** **********",-6.94509720000000,108.57331440000000,"KAB. KUNINGAN",CIAWIGEBANG,CIHAUR
696247,533212905514,"PJU ****** *** **********",-6.94760588300000,108.57219250000000,"KAB. KUNINGAN",CIAWIGEBANG,CIHAUR
696248,533212918360,"PJU *** **** ** *******",-7.02136200000000,108.59422200000000,"KAB. KUNINGAN",LEBAKWANGI,CINEUMBEUY
696249,533212918569,"PJU *** **** ***** ******",-6.96872410000000,108.45059280000000,"KAB. KUNINGAN",CIGUGUR,CIGUGUR
696250,533212919546,"PJU *** **** *** *******",-6.97796740000000,108.48756540000000,"KAB. KUNINGAN",KUNINGAN,KUNINGAN
696251,533212923420,"PJU *** **** *** ******",-6.98998300000000,108.43573000000000,"KAB. KUNINGAN",KADUGEDE,CIHERANG
696252,533212918743,"PJU *** **** *******",-7.04986700000000,108.61196700000000,"KAB. KUNINGAN",MALEBER,GARAHAJI
696253,533212922286,"PJU *** **** *******",-6.95970000000000,108.70030000000000,"KAB. KUNINGAN",CIMAHI,SUKAJAYA
696254,533212919148,"PJU *** **** *** *******",-6.98471170000000,108.53502330000000,"KAB. KUNINGAN",SINDANGAGUNG,SINDANGAGUNG
696255,533212922133,"PJU *** **** *** *******",-6.96170000000000,108.68200000000000,"KAB. KUNINGAN",CIMAHI,CIKEUSAL
696256,533212924407,"PJU *** **** *** *******",-6.97081400000000,108.65269600000000,"KAB. KUNINGAN",CIDAHU,CIEURIH
696257,533212925200,"PJU *** **** *** ******",-7.38258000000000,108.62421000000000,"KAB. KUNINGAN",LURAGUNG,WILANAGARA
696258,533212925234,"PJU *** **** ** ******",-6.94160000000000,108.64210200000000,"KAB. KUNINGAN",LURAGUNG,GUNUNGKARUNG
696259,533212924776,"PJU *** **** *** ********",-6.97231200000000,108.53807700000000,"KAB. KUNINGAN",SINDANGAGUNG,MEKARMUKTI
696260,533212918983,"PJU *** **** ********",-7.05838300000000,108.52967500000000,"KAB. KUNINGAN",CINIRU,CIPEDES
696261,533212924991,"PJU *** **** ********",-6.98037100000000,108.45068600000000,"KAB. KUNINGAN",CIGUGUR,CILEULEUY
696262,533212922308,"PJU *** **** *******",-6.98850000000000,108.69660000000000,"KAB. KUNINGAN",CIMAHI,CIMAHI
696263,533212924622,"PJU *** **** *** *******",-7.10854800000000,108.64277500000000,"KAB. KUNINGAN",KARANGKANCANA,MARGACINA
696264,533212920593,"PJU *** **** *** *******",-7.03149800000000,108.57858500000000,"KAB. KUNINGAN",MALEBER,BUNIASIH
696265,533212922079,"PJU *** **** ***  *******",-6.96410000000000,108.60360000000000,"KAB. KUNINGAN",CIMAHI,MULYAJAYA
696266,533212922061,"PJU *** **** ***  *******",-6.98000000000000,108.67902000000000,"KAB. KUNINGAN",CIMAHI,KANANGA
696267,533212924423,"PJU *** **** *******",-6.97569900000000,108.63451600000000,"KAB. KUNINGAN",CIDAHU,NANGGELA
696268,533212926078,"PJU *** **** *** *******",-6.98005900000000,108.59235690000000,"KAB. KUNINGAN",CIPICUNG,SUGANANGAN
696269,533212925339,"PJU *** **** *******",-6.91840630000000,108.54724400000000,"KAB. KUNINGAN",CIPICUNG,SUGANANGAN
696270,533212925538,"PJU *** **** *******",-6.95215300000000,108.57743700000000,"KAB. KUNINGAN",CIAWIGEBANG,CIHAUR
696271,533212923799,"PJU *** **** *******",-7.05750850000000,108.40028300000000,"KAB. KUNINGAN",DARMA,CAGEUR
696272,533212923893,"PJU *** **** *******",-7.07047290000000,108.39330320000000,"KAB. KUNINGAN",DARMA,TUGUMULYA
696273,533212923781,"PJU *** **** *******",-6.98383700000000,108.41659200000000,"KAB. KUNINGAN",DARMA,KARANGSARI
696274,533212964715,"PJU ****** *********** *",-6.96728170000000,108.61159040000000,"KAB. KUNINGAN",KALIMANGGIS,KALIMANGGISWETAN
696275,533212727361,"PJU ** ******",-6.98139910000000,108.63931740000000,"KAB. KUNINGAN",CIDAHU,CIDAHU
696276,533212727387,"PJU ** ******",-6.98023310000000,108.64261340000000,"KAB. KUNINGAN",CIDAHU,CIDAHU
696277,533212727353,"PJU ** ******",-6.98146800000000,108.64224970000000,"KAB. KUNINGAN",CIDAHU,CIDAHU
696278,533212743032,"PJU ****** *** ********",-6.93661860000000,108.58026790000000,"KAB. KUNINGAN",CIAWIGEBANG,CIAWILOR
696279,533212727266,"PJU ** ******",-6.98061400000000,108.64112880000000,"KAB. KUNINGAN",CIDAHU,CIDAHU
696280,533212742923,"PJU ****** *** ********",-6.93217860000000,108.57915470000000,"KAB. KUNINGAN",CIAWIGEBANG,CIAWILOR
696281,533212743040,"PJU ****** *** ********",-6.93661860000000,108.58026790000000,"KAB. KUNINGAN",CIAWIGEBANG,CIAWILOR
696282,533212743065,"PJU ****** *** ********",-6.95295290000000,108.57247550000000,"KAB. KUNINGAN",CIAWIGEBANG,CIAWILOR
696283,533212743057,"PJU ****** *** ********",-6.95403980000000,108.57729940000000,"KAB. KUNINGAN",CIAWIGEBANG,CIAWILOR
696284,533212740936,"PJU ****** *** ********",-7.04041600000000,108.50011930000000,"KAB. KUNINGAN",CINIRU,CINIRU
696285,533212740985,"PJU ****** *** ********",-7.04381400000000,108.49901240000000,"KAB. KUNINGAN",CINIRU,CINIRU
696286,533212740977,"PJU ****** *** ********",-7.04181350000000,108.50044880000000,"KAB. KUNINGAN",CINIRU,CINIRU
696287,533212740951,"PJU ****** *** ********",-7.04028280000000,108.49928160000000,"KAB. KUNINGAN",CINIRU,CINIRU
696288,533212740703,"PJU ****** *** ********",-7.05707510000000,108.50984450000000,"KAB. KUNINGAN",CINIRU,CIJEMIT
696289,533212740993,"PJU ****** *** ********",-7.04041600000000,108.50011930000000,"KAB. KUNINGAN",CINIRU,CINIRU
696290,533212740969,"PJU ****** *** ********",-7.04181350000000,108.50044880000000,"KAB. KUNINGAN",CINIRU,CINIRU
696291,533212618868,"PJU ****** *** ********",-6.91656170000000,108.59207870000000,"KAB. KUNINGAN",CIAWIGEBANG,PADARAMA
696292,533212619064,"PJU ****** *** ********",-6.91564210000000,108.59214240000000,"KAB. KUNINGAN",CIAWIGEBANG,PADARAMA
696293,533212618963,"PJU ****** *** ********",-6.91547850000000,108.59119660000000,"KAB. KUNINGAN",CIAWIGEBANG,PADARAMA
696294,533212618892,"PJU ****** *** ********",-6.91593250000000,108.59288460000000,"KAB. KUNINGAN",CIAWIGEBANG,PADARAMA
696295,533212618715,"PJU ****** *** ********",-6.97263210000000,108.43853100000000,"KAB. KUNINGAN",CIGUGUR,CIGUGUR
696296,533212618876,"PJU ****** *** ********",-6.91626770000000,108.59251350000000,"KAB. KUNINGAN",CIAWIGEBANG,PADARAMA
696297,533212618906,"PJU ****** *** ********",-6.91590124000000,108.59107270000000,"KAB. KUNINGAN",CIAWIGEBANG,PADARAMA
696298,533212618772,"PJU ****** *** ********",-6.97263210000000,108.43853100000000,"KAB. KUNINGAN",CIGUGUR,CIGUGUR
696299,533212912644,"PJU *** **** ** *******",-7.07334200000000,108.67493500000000,"KAB. KUNINGAN",KARANGKANCANA,TANJUNGKERTA
696300,533212912437,"PJU *** **** ** *******",-6.97097830000000,108.43599010000000,"KAB. KUNINGAN",CIGUGUR,PUNCAK
696301,533212912452,"PJU *** **** ** *******",-6.97658500000000,108.48486300000000,"KAB. KUNINGAN",KUNINGAN,PURWAWINANGUN
696302,533212912651,"PJU *** **** ** ******",-6.96797320000000,108.49231112000000,"KAB. KUNINGAN",KUNINGAN,CIJOHO
696303,533212905659,"PJU ****** *** **********",-7.00033200000000,108.56605200000000,"KAB. KUNINGAN",LEBAKWANGI,PAJAWANKIDUL
696304,533212905667,"PJU ****** *** **********",-6.98583500000000,108.56927100000000,"KAB. KUNINGAN",CIAWIGEBANG,SIDARAJA
696305,533212905618,"PJU ****** *** **********",-7.00118800000000,108.56730000000000,"KAB. KUNINGAN",LEBAKWANGI,PAJAWANKIDUL
696306,533212915355,"PJU *** **** ** ******",-7.00392300000000,108.55628700000000,"KAB. KUNINGAN",GARAWANGI,TAMBAKBAYA
696307,533212918394,"PJU *** **** ** *******",-7.02133000000000,108.58518200000000,"KAB. KUNINGAN",LEBAKWANGI,CINAGARA
696308,533212925354,"PJU *** **** *** ******",-7.03374800000000,108.62712500000000,"KAB. KUNINGAN",LURAGUNG,WILANAGARA
696309,533212924187,"PJU *** **** ** ******",-7.07080600000000,108.62819200000000,"KAB. KUNINGAN",CIWARU,CIWARU
696310,533212925681,"PJU *** **** *******",-6.97262700000000,108.58257800000000,"KAB. KUNINGAN",CIAWIGEBANG,CIAWIGEBANG
696311,533212924528,"PJU *** **** ** *******",-6.97068100000000,108.66187300000000,"KAB. KUNINGAN",CIDAHU,LEGOK
696312,533212922399,"PJU *** **** *** *******",-7.02052500000000,108.42648200000000,"KAB. KUNINGAN",NUSAHERANG,HAURKUNING
696313,533212923213,"PJU *** **** *** ******",-7.00124210000000,108.45239920000000,"KAB. KUNINGAN",KADUGEDE,BABATAN
696314,533212924033,"PJU *** **** *** *******",-7.05653300000000,108.63498800000000,"KAB. KUNINGAN",CIWARU,KARANGBARU
696315,533212918847,"PJU *** **** *** *******",-7.02525160000000,108.48113160000000,"KAB. KUNINGAN",CINIRU,LONGKEWANG
696316,533212925928,"PJU *** **** *** *******",-6.98005900000000,108.59235690000000,"KAB. KUNINGAN",CIPICUNG,SUGANANGAN
696317,533212918025,"PJU ***** *** ********",-7.11615800000000,108.65879800000000,"KAB. KUNINGAN",KARANGKANCANA,MARGACINA
696318,533212925370,"PJU *** **** *******",-7.03763800000000,108.62636000000000,"KAB. KUNINGAN",LURAGUNG,WILANAGARA
696319,533212919130,"PJU *** **** ********",-6.97319500000000,108.53183800000000,"KAB. KUNINGAN",SINDANGAGUNG,KERTAWANGUNAN
696320,533212924934,"PJU *** **** ** *******",-6.94821500000000,108.47066500000000,"KAB. KUNINGAN",CIGUGUR,GUNUNGKELING
696321,533212924456,"PJU *** **** *******",-6.96794600000000,108.66269300000000,"KAB. KUNINGAN",CIDAHU,LEGOK
696322,533212921276,"PJU *** **** ******",-7.01662200000000,108.61899800000000,"KAB. KUNINGAN",LURAGUNG,CIRAHAYU
696323,533212727233,"PJU ** ******",-6.98093880000000,108.63380630000000,"KAB. KUNINGAN",CIDAHU,CIDAHU
696324,533212727147,"PJU ** ******",-6.98121400000000,108.63928880000000,"KAB. KUNINGAN",CIDAHU,CIDAHU
696325,533212727346,"PJU ** ******",-6.98139910000000,108.63931740000000,"KAB. KUNINGAN",CIDAHU,CIDAHU
696326,533212727424,"PJU ** ******",-6.98116220000000,108.63974060000000,"KAB. KUNINGAN",CIDAHU,CIDAHU
696327,533212740681,"PJU ****** *** ********",-7.05385610000000,108.48745930000000,"KAB. KUNINGAN",CINIRU,CIJEMIT
696328,533212740729,"PJU ****** *** ********",-7.05385610000000,108.48745930000000,"KAB. KUNINGAN",CINIRU,CIJEMIT
696329,533212740737,"PJU ****** *** ********",-7.05460330000000,108.50595230000000,"KAB. KUNINGAN",CINIRU,CIJEMIT
696330,533212734069,"PJU **** ****** *",-7.00911970000000,108.39743020000000,"KAB. KUNINGAN",DARMA,CIKUPA
696331,533212731723,"PJU ****** *** ********",-6.99518040000000,108.48636340000000,"KAB. KUNINGAN",KUNINGAN,CITANGTU
696332,533212731715,"PJU ****** *** ********",-6.99394470000000,108.48712660000000,"KAB. KUNINGAN",KUNINGAN,CITANGTU
696333,533212731772,"PJU ****** *** ********",-6.99436080000000,108.48607910000000,"KAB. KUNINGAN",KUNINGAN,CITANGTU
696334,533212731749,"PJU ****** *** ********",-6.99290630000000,108.48810400000000,"KAB. KUNINGAN",KUNINGAN,CITANGTU
696335,533212731764,"PJU ****** *** ********",-6.99235340000000,108.48602810000000,"KAB. KUNINGAN",KUNINGAN,CITANGTU
696336,533212731731,"PJU ****** *** ********",-6.99394470000000,108.48712660000000,"KAB. KUNINGAN",KUNINGAN,CITANGTU
696337,533212570873,"PJU **** ********",-6.92336760000000,108.55132550000000,"KAB. KUNINGAN",LURAGUNG,BENDA
696338,533212570787,"PJU **** ***** ********",-6.99790930000000,108.65919330000000,"KAB. KUNINGAN",LURAGUNG,BENDA
696339,533212570690,"PJU ****** ******* ******",-6.92288330000000,108.55540700000000,"KAB. KUNINGAN",CIPICUNG,SUGANANGAN
696340,533212720236,"PJU ****** *** ******** *",-6.94202370000000,108.60497130000000,"KAB. KUNINGAN",CIAWIGEBANG,CIGARUKGAK
696341,533212720228,"PJU ****** *** ******** *",-6.94199960000000,108.60496410000000,"KAB. KUNINGAN",CIAWIGEBANG,CIGARUKGAK
696342,533212619072,"PJU ****** *** ********",-6.93280440000000,108.57952580000000,"KAB. KUNINGAN",CIAWIGEBANG,PADARAMA
696343,533212618930,"PJU ****** *** ********",-6.91646920000000,108.59517060000000,"KAB. KUNINGAN",CIAWIGEBANG,PADARAMA
696344,533212618989,"PJU ****** *** ********",-6.91486465000000,108.59417540000000,"KAB. KUNINGAN",CIAWIGEBANG,PADARAMA
696345,533212618723,"PJU ****** *** ********",-6.97241180000000,108.43725690000000,"KAB. KUNINGAN",CIGUGUR,CIGUGUR
696346,533212968286,"PJU **** ********",-7.01746170000000,108.45356830000000,"KAB. KUNINGAN",KADUGEDE,SINDANGJAWA
696347,533212727416,"PJU ** **************",-6.98352180000000,108.62479930000000,"KAB. KUNINGAN",CIDAHU,CIHIDEUNGHILIR
696348,533212731798,"PJU ****** *** ********",-6.99325220000000,108.48810390000000,"KAB. KUNINGAN",KUNINGAN,CITANGTU
696349,533212731707,"PJU ****** *** ********",-6.99394470000000,108.48712660000000,"KAB. KUNINGAN",KUNINGAN,CITANGTU
696350,533212731756,"PJU ****** *** ********",-6.99394470000000,108.48712660000000,"KAB. KUNINGAN",KUNINGAN,CITANGTU
696351,533212731780,"PJU ****** *** ********",-6.99173950000000,108.48664870000000,"KAB. KUNINGAN",KUNINGAN,CITANGTU
696352,533212742885,"PJU ****** *** ********",-6.97005530000000,108.57677030000000,"KAB. KUNINGAN",CIAWIGEBANG,CIAWILOR
696353,533212570753,"PJU **** *********",-6.92307700000000,108.55058340000000,"KAB. KUNINGAN",LURAGUNG,BENDA
696354,533212570899,"PJU ****** ***********",-6.92452200000000,108.56245690000000,"KAB. KUNINGAN",CIPICUNG,SUGANANGAN
696355,533212570641,"PJU **** ***** ********",-6.99668030000000,108.66145830000000,"KAB. KUNINGAN",LURAGUNG,BENDA
696356,533212570824,"PJU ******",-6.92288330000000,108.55540700000000,"KAB. KUNINGAN",CIPICUNG,SUGANANGAN
696357,533212570937,"PJU **** ***** ********",-6.99699300000000,108.66033700000000,"KAB. KUNINGAN",LURAGUNG,BENDA
696358,533212921115,"PJU *** **** ** *******",-6.96898800000000,108.49326000000000,"KAB. KUNINGAN",KUNINGAN,CIJOHO
696359,533212805749,"PJU ******** ************",-6.97440452000000,108.48799569000000,"KAB. KUNINGAN",SINDANGAGUNG,KERTAUNGARAN
696360,533212806144,"PJU ** ******",-6.97286140000000,108.56175360000000,"KAB. KUNINGAN",CIAWIGEBANG,PANGKALAN
696361,533212918066,"PJU ***** *** ********",-6.98562700000000,108.69166500000000,"KAB. KUNINGAN",CIMAHI,CIMAHI
696362,533212919226,"PJU *** **** ********",-6.96963000000000,108.53820000000000,"KAB. KUNINGAN",SINDANGAGUNG,KERTAYASA
696363,533212919347,"PJU *** **** ********",-6.99758279800000,108.47336740000000,"KAB. KUNINGAN",KUNINGAN,CIBINUANG
696364,533212919441,"PJU *** **** *** *******",-6.97832130000000,108.49498350000000,"KAB. KUNINGAN",KUNINGAN,CIJOHO
696365,533212926165,"PJU *** **** *** *******",-6.98300000000000,108.57900000000000,"KAB. KUNINGAN",CIAWIGEBANG,CIPUTAT
696366,533212925665,"PJU *** **** *** *******",-6.93135000000000,108.62280000000000,"KAB. KUNINGAN",CIAWIGEBANG,CIKUBANGMULYA
696367,533212916507,"PJU *** **** *** *******",-7.02042700000000,108.52750000000000,"KAB. KUNINGAN",GARAWANGI,PAKEMBANGAN
696368,533212925076,"PJU *** **** *** *******",-6.96172900000000,108.46599600000000,"KAB. KUNINGAN",CIGUGUR,WINDUHERANG
696369,533212922316,"PJU *** **** *******",-7.02014350000000,108.72546630000000,"KAB. KUNINGAN",CIMAHI,CIMULYA
696370,533212918663,"PJU *** **** *******",-7.05019200000000,108.60467500000000,"KAB. KUNINGAN",MALEBER,GALAHERANG
696371,533212923885,"PJU *** **** ** *******",-6.98431540000000,108.39911510000000,"KAB. KUNINGAN",DARMA,GUNUNGSIRAH
696372,533212920983,"PJU *** **** ** *******",-6.97041200000000,108.49513300000000,"KAB. KUNINGAN",KUNINGAN,CIJOHO
696373,533212920697,"PJU *** **** *** *******",-7.03372700000000,108.55104500000000,"KAB. KUNINGAN",MALEBER,CIKAHURIPAN
696374,533212921077,"PJU *** **** ******",-7.01452800000000,108.63936200000000,"KAB. KUNINGAN",LURAGUNG,LURAGUNGLANDEUH
696375,533212919291,"PJU *** **** *** *******",-6.97658170000000,108.53165830000000,"KAB. KUNINGAN",SINDANGAGUNG,SINDANGAGUNG
696376,533212919417,"PJU *** **** ********",-6.96795220000000,108.49236850000000,"KAB. KUNINGAN",KUNINGAN,CIJOHO
696377,533212916531,"PJU *** **** *** *******",-7.00535100000000,108.54676700000000,"KAB. KUNINGAN",GARAWANGI,SUKAIMUT
696378,533212921093,"PJU *** **** *******",-7.07855700000000,108.72175200000000,"KAB. KUNINGAN",CIBEUREUM,KAWUNGSARI
696379,533212915292,"PJU *** **** *** ******",-7.05090000000000,108.50548500000000,"KAB. KUNINGAN",CINIRU,CIJEMIT
696380,533212919977,"PJU *** **** ** *******",-7.04665800000000,108.73017000000000,"KAB. KUNINGAN",CIBINGBIN,CIANGIR
696381,533212916229,"PJU *** **** *******",-6.96802500000000,108.60606800000000,"KAB. KUNINGAN",KALIMANGGIS,KALIMANGGISKULON
696382,533212919910,"PJU *** **** *** *******",-7.05291500000000,108.75923500000000,"KAB. KUNINGAN",CIBINGBIN,CIBINGBIN
696383,533212915330,"PJU *** **** *** ******",-6.98574645000000,108.46727360000000,"KAB. KUNINGAN",CIGUGUR,CIGADUNG
696384,533212920082,"PJU *** **** *** ********",-6.98065100000000,108.52164000000000,"KAB. KUNINGAN",SINDANGAGUNG,KADUAGUNG
696385,533212916939,"PJU *** **** *** *******",-7.02466100000000,108.45390510000000,"KAB. KUNINGAN",GARAWANGI,TAMBAKBAYA
696386,533212916485,"PJU *** **** *** ******",-7.99864070000000,108.55604616000000,"KAB. KUNINGAN",GARAWANGI,MEKARMULYA
696387,533212918701,"PJU *** **** *******",-7.02140500000000,108.56238500000000,"KAB. KUNINGAN",MALEBER,KUTARAJA
696388,533212920074,"PJU *** **** *** ********",-6.97456300000000,108.53549300000000,"KAB. KUNINGAN",SINDANGAGUNG,KERTAYASA
696389,533212918888,"PJU *** **** ** *******",-7.05422000000000,108.52974700000000,"KAB. KUNINGAN",CINIRU,PAMUPUKAN
696390,533212924498,"PJU *** **** ** *******",-6.98650000000000,108.66090000000000,"KAB. KUNINGAN",CIDAHU,DATAR
696391,533212925275,"PJU *** **** *** ******",-6.99157700000000,108.62586200000000,"KAB. KUNINGAN",LURAGUNG,CIKANDANG
696392,533212924975,"PJU *** **** ********",-6.96961600000000,108.43881600000000,"KAB. KUNINGAN",CIGUGUR,BABAKANMULYA
696393,533212919200,"PJU *** **** ********",-6.95621700000000,108.53467000000000,"KAB. KUNINGAN",SINDANGAGUNG,DUKUHLOR
696394,533212918918,"PJU *** **** *** *******",-7.04661000000000,108.49477300000000,"KAB. KUNINGAN",CINIRU,CINIRU
696395,533212920743,"PJU *** **** *** *******",-7.07989000000000,108.71930000000000,"KAB. KUNINGAN",CIBEUREUM,KAWUNGSARI
696396,533212918870,"PJU *** **** *** *******",-7.05422000000000,108.52974700000000,"KAB. KUNINGAN",CINIRU,PAMUPUKAN
696397,533212926721,"PJU *** **** *** *******",-7.09594700000000,108.58807500000000,"KAB. KUNINGAN",CILEBAK,CILIMUSARI
696398,533212919050,"PJU *** **** *******",-7.04418500000000,108.75612800000000,"KAB. KUNINGAN",CIBINGBIN,CITENJO
696399,533212918792,"PJU *** **** ** *******",-7.06160800000000,108.53679800000000,"KAB. KUNINGAN",CINIRU,CIPEDES
696400,533212918896,"PJU *** **** ********",-7.02322830000000,108.47923830000000,"KAB. KUNINGAN",CINIRU,LONGKEWANG
696401,533212923844,"PJU *** **** *** *******",-7.01863420000000,108.39887000000000,"KAB. KUNINGAN",DARMA,PANINGGARAN
696402,533212924074,"PJU *** **** *** *******",-7.10331500000000,108.61496000000000,"KAB. KUNINGAN",CIWARU,SUMBERJAYA
696403,533212920502,"PJU *** **** *** *******",-7.01441700000000,108.57366800000000,"KAB. KUNINGAN",MALEBER,CIPORANG
696404,533212919458,"PJU *** **** *** *******",-6.97822830000000,108.48031600000000,"KAB. KUNINGAN",KUNINGAN,PURWAWINANGUN
696405,533212920017,"PJU *** **** ** *******",-6.97246100000000,108.52903600000000,"KAB. KUNINGAN",SINDANGAGUNG,KERTAWANGUNAN
696406,533212921198,"PJU *** **** *** *******",-7.09372970000000,108.70635800000000,"KAB. KUNINGAN",CIBEUREUM,CIMARA
696407,533212922053,"PJU *** **** *******",-6.96120000000000,108.68240000000000,"KAB. KUNINGAN",CIMAHI,CIKEUSAL
696408,533212920630,"PJU *** **** ** *******",-7.01370200000000,108.57313000000000,"KAB. KUNINGAN",MALEBER,CIPORANG
696409,533212919242,"PJU *** **** **********",-6.97857670000000,108.51761670000000,"KAB. KUNINGAN",SINDANGAGUNG,SINDANGSARI
696410,533212920792,"PJU *** **** ** *******",-6.97984200000000,108.97723000000000,"KAB. KUNINGAN",KUNINGAN,AWIRARANGAN
696411,533212919490,"PJU *** **** *** *******",-6.96905660000000,108.51789990000000,"KAB. KUNINGAN",KUNINGAN,ANCARAN
696412,533212918329,"PJU *** **** *** *******",-7.02680200000000,108.60513200000000,"KAB. KUNINGAN",LEBAKWANGI,CIPETIR
696413,533212923757,"PJU *** **** *******",-6.99789270000000,108.39659390000000,"KAB. KUNINGAN",DARMA,KARANGANYAR
696414,533212920750,"PJU *** **** *******",-7.08445500000000,108.71891200000000,"KAB. KUNINGAN",CIBEUREUM,SUKARAPIH
696415,533212923708,"PJU *** **** *******",-6.98159540000000,108.39056830000000,"KAB. KUNINGAN",DARMA,GUNUNGSIRAH
696416,533212923300,"PJU *** **** ******",-6.98647000000000,108.43265500000000,"KAB. KUNINGAN",KADUGEDE,CIHERANG
696417,533212924431,"PJU *** **** *** *******",-6.98650000000000,108.66090000000000,"KAB. KUNINGAN",CIDAHU,DATAR
696418,533711249294,"PJU *** **** *** *******",-6.93772590000000,108.52340750000000,"KAB. KUNINGAN",JALAKSANA,SINDANGBARANG
696419,533212923678,"PJU *** **** *** *******",-6.98867000000000,108.41418500000000,"KAB. KUNINGAN",DARMA,KARANGSARI
696420,533212924735,"PJU *** **** *******",-7.09470300000000,108.65767200000000,"KAB. KUNINGAN",KARANGKANCANA,KARANGKANCANA
696421,533212924655,"PJU *** **** *** *******",-7.05280800000000,108.68377000000000,"KAB. KUNINGAN",KARANGKANCANA,SIMPAYJAYA
696422,533212922564,"PJU *** **** *** *******",-6.99583000000000,108.43205300000000,"KAB. KUNINGAN",NUSAHERANG,JAMBAR
696423,533212926037,"PJU *** **** ********",-6.98733700000000,108.60860900000000,"KAB. KUNINGAN",CIAWIGEBANG,GERESIK
696424,533212925587,"PJU *** **** *** *******",-6.97060000000000,108.55430000000000,"KAB. KUNINGAN",CIAWIGEBANG,CIJAGAMULYA
696425,533212925632,"PJU *** **** *** *******",-6.97740000000000,108.56560000000000,"KAB. KUNINGAN",CIAWIGEBANG,CIOMAS
696426,533212926307,"PJU *** **** *** *******",-6.97000000000000,108.56340000000000,"KAB. KUNINGAN",CIAWIGEBANG,DUKUHDALEM
696427,533212921250,"PJU *** **** *** *******",-6.98655300000000,108.47616700000000,"KAB. KUNINGAN",KUNINGAN,KUNINGAN
696428,533212926181,"PJU *** **** *** ********",-6.96810000000000,108.56580000000000,"KAB. KUNINGAN",CIAWIGEBANG,PANGKALAN
696429,533212918975,"PJU *** **** ********",-7.08675700000000,108.51455300000000,"KAB. KUNINGAN",CINIRU,PINARA
696430,533212926251,"PJU *** **** ********",-6.99630480000000,108.60670420000000,"KAB. KUNINGAN",CIAWIGEBANG,KARAMATMULYA
696431,533212916166,"PJU *** **** *******",-6.96593000000000,108.65966558000000,"KAB. KUNINGAN",KALIMANGGIS,KALIMANGGISKULON
696432,533212915227,"PJU *** **** ******",-6.99082500000000,108.53760800000000,"KAB. KUNINGAN",GARAWANGI,CITIUSARI
696433,533212916316,"PJU *** **** *** *******",-7.05647600000000,108.45322000000000,"KAB. KUNINGAN",HANTARA,HANTARA
696434,533212916947,"PJU *** **** *** *******",-7.06402800000000,108.47260500000000,"KAB. KUNINGAN",HANTARA,PASIRAGUNG
696435,533212906835,"PJU ****** *** **********",-6.97517200000000,108.63284200000000,"KAB. KUNINGAN",CIDAHU,NANGGELA
696436,533212905634,"PJU ****** *** **********",-6.98583500000000,108.56927100000000,"KAB. KUNINGAN",CIAWIGEBANG,SIDARAJA
696437,533212912494,"PJU *** **** ** *******",-6.98125630000000,108.53941730000000,"KAB. KUNINGAN",SINDANGAGUNG,SINDANGAGUNG
696438,533212912599,"PJU  *** **** ** ******",-6.98270350000000,108.47675440000000,"KAB. KUNINGAN",KUNINGAN,KUNINGAN
696439,533212912508,"PJU *** **** ** *******",-6.98414720000000,108.48136400000000,"KAB. KUNINGAN",KUNINGAN,KUNINGAN
696440,533212912460,"PJU *** **** ** *******",-6.98135330000000,108.48461500000000,"KAB. KUNINGAN",KUNINGAN,KUNINGAN
696441,533212912390,"PJU *** **** ** *******",-6.99848350000000,108.46116180000000,"KAB. KUNINGAN",KADUGEDE,WINDUJANTEN
696442,533212912685,"PJU *** **** ** ******",-6.95518330000000,108.49661330000000,"KAB. KUNINGAN",KUNINGAN,KASTURI
696443,533212918577,"PJU *** **** ***** ******",-6.96820360000000,108.45542610000000,"KAB. KUNINGAN",CIGUGUR,CIGUGUR
696444,533212923404,"PJU *** **** *** ******",-6.98664900000000,108.43161300000000,"KAB. KUNINGAN",KADUGEDE,CIHERANG
696445,533212924464,"PJU *** **** *** *******",-6.97982700000000,108.62108800000000,"KAB. KUNINGAN",CIDAHU,CIHIDEUNGHILIR
696446,533212922203,"PJU *** **** *** *******",-6.96210000000000,108.68320000000000,"KAB. KUNINGAN",CIMAHI,CIKEUSAL
696447,533212919388,"PJU *** **** ********",-6.99319928000000,108.48674210000000,"KAB. KUNINGAN",KUNINGAN,CITANGTU
696448,533212922211,"PJU *** **** *** *******",-6.96490000000000,108.68350000000000,"KAB. KUNINGAN",CIMAHI,CIKEUSAL
696449,533212919512,"PJU *** **** *** *******",-6.96878830000000,108.49328000000000,"KAB. KUNINGAN",KUNINGAN,CIJOHO
696450,533212918112,"PJU ***** *** ********",-7.11795500000000,108.65799200000000,"KAB. KUNINGAN",KARANGKANCANA,MARGACINA
696451,533212919433,"PJU *** **** ********",-6.96897040000000,108.51498460000000,"KAB. KUNINGAN",KUNINGAN,ANCARAN
696452,533212916158,"PJU *** **** *******",-6.96894140000000,108.61185340000000,"KAB. KUNINGAN",KALIMANGGIS,KALIMANGGISWETAN
696453,533212918821,"PJU *** **** ********",-7.04884000000000,108.53059700000000,"KAB. KUNINGAN",CINIRU,PAMUPUKAN
696454,533212918689,"PJU *** **** *******",-7.02952000000000,108.57399500000000,"KAB. KUNINGAN",MALEBER,KARANGTENGAH
696455,533212926705,"PJU *** **** *******",-7.10994300000000,108.58304800000000,"KAB. KUNINGAN",CILEBAK,PATALA
696456,533212925130,"PJU *** **** *** *******",-6.98555700000000,108.62251700000000,"KAB. KUNINGAN",LURAGUNG,PANYOSOGAN
696457,533212915363,"PJU *** **** ** ******",-7.05698246000000,108.46515869000000,"KAB. KUNINGAN",HANTARA,PAKAPASANHILIR
696458,533212925092,"PJU *** **** ********",-6.96224300000000,108.45191160000000,"KAB. KUNINGAN",CIGUGUR,CISANTANA
696459,533212918959,"PJU *** **** ********",-7.04310300000000,108.50051500000000,"KAB. KUNINGAN",CINIRU,CINIRU
696460,533212915180,"PJU *** **** ******",-6.99919000000000,108.53531800000000,"KAB. KUNINGAN",GARAWANGI,CITIUSARI
696461,533212925951,"PJU *** **** *** *******",-6.92441400000000,108.54207100000000,"KAB. KUNINGAN",CIPICUNG,PAMULIHAN
696462,533212922373,"PJU *** **** *** *******",-6.99158000000000,108.42995200000000,"KAB. KUNINGAN",NUSAHERANG,JAMBAR
696463,533212923262,"PJU *** **** ******",-7.00649710000000,108.47093840000000,"KAB. KUNINGAN",KADUGEDE,NANGKA
696464,533212923375,"PJU *** **** *** ******",-7.00536800000000,108.45357070000000,"KAB. KUNINGAN",KADUGEDE,KADUGEDE
696465,533212920569,"PJU *** **** *******",-7.04375700000000,108.56590200000000,"KAB. KUNINGAN",MALEBER,PADAMULYA
696466,533212916921,"PJU *** **** *******",-6.98462180000000,108.55777910000000,"KAB. KUNINGAN",LEBAKWANGI,PAGUNDAN
696467,533212919624,"PJU *** **** ********",-6.95003360000000,108.49587710000000,"KAB. KUNINGAN",KUNINGAN,KASTURI
696468,533212925425,"PJU *** **** *******",-7.03830000000000,108.60791000000000,"KAB. KUNINGAN",LURAGUNG,WALAHARCAGEUR
696469,533212923168,"PJU *** **** ******",-6.99381000000000,108.44439200000000,"KAB. KUNINGAN",KADUGEDE,BAYUNING
696470,533212923221,"PJU *** **** ** ******",-6.98677800000000,108.45016500000000,"KAB. KUNINGAN",KADUGEDE,BAYUNING
696471,533212921172,"PJU *** **** ******",-6.99850200000000,108.64130300000000,"KAB. KUNINGAN",LURAGUNG,GUNUNGKARUNG
696472,533212924138,"PJU *** **** *** *******",-7.09165500000000,108.60524000000000,"KAB. KUNINGAN",CIWARU,LEBAKHERANG
696473,533212923342,"PJU *** **** *** ******",-6.99911870000000,108.45149110000000,"KAB. KUNINGAN",KADUGEDE,BABATAN
696474,533212922237,"PJU *** **** ***  *******",-6.98699400000000,108.69341800000000,"KAB. KUNINGAN",CIMAHI,CIMAHI
696475,533212922109,"PJU *** **** ***  *******",-7.00355400000000,108.70777300000000,"KAB. KUNINGAN",CIMAHI,GUNUNGSARI
696476,533212922245,"PJU *** **** *******",-7.02543300000000,108.67823300000000,"KAB. KUNINGAN",CIMAHI,CILEUYA
696477,533212918281,"PJU *** **** *******",-7.02522200000000,108.60457500000000,"KAB. KUNINGAN",LEBAKWANGI,CIPETIR
696478,533212925745,"PJU *** **** *** *******",-6.93997820000000,108.53653030000000,"KAB. KUNINGAN",CIPICUNG,MEKARSARI
696479,533212925794,"PJU *** **** *** *******",-6.96495500000000,108.55334700000000,"KAB. KUNINGAN",CIPICUNG,KAROYA
696480,533212921028,"PJU *** **** *** *******",-6.99018603000000,108.48415156000000,"KAB. KUNINGAN",KUNINGAN,CITANGTU
696481,533212926323,"PJU *** **** ** *******",-6.98006180000000,108.59235470000000,"KAB. KUNINGAN",CIAWIGEBANG,CIHIRUP
696482,533212924337,"PJU *** **** *******",-6.95860000000000,108.68090000000000,"KAB. KUNINGAN",CIDAHU,CIKEUSIK
696483,533212926157,"PJU *** **** *** *******",-6.94066800000000,108.53746700000000,"KAB. KUNINGAN",CIPICUNG,MEKARSARI
696484,533212922428,"PJU *** **** *** *******",-7.02080000000000,108.44150000000000,"KAB. KUNINGAN",NUSAHERANG,WINDUSARI
696485,533212924352,"PJU *** **** *** *******",-6.95480000000000,108.68260000000000,"KAB. KUNINGAN",CIDAHU,CIKEUSIK
696486,533212925760,"PJU *** **** *** *******",-6.96800000000000,108.58610000000000,"KAB. KUNINGAN",CIAWIGEBANG,CIAWIGEBANG
696487,533212918854,"PJU *** **** ********",-7.08758686000000,108.49787450000000,"KAB. KUNINGAN",CINIRU,GUNUNGMANIK
696488,533212922332,"PJU *** **** *******",-6.98200000000000,108.68110000000000,"KAB. KUNINGAN",CIMAHI,KANANGA
696489,533212920934,"PJU *** **** ** *******",-6.98117440000000,108.48370520000000,"KAB. KUNINGAN",KUNINGAN,KUNINGAN
696490,533212922278,"PJU *** **** ***  *******",-7.02413200000000,108.72640300000000,"KAB. KUNINGAN",CIMAHI,CIMULYA
696491,533212918074,"PJU ***** *** ********",-7.03659300000000,108.70833500000000,"KAB. KUNINGAN",CIMAHI,MARGAMUKTI
696492,533212912532,"PJU *** **** ** *******",-6.97229400000000,108.58128900000000,"KAB. KUNINGAN",CIAWIGEBANG,CIAWIGEBANG
696493,533212912764,"PJU *** **** ** *******",-7.06213600000000,108.43146400000000,"KAB. KUNINGAN",HANTARA,BUNIGEULIS
696494,533212912565,"PJU *** **** ** *******",-6.98129380000000,108.48229300000000,"KAB. KUNINGAN",KUNINGAN,KUNINGAN
696495,533212924551,"PJU *** **** *******",-7.08794500000000,108.64732000000000,"KAB. KUNINGAN",KARANGKANCANA,SEGONG
696496,533212915306,"PJU *** **** *** ******",-7.04121300000000,108.50445800000000,"KAB. KUNINGAN",CINIRU,CINIRU
696497,533212921069,"PJU *** **** ** *******",-6.97239800000000,108.52096000000000,"KAB. KUNINGAN",KUNINGAN,ANCARAN
696498,533212919579,"PJU *** **** *** *******",-6.94886350000000,108.49055660000000,"KAB. KUNINGAN",KUNINGAN,KASTURI
696499,533212925001,"PJU *** **** *** *******",-6.97101830000000,108.43608500000000,"KAB. KUNINGAN",CIGUGUR,PUNCAK
696500,533212924888,"PJU *** **** ********",-6.96433800000000,108.46616400000000,"KAB. KUNINGAN",CIGUGUR,CIPARI
696501,533212915562,"PJU *** **** *** *******",-7.02035200000000,108.51022200000000,"KAB. KUNINGAN",GARAWANGI,KADATUAN
696502,533212915348,"PJU *** **** ** ******",-7.06273028000000,108.43543220000000,"KAB. KUNINGAN",HANTARA,BUNIGEULIS
696503,533212919043,"PJU *** **** *******",-7.08151800000000,108.74782700000000,"KAB. KUNINGAN",CIBINGBIN,CIANGIR
696504,533212919561,"PJU *** **** ********",-6.96398650000000,108.50549920000000,"KAB. KUNINGAN",KUNINGAN,KEDUNGARUM
696505,533212569012,"PJU **** ********",-6.95707910000000,108.68277380000000,"KAB. KUNINGAN",CIDAHU,CIKEUSIK
696506,533212569053,"PJU **** ********",-6.95931870000000,108.68418290000000,"KAB. KUNINGAN",CIDAHU,CIKEUSIK
696507,533212569095,"PJU **** ********",-6.95759970000000,108.68338720000000,"KAB. KUNINGAN",CIDAHU,CIKEUSIK
696508,533212916891,"PJU *** **** *******",-6.99973280000000,108.55970300000000,"KAB. KUNINGAN",LEBAKWANGI,PAJAWANKIDUL
696509,533212915459,"PJU *** **** *** *******",-7.08868000000000,108.51160000000000,"KAB. KUNINGAN",GARAWANGI,CIRUKEM
696510,533212906798,"PJU ****** *** ******** *",-6.97303800000000,108.63338000000000,"KAB. KUNINGAN",CIDAHU,NANGGELA
696511,533212906723,"PJU ****** *** ******** *",-6.97399800000000,108.63577000000000,"KAB. KUNINGAN",CIDAHU,NANGGELA
696512,533212906906,"PJU ****** *** **********",-6.58173730000000,108.38151720000000,"KAB. KUNINGAN",CIDAHU,NANGGELA
696513,533212906876,"PJU ****** *** ******** *",-6.97459500000000,108.63519500000000,"KAB. KUNINGAN",CIDAHU,NANGGELA
696514,533212916340,"PJU *** **** *** *******",-6.99489500000000,108.51326200000000,"KAB. KUNINGAN",GARAWANGI,LENGKONG
696515,533212915149,"PJU *** **** *******",-7.06053702000000,108.47526152000000,"KAB. KUNINGAN",HANTARA,PAKAPASANGIRANG
696516,533212915172,"PJU *** **** ******",-7.00366741000000,108.51295276000000,"KAB. KUNINGAN",GARAWANGI,TEMBONG
696517,533212922229,"PJU *** **** *******",-6.94329000000000,108.69910000000000,"KAB. KUNINGAN",CIMAHI,MEKARJAYA
696518,533212924153,"U B** **** *** *******",-7.08479500000000,108.63986500000000,"KAB. KUNINGAN",CIWARU,LINGGAJAYA
696519,533212924281,"PJU *** **** *******",-6.98160000000000,108.64870000000000,"KAB. KUNINGAN",CIDAHU,CIDAHU
696520,533212926713,"PJU *** **** *** *******",-7.11392300000000,108.60377000000000,"KAB. KUNINGAN",CILEBAK,PATALA
696521,533212925396,"PJU *** **** ** ******",-7.01783600000000,108.63813600000000,"KAB. KUNINGAN",LURAGUNG,LURAGUNGLANDEUH
696522,533212916970,"PJU *** **** *** *******",-7.05711800000000,108.44742200000000,"KAB. KUNINGAN",HANTARA,BUNIGEULIS
696523,533212919267,"PJU *** **** ********",-6.96320700000000,108.53002000000000,"KAB. KUNINGAN",SINDANGAGUNG,BABAKANREUMA
696524,533212916308,"PJU *** **** *** *******",-7.05854900000000,108.45923700000000,"KAB. KUNINGAN",HANTARA,HANTARA
696525,533212920671,"PJU *** **** ** *******",-7.03933700000000,108.58777200000000,"KAB. KUNINGAN",MALEBER,MEKARSARI
696526,533212923359,"PJU *** **** *** ******",-6.97878300000000,108.42349000000000,"KAB. KUNINGAN",KADUGEDE,CISUKADANA
696527,533212924303,"PJU *** **** *** *******",-6.97870000000000,108.63200000000000,"KAB. KUNINGAN",CIDAHU,NANGGELA
696528,533212919969,"PJU *** **** *** *******",-7.05262800000000,108.74694500000000,"KAB. KUNINGAN",CIBINGBIN,SUKAMAJU
696529,533212919425,"PJU *** **** ********",-6.96271660000000,108.48900650000000,"KAB. KUNINGAN",KUNINGAN,CIGINTUNG
696530,533212926269,"PJU *** **** ********",-6.97520000000000,108.56070000000000,"KAB. KUNINGAN",CIAWIGEBANG,CIOMAS
696531,533212926116,"PJU *** **** ********",-6.96600000000000,108.56720000000000,"KAB. KUNINGAN",CIAWIGEBANG,PANGKALAN
696532,533212925807,"PJU *** **** *** *******",-6.94441600000000,108.53986400000000,"KAB. KUNINGAN",CIPICUNG,CIPICUNG
696533,533212925504,"PJU *** **** *** *******",-6.93548000000000,108.53968800000000,"KAB. KUNINGAN",CIPICUNG,MEKARSARI
696534,533212925148,"PJU *** **** *******",-6.94503900000000,108.54208900000000,"KAB. KUNINGAN",CIPICUNG,CIPICUNG
696535,533212922598,"PJU *** **** *** *******",-7.01666080000000,108.43153010000000,"KAB. KUNINGAN",NUSAHERANG,HAURKUNING
696536,533212920784,"PJU *** **** *** *******",-7.05104200000000,108.71240500000000,"KAB. KUNINGAN",CIBEUREUM,RANDUSARI
696537,533212920614,"PJU *** **** *******",-7.04109000000000,108.58821300000000,"KAB. KUNINGAN",MALEBER,MEKARSARI
696538,533212924847,"PJU *** **** ** *******",-6.97125700000000,108.46302200000000,"KAB. KUNINGAN",CIGUGUR,CIGUGUR
696539,533212925242,"PJU *** **** *** ******",-7.01290400000000,108.63987200000000,"KAB. KUNINGAN",LURAGUNG,LURAGUNGLANDEUH
696540,533212920776,"PJU *** **** *******",-7.04454500000000,108.72913800000000,"KAB. KUNINGAN",CIBEUREUM,TARIKOLOT
696541,533212921156,"PJU *** **** *******",-7.01934700000000,108.62404000000000,"KAB. KUNINGAN",LURAGUNG,MARGASARI
696542,533212919122,"PJU *** **** *** *******",-6.97652500000000,108.51449670000000,"KAB. KUNINGAN",SINDANGAGUNG,SINDANGSARI
696543,533212926045,"PJU *** **** *** *******",-6.98005900000000,108.59235690000000,"KAB. KUNINGAN",CIAWIGEBANG,CIAWILOR
696544,533212919339,"PJU *** **** ********",-6.98920840000000,108.49688520000000,"KAB. KUNINGAN",KUNINGAN,WINDUHAJI
696545,533212924179,"PJU *** **** *******",-7.05055700000000,637.29500000000000,"KAB. KUNINGAN",CIWARU,GARAJATI
696546,533212923956,"PJU *** **** *******",-7.08995700000000,108.59905800000000,"KAB. KUNINGAN",CIWARU,LEBAKHERANG
696547,533212923383,"PJU *** **** *** ******",-6.99072300000000,108.43700700000000,"KAB. KUNINGAN",KADUGEDE,TINGGAR
696548,533212924750,"PJU *** **** *******",-7.09832500000000,108.65738000000000,"KAB. KUNINGAN",KARANGKANCANA,KADUAGUNG
696549,533212924058,"PJU *** **** *** *******",-7.11080500000000,108.63776000000000,"KAB. KUNINGAN",CIWARU,SAGARANTEN
696550,533212922141,"PJU *** **** ***  *******",-7.03258800000000,108.67244200000000,"KAB. KUNINGAN",CIMAHI,CILEUYA
696551,533212922182,"PJU *** **** ***  *******",-7.00645200000000,108.68009970000000,"KAB. KUNINGAN",CIMAHI,MARGAMUKTI
696552,533212922252,"PJU *** **** ** *******",-7.04192700000000,108.67988000000000,"KAB. KUNINGAN",CIMAHI,CILEUYA
696553,533212924112,"PJU *** **** *** *******",-7.10978000000000,108.61907000000000,"KAB. KUNINGAN",CIWARU,CITUNDUN
696554,533212915077,"PJU *** **** *******",-7.06400700000000,108.47059000000000,"KAB. KUNINGAN",HANTARA,PASIRAGUNG
696555,533212918257,"PJU *** **** *******",-6.99525800000000,108.56715730000000,"KAB. KUNINGAN",LEBAKWANGI,MANGGARI
696556,533212918041,"PJU ***** *** ********",-7.11616500000000,108.65733300000000,"KAB. KUNINGAN",KARANGKANCANA,MARGACINA
696557,533212918265,"PJU *** **** *** *******",-6.99253400000000,108.58907200000000,"KAB. KUNINGAN",LEBAKWANGI,BENDUNGAN
696558,533212915044,"PJU *** **** *******",-7.05768300000000,108.45669100000000,"KAB. KUNINGAN",HANTARA,HANTARA
696559,533212916357,"PJU *** **** *** *******",-7.05740800000000,108.44619500000000,"KAB. KUNINGAN",HANTARA,TUNDAGAN
696560,533212916294,"PJU *** **** *** *******",-7.02717200000000,108.53293800000000,"KAB. KUNINGAN",GARAWANGI,KUTAKEMBARAN
696561,533212918378,"PJU *** **** *** *******",-7.02009000000000,108.59556000000000,"KAB. KUNINGAN",LEBAKWANGI,CINEUMBEUY
696562,533212920090,"PJU *** **** *** ********",-6.97244300000000,108.53041000000000,"KAB. KUNINGAN",SINDANGAGUNG,KERTAWANGUNAN
696563,533212916079,"PJU *** **** *** *******",-6.96117643000000,108.61757362000000,"KAB. KUNINGAN",KALIMANGGIS,PARTAWANGUNAN
696564,533212919354,"PJU *** **** *** *******",-6.97822830000000,108.48031160000000,"KAB. KUNINGAN",KUNINGAN,PURWAWINANGUN
696565,533212920009,"PJU *** **** ********",-6.97830660000000,108.51452260000000,"KAB. KUNINGAN",SINDANGAGUNG,SINDANGSARI
696566,533212916141,"PJU *** **** *** *******",-6.96698386000000,108.61990990000000,"KAB. KUNINGAN",KALIMANGGIS,KALIMANGGISWETAN
696567,533212915276,"PJU *** **** ** ******",-7.05664354000000,108.43776695000000,"KAB. KUNINGAN",HANTARA,BUNIGEULIS
696568,533212922174,"PJU *** **** *******",-6.96293000000000,108.68785000000000,"KAB. KUNINGAN",CIMAHI,MULYAJAYA
696569,533212924329,"PJU *** **** *** *******",-6.98470000000000,108.66080000000000,"KAB. KUNINGAN",CIDAHU,BUNDER
696570,533212924959,"PJU *** **** ** *******",-6.96966400000000,108.47184900000000,"KAB. KUNINGAN",CIGUGUR,WINDUHERANG
696571,533212922038,"PJU *** **** *** *******",-7.03026800000000,108.57573300000000,"KAB. KUNINGAN",MALEBER,MEKARSARI
696572,533212919595,"PJU *** **** *** *******",-6.97484830000000,108.48433090000000,"KAB. KUNINGAN",KUNINGAN,PURWAWINANGUN
696573,533212925197,"PJU *** **** *** *******",-7.03304700000000,108.62678800000000,"KAB. KUNINGAN",LURAGUNG,SINDANGSARI
696574,533212919370,"PJU *** **** *** *******",-6.97092440000000,108.51812860000000,"KAB. KUNINGAN",KUNINGAN,ANCARAN
696575,533212921002,"PJU *** **** *** ******",-6.99599810000000,108.48143020000000,"KAB. KUNINGAN",KUNINGAN,CITANGTU
696576,533212922117,"PJU *** **** ***  *******",-6.95930000000000,108.68490000000000,"KAB. KUNINGAN",CIMAHI,CIKEUSAL
696577,533212925218,"PJU *** **** *** ******",-7.04079610000000,108.62840370000000,"KAB. KUNINGAN",LURAGUNG,DUKUHPICUNG
696578,533212925321,"PJU *** **** *******",-6.96215563000000,108.56098570000000,"KAB. KUNINGAN",CIPICUNG,SUSUKAN
696579,533212925936,"PJU *** **** *** *******",-6.98005900000000,108.59235690000000,"KAB. KUNINGAN",CIPICUNG,SUGANANGAN
696580,533212923603,"PJU *** **** *******",-6.96911000000000,108.42017700000000,"KAB. KUNINGAN",DARMA,SAGARAHIANG
696581,533212921180,"PJU *** **** ** *******",-7.08868500000000,108.70628700000000,"KAB. KUNINGAN",CIBEUREUM,CIMARA
696582,533212920847,"PJU *** **** *** *******",-6.97282240000000,108.51594260000000,"KAB. KUNINGAN",KUNINGAN,ANCARAN
696583,533212918058,"PJU ***** *** ********",-7.11794300000000,108.65739800000000,"KAB. KUNINGAN",KARANGKANCANA,MARGACINA
696584,533212915243,"PJU *** **** ** ******",-6.99279544000000,108.53535499000000,"KAB. KUNINGAN",GARAWANGI,PURWASARI
696585,533212922477,"PJU *** **** *** *******",-7.02066200000000,108.42951700000000,"KAB. KUNINGAN",NUSAHERANG,HAURKUNING
696586,533212824872,"PJU ** *********** *",-7.04391500000000,108.62800800000000,"KAB. KUNINGAN",LURAGUNG,DUKUHPICUNG
696587,533212824902,"PJU ** ******** *",-6.93390330000000,108.57746170000000,"KAB. KUNINGAN",CIAWIGEBANG,SUKARAJA
696588,533212824864,"PJU ** *********** *",-7.04066800000000,108.62359800000000,"KAB. KUNINGAN",LURAGUNG,DUKUHPICUNG
696589,533212824898,"PJU ** *********** *",-7.04628700000000,108.62657500000000,"KAB. KUNINGAN",LURAGUNG,DUKUHPICUNG
696590,533212824936,"PJU ** ******** *",-6.99318880000000,108.67047370000000,"KAB. KUNINGAN",CIAWIGEBANG,SUKARAJA
696591,533212824880,"PJU ** *********** *",-7.04368000000000,108.62597300000000,"KAB. KUNINGAN",LURAGUNG,DUKUHPICUNG
696592,533212824910,"PJU ** ******** *",-6.93269800000000,108.58364500000000,"KAB. KUNINGAN",CIAWIGEBANG,SUKARAJA
696593,533212568978,"PJU **** ******* *****",-6.97297480100000,108.43839740000000,"KAB. KUNINGAN",CIGUGUR,BABAKANMULYA
696594,533212569125,"PJU **** ************",-6.97215670000000,108.43745480000000,"KAB. KUNINGAN",CIGUGUR,BABAKANMULYA
696595,533212569109,"PJU **** ************",-6.97119451000000,108.43662800000000,"KAB. KUNINGAN",CIGUGUR,BABAKANMULYA
696596,533212569174,"PJU **** ************",-6.97137974000000,108.43935220000000,"KAB. KUNINGAN",CIGUGUR,BABAKANMULYA
696597,533212569038,"PJU **** ************",-6.97241180000000,108.43725690000000,"KAB. KUNINGAN",CIGUGUR,BABAKANMULYA
696598,533212728467,"PJU ****** *** ********",-7.03926930000000,108.39737670000000,"KAB. KUNINGAN",DARMA,SUKARASA
696599,533212721239,"PJU ****** *** ********",-7.02323950000000,108.47944520000000,"KAB. KUNINGAN",CINIRU,LONGKEWANG
696600,533212721254,"PJU ********  **********",-7.02323950000000,108.47944520000000,"KAB. KUNINGAN",CINIRU,LONGKEWANG
696601,533212721247,"PJU ****** *** ********",-7.02488710000000,108.48056770000000,"KAB. KUNINGAN",CINIRU,LONGKEWANG
696602,533212618884,"PJU ****** *** ********",-6.91576530000000,108.59432290000000,"KAB. KUNINGAN",CIAWIGEBANG,PADARAMA
696603,533212667207,"PJU ****** *** ********",-6.98229340000000,108.65616810000000,"KAB. KUNINGAN",CIDAHU,KERTAWINANGUN
696604,533212667231,"PJU ****** *** ********",-6.98234770000000,108.65622370000000,"KAB. KUNINGAN",CIDAHU,KERTAWINANGUN
696605,533212667186,"PJU ****** *** ********",-6.98200790000000,108.65411880000000,"KAB. KUNINGAN",CIDAHU,KERTAWINANGUN
696606,533212824928,"PJU ** ******** *",-6.93491400000000,108.58313400000000,"KAB. KUNINGAN",CIAWIGEBANG,SUKARAJA
696607,533212824856,"PJU ** *********** *",-7.04097700000000,108.62868000000000,"KAB. KUNINGAN",LURAGUNG,DUKUHPICUNG
696608,533212667264,"PJU ****** *** ********",-6.98194660000000,108.65405600000000,"KAB. KUNINGAN",CIDAHU,KERTAWINANGUN
696609,533212667256,"PJU ****** *** ********",-6.98229340000000,108.65616810000000,"KAB. KUNINGAN",CIDAHU,KERTAWINANGUN
696610,533212667215,"PJU ****** *** ********",-6.98234770000000,108.65622370000000,"KAB. KUNINGAN",CIDAHU,KERTAWINANGUN
696611,533212667223,"PJU ****** *** ********",-6.98229340000000,108.65616810000000,"KAB. KUNINGAN",CIDAHU,KERTAWINANGUN
696612,533212667194,"PJU ****** *** ********",-6.98367740000000,108.65467380000000,"KAB. KUNINGAN",CIDAHU,KERTAWINANGUN
696613,533212569004,"PJU **** ************",-6.97215670000000,108.43745480000000,"KAB. KUNINGAN",CIGUGUR,BABAKANMULYA
696616,533211953697,"PJU *****",-7.01574860000000,108.62071700000000,"KAB. KUNINGAN",LURAGUNG,CIRAHAYU
696617,533211959045,"PJU *****",-7.00323330000000,108.58818500000000,"KAB. KUNINGAN",LEBAKWANGI,BENDUNGAN
696619,533211959078,"PJU *****",-6.99974080000000,108.58996630000000,"KAB. KUNINGAN",LEBAKWANGI,BENDUNGAN
696620,533211974968,"PJU *****",-7.00554333333330,108.39709666667000,"KAB. KUNINGAN",DARMA,CIKUPA
696621,533212721221,"PJU ****** *** ********",-7.02605220000000,108.52323330000000,"KAB. KUNINGAN",CINIRU,LONGKEWANG
696622,533212570666,"PJU ****** *** ********",-7.06671210000000,108.45482650000000,"KAB. KUNINGAN",HANTARA,CIKONDANG
696623,533212667249,"PJU ****** *** ********",-6.98143100000000,108.65592200000000,"KAB. KUNINGAN",CIDAHU,KERTAWINANGUN
696624,533212056394,"PJU ***** *",-7.06392060000000,108.63114230000000,"KAB. KUNINGAN",CIWARU,CIWARU
696625,533212056407,"PJU ***** *",-7.06435530000000,108.63182870000000,"KAB. KUNINGAN",CIWARU,CIWARU
696626,533212056415,"PJU ***** *",-7.08204400000000,108.62368600000000,"KAB. KUNINGAN",CIWARU,CIWARU
696627,533212056423,"PJU ***** *",-7.07759350000000,108.62719130000000,"KAB. KUNINGAN",CIWARU,CIWARU
696628,533212056431,"PJU ***** *",-7.06784430000000,108.62554150000000,"KAB. KUNINGAN",CIWARU,CIWARU
696629,533212056449,"PJU ***** *",-7.07518350000000,108.62813420000000,"KAB. KUNINGAN",CIWARU,CIWARU
696630,533212056456,"PJU ***** *",-7.08043920000000,108.62430340000000,"KAB. KUNINGAN",CIWARU,CIWARU
696631,533212129151,"PJU *****",-6.96437965300000,108.51527990000000,"KAB. KUNINGAN",SINDANGAGUNG,BABAKANREUMA
696632,533212043165,"PJU ***** *",-6.97883580000000,108.54328910000000,"KAB. KUNINGAN",MALEBER,CIKAHURIPAN
696634,533212078198,"PJU ***** ********  *",-7.01726090000000,108.63390240000000,"KAB. KUNINGAN",LURAGUNG,LURAGUNGTONGGOH
696635,533212078201,"PJU ***** ********  *",-7.01673730000000,108.63239460000000,"KAB. KUNINGAN",LURAGUNG,LURAGUNGTONGGOH
696636,533212078219,"PJU ***** ********  *",-7.01673730000000,108.63239460000000,"KAB. KUNINGAN",LURAGUNG,LURAGUNGTONGGOH
696637,533212078227,"PJU ***** ********  *",-7.01673730000000,108.63239460000000,"KAB. KUNINGAN",LURAGUNG,LURAGUNGTONGGOH
696638,533212618669,"PJU ****** *** ********",-6.97514470000000,108.44017400000000,"KAB. KUNINGAN",CIGUGUR,CIGUGUR
696639,533212618756,"PJU ****** *** ********",-6.97263210000000,108.43853100000000,"KAB. KUNINGAN",CIGUGUR,CIGUGUR
696640,533212618780,"PJU ****** *** ********",-6.97515870000000,108.43850910000000,"KAB. KUNINGAN",CIGUGUR,CIGUGUR
696641,533212618685,"PJU ****** *** ********",-6.97536250000000,108.44069810000000,"KAB. KUNINGAN",CIGUGUR,CIGUGUR
696642,533212887426,"PJU **** ******** *",-7.05045000000000,108.64750000000000,"KAB. KUNINGAN",CIWARU,GARAJATI
696643,533212915219,"PJU *** **** ******",-6.99547321000000,108.51341399000000,"KAB. KUNINGAN",GARAWANGI,CITIUSARI
696644,533212916556,"PJU *** **** *** ******",-7.00006800000000,108.51153800000000,"KAB. KUNINGAN",GARAWANGI,LENGKONG
696645,533212905492,"PJU ****** *** **********",-7.00330500000000,108.57002300000000,"KAB. KUNINGAN",LEBAKWANGI,PAJAWANKIDUL
696646,533212910889,"PJU *** **",-6.96913555215560,108.57800222933000,"KAB. KUNINGAN",CIAWIGEBANG,CIAWIGEBANG
696647,533212910848,"PJU  ******** **",-6.98005970000000,108.59234890000000,"KAB. KUNINGAN",CIAWIGEBANG,KADURAMA
696648,533212910863,"PJU ******** **",-6.98002220000000,108.59236510000000,"KAB. KUNINGAN",CIAWIGEBANG,KADURAMA
696649,533212910855,"PJU ******** **",-6.98006160000000,108.59235360000000,"KAB. KUNINGAN",CIAWIGEBANG,SUKARAJA
696650,533212926739,"PJU *** **** *******",-7.10004700000000,108.58714500000000,"KAB. KUNINGAN",CILEBAK,CILIMUSARI
696651,533212923517,"PJU *** **** ** ******",-7.05590920000000,108.39911870000000,"KAB. KUNINGAN",DARMA,CAGEUR
696652,533212924041,"PJU *** **** *******",-7.08385500000000,108.62126000000000,"KAB. KUNINGAN",CIWARU,CILAYUNG
696653,533212924813,"PJU *** **** *******",-7.05503800000000,108.68729800000000,"KAB. KUNINGAN",KARANGKANCANA,SIMPAYJAYA
696654,533212925189,"PJU *** **** *** *******",-7.03635161300000,108.62085172500000,"KAB. KUNINGAN",LURAGUNG,WILANAGARA
696655,533212922004,"PJU *** **** *** *******",-7.08532300000000,108.58098800000000,"KAB. KUNINGAN",MALEBER,GIRIWARINGIN
696656,533212961783,"PJU ****** ********* *",-6.98087040000000,108.63562710000000,"KAB. KUNINGAN",CIDAHU,CIHIDEUNGHILIR
696657,533212961895,"PJU ****** ********* *",-6.97780800000000,108.62836800000000,"KAB. KUNINGAN",CIDAHU,CIHIDEUNGHILIR
696658,533212964723,"PJU ****** *********** *",-6.97390900000000,108.61134390000000,"KAB. KUNINGAN",KALIMANGGIS,KALIMANGGISWETAN
696659,533212734051,"PJU **** ****** *",-7.00911970000000,108.39743020000000,"KAB. KUNINGAN",DARMA,CIKUPA
696660,533212743024,"PJU ****** *** ********",-6.93661860000000,108.58026790000000,"KAB. KUNINGAN",CIAWIGEBANG,CIAWILOR
696661,533212742972,"PJU ****** *** ********",-6.98057250000000,108.64536520000000,"KAB. KUNINGAN",CIAWIGEBANG,CIAWILOR
696662,533212742998,"PJU ****** *** ********",-6.98082900000000,108.64565670000000,"KAB. KUNINGAN",CIAWIGEBANG,CIAWILOR
696663,533212742964,"PJU ****** *** ********",-6.98057250000000,108.64536520000000,"KAB. KUNINGAN",CIAWIGEBANG,CIAWILOR
696664,533212570779,"PJU **** *********",-6.92308340000000,108.55605610000000,"KAB. KUNINGAN",CIPICUNG,SALAREUMA
696665,533212570658,"PJU **** *********",-6.92858780000000,108.55385090000000,"KAB. KUNINGAN",CIPICUNG,SALAREUMA
696666,533212625064,"PJU ******* * *",-7.04512744200000,108.75867467300000,"KAB. KUNINGAN",CIBINGBIN,CITENJO
696667,533212624997,"PJU ******* * *",-7.03805980000000,108.76014200000000,"KAB. KUNINGAN",CIBINGBIN,CITENJO
696668,533212625015,"PJU ******* * *",-7.04022850000000,108.75984020000000,"KAB. KUNINGAN",CIBINGBIN,CITENJO
696669,533212910785,"PJU ****** **",-6.93076300000000,108.58106600000000,"KAB. KUNINGAN",CIDAHU,CIDAHU
696670,533212915123,"PJU *** **** ******",-6.99442964000000,108.54136277000000,"KAB. KUNINGAN",GARAWANGI,MANCAGAR
696671,533212905116,"PJU ****** ******** **",-6.97689700000000,108.60156000000000,"KAB. KUNINGAN",CIAWIGEBANG,KADURAMA
696672,533212905140,"PJU ****** ******** *",-6.96960000000000,108.60210000000000,"KAB. KUNINGAN",KALIMANGGIS,KALIMANGGISKULON
696673,533212905181,"PJU ****** ******** **",-6.97710000000000,108.68280000000000,"KAB. KUNINGAN",CIAWIGEBANG,KADURAMA
696674,533212905165,"PJU ****** ******** *",-6.99336000000000,108.67001800000000,"KAB. KUNINGAN",CIDAHU,CIDAHU
696675,533212905157,"PJU ****** ******** *",-6.99292200000000,108.66940700000000,"KAB. KUNINGAN",CIDAHU,DATAR
696676,533212905202,"PJU ****** ******** *",-6.99307200000000,108.67052500000000,"KAB. KUNINGAN",CIDAHU,DATAR
696677,533212905124,"PJU ****** ******** **",-6.98820300000000,108.64164500000000,"KAB. KUNINGAN",CIDAHU,DATAR
696678,533212905228,"PJU ****** ******** *",-6.96990000000000,108.60590000000000,"KAB. KUNINGAN",KALIMANGGIS,KALIMANGGISKULON
696679,533212905210,"PJU ****** ******** *",-6.97090000000000,108.60490000000000,"KAB. KUNINGAN",KALIMANGGIS,KALIMANGGISKULON
696680,533212924311,"PJU *** **** *** *******",-6.95690000000000,108.68540000000000,"KAB. KUNINGAN",CIDAHU,CIKEUSIK
696681,533212925729,"PJU *** **** ** *******",-6.92860000000000,108.62370000000000,"KAB. KUNINGAN",CIAWIGEBANG,SUKADANA
696682,533212925313,"PJU *** **** *******",-6.96489700000000,108.54333700000000,"KAB. KUNINGAN",CIPICUNG,MUNCANGELA
696683,533212923716,"PJU *** **** *** *******",-7.00551170000000,108.39584260000000,"KAB. KUNINGAN",DARMA,CIKUPA
696684,533212925902,"PJU *** **** *** *******",-6.92970000000000,108.63170000000000,"KAB. KUNINGAN",CIAWIGEBANG,CIHIRUP
696685,533212923802,"PJU *** **** *******",-7.00684440000000,108.39689330000000,"KAB. KUNINGAN",DARMA,CIKUPA
696686,533212925019,"PJU *** **** ********",-6.95057830000000,108.46974800000000,"KAB. KUNINGAN",CIGUGUR,GUNUNGKELING
696687,533212919466,"PJU *** **** *** *******",-6.98489670000000,108.48007590000000,"KAB. KUNINGAN",KUNINGAN,KUNINGAN
696688,533212918232,"PJU *** **** *** *******",-6.98311000000000,108.55835500000000,"KAB. KUNINGAN",LEBAKWANGI,PAGUNDAN
696689,533212924386,"PJU *** **** ** *******",-6.98460000000000,108.67780000000000,"KAB. KUNINGAN",CIDAHU,BUNDER
696690,533212926210,"PJU *** **** ********",-6.98850000000000,108.57930000000000,"KAB. KUNINGAN",CIAWIGEBANG,PAJAWANLOR
696691,533212925944,"PJU *** **** *** *******",-6.93402000000000,108.53975800000000,"KAB. KUNINGAN",CIPICUNG,PAMULIHAN
696692,533212923391,"PJU *** **** *** ******",-7.00571330000000,108.45492330000000,"KAB. KUNINGAN",KADUGEDE,KADUGEDE
696693,533212923931,"PJU *** **** *** *******",-7.01097760000000,108.35514490000000,"KAB. KUNINGAN",DARMA,CAGEUR
696694,533212925657,"PJU *** **** *******",-6.93112100000000,108.58122300000000,"KAB. KUNINGAN",CIAWIGEBANG,SUKARAJA
696695,533212922507,"PJU *** **** *** *******",-7.02071500000000,108.42854500000000,"KAB. KUNINGAN",NUSAHERANG,CIKADU
696696,533212922087,"PJU *** **** ***  *******",-6.95930000000000,108.69840000000000,"KAB. KUNINGAN",CIMAHI,SUKAJAYA
696697,533212921164,"PJU *** **** *******",-7.02148800000000,108.63692000000000,"KAB. KUNINGAN",LURAGUNG,LURAGUNGTONGGOH
696698,533212924870,"PJU *** **** ********",-6.97864500000000,108.45801300000000,"KAB. KUNINGAN",CIGUGUR,SUKAMULYA
696699,533212924577,"PJU *** **** *******",-7.07060300000000,108.67606800000000,"KAB. KUNINGAN",KARANGKANCANA,TANJUNGKERTA
696700,533212918727,"PJU *** **** *******",-7.02664800000000,108.55821300000000,"KAB. KUNINGAN",MALEBER,KUTAMANDARAKAN
696701,533212922046,"PJU *** **** *** *******",-7.03123500000000,108.56092300000000,"KAB. KUNINGAN",MALEBER,MALEBER
696702,533212924480,"PJU *** **** *******",-6.98002900000000,108.61720100000000,"KAB. KUNINGAN",CIDAHU,CIHIDEUNGGIRANG
696703,533212920900,"PJU *** **** ********",-6.98195404000000,108.50366680000000,"KAB. KUNINGAN",KUNINGAN,WINDUSENGKAHAN
696704,533212919114,"PJU *** **** *** *******",-6.98336000000000,108.53595670000000,"KAB. KUNINGAN",SINDANGAGUNG,SINDANGAGUNG
696705,533212918386,"PJU *** **** ** *******",-6.99584280000000,108.57290510000000,"KAB. KUNINGAN",LEBAKWANGI,PASAYANGAN
696706,533212919189,"PJU *** **** ********",-6.97697300000000,108.53579300000000,"KAB. KUNINGAN",SINDANGAGUNG,SINDANGAGUNG
696707,533212924082,"PJU *** **** *** *******",-7.03552300000000,108.63839000000000,"KAB. KUNINGAN",CIWARU,BAOK
696708,533212918671,"PJU *** **** *******",-7.02620000000000,108.56735800000000,"KAB. KUNINGAN",MALEBER,MALEBER
696709,533212925409,"PJU *** **** *** ******",-7.01905000000000,108.61762500000000,"KAB. KUNINGAN",LURAGUNG,CIRAHAYU
696710,533212924967,"PJU *** **** ** *******",-6.97370600000000,108.46375000000000,"KAB. KUNINGAN",CIGUGUR,CIGUGUR
696711,533212922601,"PJU *** **** *** *******",-7.00787406000000,108.44158580000000,"KAB. KUNINGAN",NUSAHERANG,NUSAHERANG
696712,533212920058,"PJU *** **** ********",-6.96588200000000,108.53124700000000,"KAB. KUNINGAN",SINDANGAGUNG,TIRTAWANGUNAN
696713,533212925068,"PJU *** **** *** *******",-6.96284830000000,108.44251600000000,"KAB. KUNINGAN",CIGUGUR,BABAKANMULYA
696714,533212920888,"PJU *** **** *** *******",-6.98169000000000,108.49048200000000,"KAB. KUNINGAN",KUNINGAN,AWIRARANGAN
696715,533212920663,"PJU *** **** *** *******",-7.04958400000000,108.61012100000000,"KAB. KUNINGAN",MALEBER,GARAHAJI
696716,533212918337,"PJU *** **** *** *******",-7.03139800000000,108.58579300000000,"KAB. KUNINGAN",LEBAKWANGI,CINAGARA
696717,533212924017,"PJU *** **** *******",-7.05756000000000,108.63864500000000,"KAB. KUNINGAN",CIWARU,KARANGBARU
696718,533212922190,"PJU *** **** *******",-7.00570000000000,108.71020000000000,"KAB. KUNINGAN",CIMAHI,GUNUNGSARI
696719,533212921960,"PJU *** **** *** *******",-7.03026800000000,108.57573300000000,"KAB. KUNINGAN",MALEBER,KARANGTENGAH
696720,533212925388,"PJU *** **** *** ******",-7.02464000000000,108.63562500000000,"KAB. KUNINGAN",LURAGUNG,CIGEDANG
696721,533212924161,"PJU *** **** ** ******",-7.06414700000000,108.63086300000000,"KAB. KUNINGAN",CIWARU,CIWARU
696722,533212922166,"PJU *** **** ** *******",-6.95970000000000,108.69770000000000,"KAB. KUNINGAN",CIMAHI,SUKAJAYA
696723,533212925849,"PJU *** **** ********",-6.97740000000000,108.58140000000000,"KAB. KUNINGAN",CIAWIGEBANG,CIPUTAT
696724,533212924862,"PJU *** **** ** *******",-6.97581800000000,108.44262700000000,"KAB. KUNINGAN",CIGUGUR,CILEULEUY
696725,533212924663,"PJU *** **** *** *******",-7.09398200000000,108.67355900000000,"KAB. KUNINGAN",KARANGKANCANA,KARANGKANCANA
696726,533212923611,"PJU *** **** *******",-7.03471280000000,108.40559250000000,"KAB. KUNINGAN",DARMA,SAKERTABARAT
696727,533212922627,"PJU *** **** *******",-6.99901980000000,108.41650500000000,"KAB. KUNINGAN",NUSAHERANG,CIASIH
696728,533212925512,"PJU *** **** ********",-6.97250000000000,108.55580000000000,"KAB. KUNINGAN",CIAWIGEBANG,CIJAGAMULYA
696729,533212923318,"PJU *** **** ******",-7.04091917200000,108.44563290000000,"KAB. KUNINGAN",KADUGEDE,MARGABAKTI
696730,533212920689,"PJU *** **** *** *******",-7.08067700000000,108.57672700000000,"KAB. KUNINGAN",MALEBER,DUKUHTENGAH
696731,533212727395,"PJU ** ******",-6.98028410000000,108.64254310000000,"KAB. KUNINGAN",CIDAHU,CIDAHU
696732,533212727457,"PJU ************* ******",-7.06488230000000,108.75360560000000,"KAB. KUNINGAN",CIBINGBIN,CIBINGBIN
696733,533212727196,"PJU ** ******",-6.98033770000000,108.64428480000000,"KAB. KUNINGAN",CIDAHU,CIDAHU
696734,533212806136,"PJU ** *********",-6.96845210000000,108.56523860000000,"KAB. KUNINGAN",CIAWIGEBANG,PANGKALAN
696735,533212740673,"PJU ****** *** ********",-7.05348280000000,108.50611540000000,"KAB. KUNINGAN",CINIRU,CIJEMIT
696736,533212740699,"PJU ****** *** ********",-7.04260540000000,108.49715740000000,"KAB. KUNINGAN",CINIRU,CIJEMIT
696737,533212740944,"PJU ****** *** ********",-7.04181350000000,108.50044880000000,"KAB. KUNINGAN",CINIRU,CINIRU
696738,533212570945,"PJU ****** *** ********",-7.06315620000000,108.45255050000000,"KAB. KUNINGAN",HANTARA,CIKONDANG
696739,533212570832,"PJU ****** *** ********",-7.06774210000000,108.45451650000000,"KAB. KUNINGAN",HANTARA,CIKONDANG
696740,533212570682,"PJU ****** *** ********",-7.05984130000000,108.44448150000000,"KAB. KUNINGAN",HANTARA,CIKONDANG
696741,533212570865,"PJU ****** *** ********",-7.06317260000000,108.45254720000000,"KAB. KUNINGAN",HANTARA,CIKONDANG
696742,533212805819,"PJU ** ************",-6.97011882000000,108.48834140000000,"KAB. KUNINGAN",KUNINGAN,PURWAWINANGUN
696743,533212805723,"PJU ** **** *************",-6.97209875000000,108.47912161000000,"KAB. KUNINGAN",KUNINGAN,PURWAWINANGUN
696744,533212619080,"PJU ****** *** ********",-6.91576530000000,108.59432290000000,"KAB. KUNINGAN",CIAWIGEBANG,PADARAMA
696745,533212618731,"PJU ****** *** ********",-6.97263210000000,108.43853100000000,"KAB. KUNINGAN",CIGUGUR,CIGUGUR
696746,533212618707,"PJU ****** *** ********",-6.97263210000000,108.43853100000000,"KAB. KUNINGAN",CIGUGUR,CIGUGUR
696747,533212619015,"PJU ****** *** ********",-6.91646920000000,108.59517060000000,"KAB. KUNINGAN",CIAWIGEBANG,PADARAMA
696748,533212618955,"PJU ****** *** ********",-6.91637254000000,108.59224710000000,"KAB. KUNINGAN",CIAWIGEBANG,PADARAMA
696749,533212618749,"PJU ****** *** ********",-6.97263210000000,108.43853100000000,"KAB. KUNINGAN",CIGUGUR,CIGUGUR
696750,533212619056,"PJU ****** *** ********",-6.91968570000000,108.59511110000000,"KAB. KUNINGAN",CIAWIGEBANG,PADARAMA
699604,533711141393,"PJU ****** ** ****** * *",-6.81200550000000,108.46919180000000,"KAB. KUNINGAN",MANDIRANCAN,MANDIRANCAN
699605,533711141369,"PJU ****** ** ***** * **",-6.81019670000000,108.46835850000000,"KAB. KUNINGAN",MANDIRANCAN,MANDIRANCAN
699606,533711141377,"PJU ****** ** ***** * *",-6.80827990000000,108.46683830000000,"KAB. KUNINGAN",MANDIRANCAN,MANDIRANCAN
699607,533711141519,"PJU ****** ** ***** * **",-6.81039420000000,108.46827580000000,"KAB. KUNINGAN",MANDIRANCAN,MANDIRANCAN
699609,533711070324,"PJU *** *******",-6.85519080000000,108.50154690000000,"KAB. KUNINGAN",CILIMUS,SAMPORA
699610,533711045386,"PJU ** ********* *",-6.88067450000000,108.55392280000000,"KAB. KUNINGAN",CIGANDAMEKAR,BUNIGEULIS
699611,533711045232,"PJU ** ******** *",-6.80346666666660,108.52106666667000,"KAB. CIREBON",BEBER,BEBER
699612,533711048006,"PJU ********* *",-6.87918400000000,108.54812760000000,"KAB. CIREBON",SEDONG,WINDUHAJI
699613,533711141497,"PJU ** *********** * **",-6.81039420000000,108.46827580000000,"KAB. KUNINGAN",MANDIRANCAN,MANDIRANCAN
699614,533711176708,"PJU ****** *** ******* *",-6.81342800000000,108.51661000000000,"KAB. CIREBON",BEBER,CIAWIGAJAH
699615,533711179691,"PJU ** *********",-6.80393550000000,108.40185890000000,"KAB. CIREBON",SUMBER,MATANGAJI
699617,533711034621,"PJU ***** **** ******** *",-6.81557300000000,108.40627100000000,"KAB. KUNINGAN",PASAWAHAN,PADABEUNGHAR
699618,533711045153,"PJU ** ******** *",-6.84833333333330,108.51213333333000,"KAB. CIREBON",BEBER,WANAYASA
699619,533711128391,"PJU ** ********** *",-6.90121280000000,108.56034580000000,"KAB. KUNINGAN",CIGANDAMEKAR,BUNIGEULIS
699620,533711128461,"PJU ** ****** **",-6.86929000000000,108.49178900000000,"KAB. KUNINGAN",CILIMUS,BOJONG
699622,533711170588,"PJU ** ********* ***** **",-6.89491030000000,108.49504470000000,"KAB. KUNINGAN",CILIMUS,BANDORASAWETAN
699624,533711170521,"PJU ** *********",-6.89031600000000,108.49426400000000,"KAB. KUNINGAN",JALAKSANA,PADAMENAK
699625,533710524987,"PJU **** ******          ",-6.93006760000000,108.49164310000000,"KAB. KUNINGAN",KRAMATMULYA,CIKASO
696751,533310506961,"DKP ********* *******    ",-6.76431780000000,108.43001560000000,"KAB. CIREBON",DUKUPUNTANG,CANGKOAK
696752,533310506987,"DKP ********* *******    ",-6.76315050000000,108.47887990000000,"KAB. CIREBON",SUMBER,SUMBER
696753,533310506995,"DKP ********* *******    ",-6.76364370000000,108.47981300000000,"KAB. CIREBON",SUMBER,SUMBER
696754,533310507014,"DKP ********* *******    ",-6.76315050000000,108.47887990000000,"KAB. CIREBON",SUMBER,SUMBER
696755,533310483794,"PJU *** *** **** ******  ",-6.75891820000000,108.48779700000000,"KAB. CIREBON",SUMBER,KEMANTREN
696756,533310483807,"PJU *** *** **** ****    ",-6.75063990000000,108.48950420000000,"KAB. CIREBON",SUMBER,PERBUTULAN
696757,533310483815,"PJU *** *** **** ****    ",-6.75063990000000,108.48950420000000,"KAB. CIREBON",SUMBER,PERBUTULAN
696758,533310483823,"PJU *** *** **** ***     ",-6.70486740000000,108.50588510000000,"KAB. CIREBON",PLERED,PANEMBAHAN
696759,533310483831,"PJU *** *** **** ****    ",-6.75538640000000,108.48800220000000,"KAB. CIREBON",SUMBER,PASALAKAN
696760,533310483849,"PJU *** *** **** ***     ",-6.71015450000000,108.50551230000000,"KAB. CIREBON",WERU,"SETU KULON"
696761,533310483856,"PJU *** *** **** ***     ",-6.70169040000000,108.50842610000000,"KAB. CIREBON",PLERED,"TRUSMI KULON"
696762,533310483864,"PJU *** *** **** ******  ",-6.76055780000000,108.48557510000000,"KAB. CIREBON",SUMBER,SUMBER
696763,533310483872,"PJU *** *** **** ****    ",-6.76331780300000,108.48483341900000,"KAB. CIREBON",SUMBER,SUMBER
696766,533310489279,"PJU ******* *** ******   ",-6.76364370000000,108.47981300000000,"KAB. CIREBON",SUMBER,SUMBER
696768,533310483880,"PJU *** *** **** *** *   ",-6.76374520000000,108.47718250000000,"KAB. CIREBON",SUMBER,SUMBER
696769,533310483898,"PJU *** *** **** *** *   ",-6.76587220000000,108.47852290000000,"KAB. CIREBON",SUMBER,SUMBER
696773,533310483902,"PJU *** *** **** *** *   ",-6.76267950000000,108.47903770000000,"KAB. CIREBON",SUMBER,SUMBER
696774,533310483910,"PJU *** *** **** *** *   ",-6.76518030000000,108.47940000000000,"KAB. CIREBON",SUMBER,SUMBER
696775,533310483928,"PJU *** *** **** ***     ",-6.75870280000000,108.48380220000000,"KAB. CIREBON",SUMBER,SUMBER
696776,533310483936,"PJU *** *** **** ******* ",-6.75699640000000,108.45713590000000,"KAB. CIREBON",SUMBER,KENANGA
696778,533310483665,"PJU *** *** **** ******* ",-6.75547290000000,108.45949260000000,"KAB. CIREBON",SUMBER,KENANGA
696779,533310483673,"PJU *** *** **** ***     ",-6.75283734111110,108.51852211111000,"KAB. CIREBON",TALUN,KECOMBERAN
696780,533310483681,"PJU *** *** **** ******* ",-6.75785212000000,108.49864794200000,"KAB. CIREBON",SUMBER,SENDANG
696781,533310483699,"PJU *** *** **** ******* ",-6.75847000000000,108.49701630000000,"KAB. CIREBON",SUMBER,KEMANTREN
696782,533310489005,"PJU *********** ******   ",-6.72956240000000,108.52000110000000,"KAB. CIREBON",KEDAWUNG,KALIKOA
696783,533310506953,"DKP ********* *******    ",-6.76689280000000,108.41580640000000,"KAB. CIREBON",DUKUPUNTANG,DUKUPUNTANG
696784,533310483703,"PJU *** *** **** ********",-6.75870050000000,108.47923240000000,"KAB. CIREBON",SUMBER,SUMBER
696785,533310483711,"PJU *** *** **** ****    ",-6.75304340000000,108.51793227000000,"KAB. CIREBON",TALUN,KECOMBERAN
696786,533310483729,"PJU *** *** **** ******  ",-6.75947149300000,108.48208275500000,"KAB. CIREBON",SUMBER,SUMBER
696787,533310483737,"PJU *** *** **** ******  ",-6.75864270000000,108.47533610000000,"KAB. CIREBON",SUMBER,TUKMUDAL
696788,533310483745,"PJU *** *** **** ***     ",-6.76771980000000,108.41588560000000,"KAB. CIREBON",DUKUPUNTANG,BALAD
696789,533310483752,"PJU *** *** **** ******* ",-6.75623970000000,108.46248150000000,"KAB. CIREBON",SUMBER,KENANGA
696790,533310483760,"PJU *** *** **** ******* ",-6.75353414800000,108.45935925600000,"KAB. CIREBON",SUMBER,KENANGA
696791,533310483778,"PJU *** *** **** ********",-6.75852640000000,108.47548120000000,"KAB. CIREBON",SUMBER,TUKMUDAL
696792,533310483786,"PJU *** *** **** ********",-6.75833520000000,108.47285750000000,"KAB. CIREBON",SUMBER,TUKMUDAL
696796,533311627222,"GAP*** ******* *****     ",-6.64203260000000,108.39669130000000,"KAB. CIREBON",SUSUKAN,"GINTUNG LOR"
696797,533313373568,"PJU **** *************",-6.57666750000000,108.39748800000000,"KAB. CIREBON",KALIWEDI,WARGABINANGUN
696798,533313373605,"PJU **** *************",-6.60486141111110,108.38912921111000,"KAB. CIREBON",ARJAWINANGUN,KARANGSAMBUNG
696799,533313148908,"PJU ** ********* *",-6.72726110000000,108.48714100000000,"KAB. CIREBON",WERU,KERTASARI
696800,533313148102,"PJU ** ***** ****** *",-6.60670960000000,108.35694530000000,"KAB. CIREBON",SUSUKAN,UJUNGGEBANG
696801,533313148583,"PJU ** ********** *",-6.69222050000000,108.47599890000000,"KAB. CIREBON",PLUMBON,KARANGASEM
696802,533313153883,"PJU ** ***** *",-6.74652000000000,108.42065000000000,"KAB. CIREBON",PALIMANAN,KEPUH
696803,533313149161,"PJU ** ********** *",-6.65832070000000,108.36748020000000,"KAB. CIREBON",SUSUKAN,SUSUKAN
696804,533310483944,"PJU *** *** **** ******  ",-6.75889120000000,108.47897960000000,"KAB. CIREBON",SUMBER,SUMBER
696805,533310483951,"PJU *** *** **** ****    ",-6.75859850000000,108.49054920000000,"KAB. CIREBON",SUMBER,KEMANTREN
696807,533310487608,"PJU ***** **** *** ****  ",-6.75063990000000,108.48950420000000,"KAB. CIREBON",SUMBER,PERBUTULAN
696808,533310487616,"PJU ***** **** *** ****  ",-6.75502050000000,108.48804600000000,"KAB. CIREBON",SUMBER,PASALAKAN
696809,533310487624,"PJU ***** **** *** ****  ",-6.75543940000000,108.48802070000000,"KAB. CIREBON",SUMBER,PASALAKAN
696810,533310487632,"PJU ***** **** *** ****  ",-6.75981200000000,108.48651460000000,"KAB. CIREBON",SUMBER,SUMBER
696811,533310487640,"PJU ***** **** *** ****  ",-6.75981510000000,108.48649580000000,"KAB. CIREBON",SUMBER,SUMBER
696812,533310487657,"PJU ***** **** *** ****  ",-6.70544820000000,108.50698750000000,"KAB. CIREBON",WERU,"WERU KIDUL"
696819,533313375721,"PJU ** *******",-6.66779830000000,108.37529890000000,"KAB. CIREBON",SUSUKAN,TANGKIL
696820,533312996780,"PJU ** ********* *",-6.66959960000000,108.48482580000000,"KAB. CIREBON",PLUMBON,PASANGGRAHAN
696821,533313392158,"PJU *** ********",-6.71844450000000,108.43446660000000,"KAB. CIREBON",GEMPOL,GEMPOL
696822,533312994864,"PJU ** ********* *",-6.73715100000000,108.49567350000000,"KAB. CIREBON",SUMBER,WATUBELAH
696823,533312995331,"PJU ** ******** *",-6.74664760000000,108.42408100000000,"KAB. CIREBON",GEMPOL,KEDUNGBUNDER
696824,533312995530,"PJU ** ******* *",-6.75540050000000,108.39626410000000,"KAB. CIREBON",DUKUPUNTANG,CIPANAS
696825,533312995882,"PJU ** ********* *",-6.75191094111110,108.51624511111000,"KAB. CIREBON",SUMBER,TUKMUDAL
696826,533313006016,"PJU ** ***** *",-6.77180249111110,108.51162181111000,"KAB. CIREBON",TALUN,"CIREBON GIRANG"
696827,533313372487,"PJU ****** *** *******",-6.73653070000000,108.42574170000000,"KAB. CIREBON",PALIMANAN,KEPUH
696828,533313373613,"PJU **** *************",-6.60380449111110,108.38875691111000,"KAB. CIREBON",ARJAWINANGUN,KARANGSAMBUNG
696829,533313374561,"PJU **** ***********",-6.74816442111110,108.52256971111000,"KAB. CIREBON",TALUN,KEPONGPONGAN
696830,533313375675,"PJU ** ***** ****",-6.65444387111110,108.40914481111000,"KAB. CIREBON",ARJAWINANGUN,KEBONTURI
696831,533313374608,"PJU **** ******* ******",-6.77147063111110,108.50455611111000,"KAB. CIREBON",TALUN,"CIREBON GIRANG"
696832,533312994856,"PJU ** ******* *",-6.75718480000000,108.50004790000000,"KAB. CIREBON",TALUN,"WANASABA KIDUL"
696833,533312996628,"PJU ** ******** *",-6.70646550000000,108.44741450000000,"KAB. CIREBON",JAMBLANG,JAMBLANG
696834,533312995401,"PJU ** ******** *",-6.75707230000000,108.40714910000000,"KAB. CIREBON",DUKUPUNTANG,GIRINATA
696835,533313146002,"PJU ** ******* *",-6.75587280000000,108.43206710000000,"KAB. CIREBON",DEPOK,CIKEDUK
696836,533313148679,"PJU ** ****** ***** *",-6.70561320000000,108.47712480000000,"KAB. CIREBON",PLUMBON,KARANGMULYA
696837,533312996429,"PJU ** ****** *",-6.72297640000000,108.44066300000000,"KAB. CIREBON",PALIMANAN,BEBERAN
696838,533312995987,"PJU ** ***** *******",-6.78080190000000,108.49085080000000,"KAB. CIREBON",TALUN,KUBANG
696839,533312995904,"PJU ** ******** ***** *",-6.76887270000000,108.49344760000000,"KAB. CIREBON",SUMBER,BABAKAN
696840,533312996599,"PJU ** ********** *",-6.69346780000000,108.37809160000000,"KAB. CIREBON",CIWARINGIN,CIWARINGIN
696841,533312988027,"PJU **** *******",-6.70294370000000,108.48009250000000,"KAB. CIREBON",PLUMBON,GOMBANG
696842,533313149025,"PJU ** **********",-6.68886290000000,108.47609120000000,"KAB. CIREBON",PLUMBON,KEDUNGSANA
696843,533313148886,"PJU ** **** *** *",-6.70258411111000,108.51132311111000,"KAB. CIREBON",WERU,"WERU LOR"
696844,533313147876,"PJU ** ******* *****",-6.60057630000000,108.42008930000000,"KAB. CIREBON",GEGESIK,"GEGESIK KIDUL"
696845,533313148405,"PJU ** ********** *",-6.75387261111100,108.51683741111000,"KAB. CIREBON",TALUN,KECOMBERAN
696846,533313148638,"PJU ** **** *** *",-6.71727369000000,108.49028587000000,"KAB. CIREBON",PLUMBON,"BODE LOR"
696847,533313151943,"PJU ** **** **** *",-6.74947850000000,108.43018860000000,"KAB. CIREBON",DEPOK,WARUGEDE
696850,533313372495,"PJU ****** *** *******",-6.75233320000000,108.44509000000000,"KAB. CIREBON",DUKUPUNTANG,SINDANGMEKAR
696851,533313249661,"PJU **** *******",-6.66537100000000,108.35945970000000,"KAB. CIREBON",SUSUKAN,TANGKIL
696852,533312825314,"PJU ** **** *",-6.77017529111110,108.51047341111000,"KAB. CIREBON",TALUN,"WANASABA KIDUL"
696853,533313375659,"PJU ** ************",-6.63913283111110,108.40568711111000,"KAB. CIREBON",ARJAWINANGUN,ARJAWINANGUN
696854,533313374587,"PJU **** ***********",-6.75047290000000,108.52166320000000,"KAB. CIREBON",TALUN,KEPONGPONGAN
696855,533313249758,"PJU **** ********",-6.59927130000000,108.40216730000000,"KAB. CIREBON",KALIWEDI,"PRAJAWINANGUN WETAN"
696856,533313251917,"PJU *** ******",-6.69481020000000,108.41961900000000,"KAB. CIREBON",GEMPOL,KEMPEK
696857,533313251662,"PJU *** ******",-6.69530980000000,108.42148470000000,"KAB. CIREBON",GEMPOL,KEMPEK
696858,533313251734,"PJU *** ******",-6.67674690000000,108.42259740000000,"KAB. CIREBON",GEMPOL,KEMPEK
696859,533313251767,"PJU *** ********",-6.70201580000000,108.45572890000000,"KAB. CIREBON",JAMBLANG,SITIWINANGUN
696860,533313621131,"PJU **** **********",-6.75605150000000,108.47284380000000,"KAB. CIREBON",SUSUKAN,KEDONGDONG
696863,533312995116,"PJU **** *********",-6.77018010000000,108.48454420000000,"KAB. CIREBON",SUMBER,BABAKAN
696864,533312997178,"PJU ** **** ****",-6.75434240000000,108.43416950000000,"KAB. CIREBON",DEPOK,WARUGEDE
696865,533312996220,"PJU ** ******* *",-6.74316500000000,108.51348120000000,"KAB. CIREBON",TALUN,CEMPAKA
696866,533312995285,"PJU ** ********** *",-6.78410580000000,108.41656780000000,"KAB. CIREBON",DUKUPUNTANG,BOBOS
696867,533313149303,"PJU ** ********* *",-6.75050000000000,108.42659000000000,"KAB. CIREBON",DUKUPUNTANG,KEPUNDUAN
696868,533313148297,"PJU ** ****** *",-6.68724313111110,108.54473061111000,"KAB. CIREBON",TALUN,KUBANG
696869,533313147798,"PJU ** ********* *",-6.59265590000000,108.42700600000000,"KAB. CIREBON",GEGESIK,PANUNGGUL
696870,533313149041,"PJU ** ********* *",-6.71954840000000,108.49170620000000,"KAB. CIREBON",WERU,KERTASARI
696871,533313145806,"PJU ** ******* *",-6.74102350000000,108.45601140000000,"KAB. CIREBON",DEPOK,GETASAN
696872,533313394112,"PJU ***** **** *******",-6.70945000000000,108.47630500000000,"KAB. CIREBON",PLUMBON,GOMBANG
696873,533313251820,"PJU *** ******",-6.71197620000000,108.42000100000000,"KAB. CIREBON",GEMPOL,"PALIMANAN BARAT"
696874,533313372420,"PJU ****** *** *******",-6.75371050000000,108.47529690000000,"KAB. CIREBON",SUMBER,TUKMUDAL
696875,533313372404,"PJU ****** *** *******",-6.75302670000000,108.47443680000000,"KAB. CIREBON",SUMBER,TUKMUDAL
696876,533313372453,"PJU ****** *** *******",-6.78773450000000,108.47712480000000,"KAB. CIREBON",SUMBER,SIDAWANGI
696877,533313372412,"PJU ****** *** *******",-6.72367110000000,108.50031610000000,"KAB. CIREBON",SUMBER,TUKMUDAL
696878,533313251369,"PJU *** *********",-6.71148950000000,108.44579120000000,"KAB. CIREBON",KLANGENAN,SERANG
696880,533313481928,"PJU ** **** ****",-6.77167350000000,108.51106550000000,"KAB. CIREBON",DEPOK,KARANGWANGI
696881,533313361685,PJU,-6.38731000000000,108.25628000000000,"KAB. CIREBON",ARJAWINANGUN,ARJAWINANGUN
696882,533312995094,"PJU ** *********",-6.74864600000000,108.48247600000000,"KAB. CIREBON",SUMBER,KALIWADAS
696883,533312995874,"PJU ** ******* ****** *",-6.76326530000000,108.51422320000000,"KAB. CIREBON",TALUN,"CIREBON GIRANG"
696884,533313149273,"PJU ** ********** *****",-6.75310490000000,108.39774760000000,"KAB. CIREBON",DUKUPUNTANG,"KEDONGDONG KIDUL"
696885,533313145950,"PJU ** **** **** *",-6.76065290000000,108.41740470000000,"KAB. CIREBON",DEPOK,WARUGEDE
696886,533313145871,"PJU ***** ******",-6.71016000000000,108.43787000000000,"KAB. CIREBON",PALIMANAN,"PALIMANAN TIMUR"
696887,533313148695,"PJU ***** *******",-6.70186970000000,108.47699250000000,"KAB. CIREBON",PLUMBON,PLUMBON
696888,533313662529,"LED* ****** ****",-6.70552000000000,108.50776670000000,"KAB. CIREBON",WERU,"WERU LOR"
696889,533312988200,"PJU **** ******* *",-6.70356940000000,108.47059300000000,"KAB. CIREBON",PLUMBON,PLUMBON
696890,533312987926,"PJU ***** *** *",-6.63724530000000,108.40356370000000,"KAB. CIREBON",ARJAWINANGUN,ARJAWINANGUN
696891,533312996134,"PJU ** *****",-6.72768490000000,108.50656780000000,"KAB. CIREBON","TENGAH TANI",PALIR
696892,533313002743,"PJU ** ******** ***",-6.59730120000000,108.39487060000000,"KAB. CIREBON",KALIWEDI,"PRAJAWINANGUN WETAN"
696893,533313148421,"PJU ** ******* *",-6.74499422111110,108.51131811111000,"KAB. CIREBON",TALUN,"WANASABA LOR"
696894,533313149112,"PJU ** ********* *",-6.73970100000000,108.48238390000000,"KAB. CIREBON",SUMBER,TUKMUDAL
696895,533312995817,"PJU ** ******** *",-6.76887270000000,108.49344760000000,"KAB. CIREBON",TALUN,"WANASABA KIDUL"
696896,533312988189,"PJU **** *******",-6.72247350000000,108.43965660000000,"KAB. CIREBON",PALIMANAN,BEBERAN
696898,533312995236,"PJU ** ******* *",-6.77847430000000,108.42812410000000,"KAB. CIREBON",DUKUPUNTANG,MANDALA
696899,533313149187,"PJU ** ****** **** *",-6.72707210000000,108.48434490000000,"KAB. CIREBON",WERU,KARANGSARI
696900,533313148687,"PJU ** ********* *",-6.73040810000000,108.47193140000000,"KAB. CIREBON",PLUMBON,PAMIJAHAN
696901,533312997073,"PJU ** ********** *",-6.74098500000000,108.44671166700000,"KAB. CIREBON",DEPOK,KARANGWANGI
696902,533313151499,"PJU ** ************ *",-6.75131368111110,108.51487311111000,"KAB. CIREBON",TALUN,KEPONGPONGAN
696903,533313147948,"PJU ** *****",-6.66211510000000,108.43788910000000,"KAB. CIREBON",ARJAWINANGUN,BULAK
696904,533313148534,"PJU ****** ********* *",-6.68736112111110,108.50083481111000,"KAB. CIREBON",WERU,"WERU LOR"
696905,533312806603,"PJU **** ****** *****",-6.72701130000000,108.41114880000000,"KAB. CIREBON",GEMPOL,CIKEUSAL
696906,533313149058,"PJU ****** *********",-6.74893530000000,108.48018850000000,"KAB. CIREBON",SUMBER,TUKMUDAL
696907,533313145984,"PJU ** ******* *",-6.74170060000000,108.45421410000000,"KAB. CIREBON",DEPOK,GETASAN
696908,533313147731,"PJU ** **** *****",-6.55907950000000,108.38264990000000,"KAB. CIREBON",KALIWEDI,"GUWA KIDUL"
696909,533312997008,"PJU ** *******",-6.75554500000000,108.43490330000000,"KAB. CIREBON",DEPOK,WARUGEDE
696910,533312995140,"PJU ** *********** *",-6.76850000000000,108.41743000000000,"KAB. CIREBON",DUKUPUNTANG,DUKUPUNTANG
696911,533312988130,"PJU **** ******* **** *",-6.76490600000000,108.44851120000000,"KAB. CIREBON",DUKUPUNTANG,SINDANGJAWA
696912,533313148811,"PJU ** *******",-6.69516512111110,108.51230551111000,"KAB. CIREBON",PLERED,WOTGALI
696913,533113505837,"PT **** ***** ******",-6.73483400000000,108.52048400000000,"KAB. CIREBON",KEDAWUNG,TUK
696914,533113505829,"PT **** ***** ******",-6.73483400000000,108.52048400000000,"KAB. CIREBON",KEDAWUNG,TUK
696915,533313240239,"PJU ********* ********",-6.75098000000000,108.49329000000000,"KAB. CIREBON",SUMBER,GEGUNUNG
696916,533313240213,"PJU ********* ********",-6.75096000000000,108.49294000000000,"KAB. CIREBON",SUMBER,GEGUNUNG
696917,533313149329,"PJU ** **** ***** *",-6.70807650000000,108.51206810000000,"KAB. CIREBON",WERU,"SETU WETAN"
696918,533313146250,"PJU ** ********** *",-6.74313310000000,108.43869910000000,"KAB. CIREBON",DEPOK,WARUKAWUNG
696919,533313144990,"PJU *** ***** ****",-6.74396380000000,108.48023830000000,"KAB. CIREBON",SUMBER,PASALAKAN
696920,533312984808,"PJU ****** ********* *",-6.71922670000000,108.42448830000000,"KAB. CIREBON",PALIMANAN,BALERANTE
696921,533313625632,"PJU ****** *** *******",-6.76342890000000,108.43714180000000,"KAB. CIREBON",DUKUPUNTANG,SINDANGMEKAR
696922,533312625678,"PJU ****** *",-6.65143670000000,108.41120870000000,"KAB. CIREBON",ARJAWINANGUN,JUNGJANG
696923,533312644570,"PJU **************** ****",-6.69762530000000,108.49519590000000,"KAB. CIREBON",PLERED,TEGALSARI
696924,533313622133,"PJU ****** *** *******",-6.73273430000000,108.44398670000000,"KAB. CIREBON",PLUMBON,KEDUNGSANA
696925,533313622109,"PJU ****** *** *******",-6.75605420000000,108.47291780000000,"KAB. CIREBON",SUMBER,KALIWADAS
696926,533313251527,"PJU *** ********",-6.67459600000000,108.46336330000000,"KAB. CIREBON",JAMBLANG,"BOJONG WETAN"
696927,533313249725,"PJU **** ********",-6.55077860000000,108.38408420000000,"KAB. CIREBON",KALIWEDI,"GUWA LOR"
696928,533313251647,"PJU *** ********",-6.64754400000000,108.48535300000000,"KAB. CIREBON",JAMBLANG,"BAKUNG LOR"
696929,533313146284,"PJU ** ******* *** *",-6.67401600000000,108.45169620000000,"KAB. CIREBON",KLANGENAN,"JEMARAS LOR"
696930,533313148289,"PJU ** ******** *** *",-6.75993855111110,108.50629611111000,"KAB. CIREBON",TALUN,"WANASABA LOR"
696931,533312996850,"PJU ** ********* *",-6.66976350000000,108.48788290000000,"KAB. CIREBON",PLUMBON,DANAMULYA
696932,533313148098,"PJU ** *******",-6.67289040000000,108.36460190000000,"KAB. CIREBON",SUSUKAN,TANGKIL
696933,533313146268,"PJU ** ***** *",-6.74261320000000,108.42667720000000,"KAB. CIREBON",PALIMANAN,KEPUH
696934,533313148193,"PJU ** ******** *",-6.76983160000000,108.49344760000000,"KAB. CIREBON",TALUN,KERANDON
696935,533313148470,"PJU ** ******** *** *",-6.76300360000000,108.49641550000000,"KAB. CIREBON",TALUN,"WANASABA LOR"
696936,533313149120,"PJU ** *********",-6.68159660000000,108.48048730000000,"KAB. CIREBON",PLUMBON,DANAMULYA
696937,533312882138,"PJU ** ******** *** *",-6.53587300000000,108.43064490000000,"KAB. CIREBON",GEGESIK,"JAGAPURA WETAN"
696938,533313249803,"PJU **** *******",-6.59417900000000,108.42946530000000,"KAB. CIREBON",GEGESIK,PANUNGGUL
696944,533312607691,"PJU ****** ******",-6.69138134111110,108.52676231111000,"KAB. CIREBON","TENGAH TANI",DAWUAN
696945,533312517133,"PJU ******* ******",-6.73927780000000,108.47378610000000,"KAB. CIREBON",PLUMBON,CEMPAKA
696947,533312996731,"PJU ** ******** *",-6.70549010000000,108.45242360000000,"KAB. CIREBON",JAMBLANG,SITIWINANGUN
696948,533312996971,"PJU ** ****",-6.64695970000000,108.45857710000000,"KAB. CIREBON",KLANGENAN,KREYO
696949,533312997256,"PJU ****** ****** *",-6.69493430000000,108.41964190000000,"KAB. CIREBON",GEMPOL,KEMPEK
696950,533312988068,"PJU **** **** *****",-6.71004034111110,108.51112121111000,"KAB. CIREBON",WERU,"SETU WETAN"
696951,533312994849,"PJU **** *********",-6.66970100000000,108.48408970000000,"KAB. CIREBON",JAMBLANG,ORIMALANG
696952,533313148015,"PJU ** ***** ****",-6.65556030000000,108.40071470000000,"KAB. CIREBON",ARJAWINANGUN,KEBONTURI
696953,533313149033,"PJU ** ************ *",-6.69461000000000,108.47267330000000,"KAB. CIREBON",PLUMBON,PASANGGRAHAN
696954,533313153763,"PJU ** *********",-6.72539600000000,108.42406810000000,"KAB. CIREBON",PALIMANAN,BALERANTE
696955,533312983614,"PJU **** **** *********",-6.70878390000000,108.43435890000000,"KAB. CIREBON",PALIMANAN,"PALIMANAN TIMUR"
696956,533313399545,"PJU **** **** ***********",-6.69762000000000,108.43531000000000,"KAB. CIREBON",JAMBLANG,WANGUNHARJA
696957,533313372446,"PJU ****** *** *******",-6.75672000000000,108.47474000000000,"KAB. CIREBON",SUMBER,TUKMUDAL
696958,533313372461,"PJU ****** *** *******",-6.78344090000000,108.47589020000000,"KAB. CIREBON",SUMBER,SIDAWANGI
696960,533313251812,"PJU *** ******",-6.69423240000000,108.41953430000000,"KAB. CIREBON",GEMPOL,KEMPEK
696961,533313148064,"PJU ** ********** ***",-6.62219420000000,108.38814490000000,"KAB. CIREBON",ARJAWINANGUN,"TEGALGUBUG LOR"
696962,533313147772,"PJU **** * ***",-6.65692030000000,108.42740990000000,"KAB. CIREBON",ARJAWINANGUN,JUNGJANG
696963,533313148932,"PJU ** ******* *",-6.70318140000000,108.46280840000000,"KAB. CIREBON",PLUMBON,KEBAREPAN
696964,533312984929,"PJU ** ******* *** *",-6.59311490000000,108.41821850000000,"KAB. CIREBON",GEGESIK,PANUNGGUL
696965,533313147989,"PJU ** ******* *",-6.63680580000000,108.37179640000000,"KAB. CIREBON",SUSUKAN,KEJIWAN
696966,533113320280,"PJU ** ******* *",-6.72956240000000,108.52000110000000,"KAB. CIREBON",KEDAWUNG,KALIKOA
696967,533313148376,"PJU ** ******** *",-6.71981970000000,108.51414690000000,"KAB. CIREBON","TENGAH TANI",ASTAPADA
696968,533313148924,"PJU ***** ******",-6.75207900000000,108.48239170000000,"KAB. CIREBON",SUMBER,TUKMUDAL
696969,533312996054,"PJU ** ***** ***** *",-6.68373333111110,108.49752511111000,"KAB. CIREBON",WERU,TEGALWANGI
696970,533312995228,"PJU ** *********** *",-6.76463320000000,108.41631270000000,"KAB. CIREBON",DUKUPUNTANG,DUKUPUNTANG
696971,533313013196,"PJU ***** ***** *********",-6.74968150000000,108.42651840000000,"KAB. CIREBON",DUKUPUNTANG,KEPUNDUAN
696972,533312569841,"UPT ****** *** **********",-6.71218449111110,108.51796911111000,"KAB. CIREBON","TENGAH TANI",GESIK
696973,533310776899,"PJU ****** ************  ",-6.69568270000000,108.42005230000000,"KAB. CIREBON",GEMPOL,KEMPEK
696978,533312516898,"PJU ****** *******",-6.68389302111110,108.49787371111000,"KAB. CIREBON",PLERED,TEGALSARI
696979,533312522944,"PJU ****** *******",-6.69726850000000,108.42855880000000,"KAB. CIREBON",PALIMANAN,PEGAGAN
696981,533312516951,"PJU ****** *******",-6.69733900000000,108.42862940000000,"KAB. CIREBON",PALIMANAN,PEGAGAN
696982,533312525791,"PJU ***",-6.72435300000000,108.47156040000000,"KAB. CIREBON",PLUMBON,PAMIJAHAN
696983,533312987918,"PJU ***** *** *",-6.63878881111110,108.39638511111000,"KAB. CIREBON",ARJAWINANGUN,ARJAWINANGUN
696984,533313148518,"PJU ** ************* *",-6.71430470000000,108.46710890000000,"KAB. CIREBON",PLUMBON,PURBAWINANGUN
696985,533313148803,"PJU ** ********* *",-6.75004890000000,108.42713820000000,"KAB. CIREBON",DUKUPUNTANG,KEPUNDUAN
696986,533313146180,"PJU ** *****",-6.75218460000000,108.42964470000000,"KAB. CIREBON",DEPOK,CIKEDUK
696987,533313149299,"PJU ** ********",-6.76381630000000,108.43222280000000,"KAB. CIREBON",DUKUPUNTANG,CANGKOAK
696988,533313148878,"PJU ** **** ***** *",-6.70709080000000,108.51311020000000,"KAB. CIREBON",WERU,"SETU WETAN"
696989,533313151901,"PJU ** **** **** *",-6.74964830000000,108.42949430000000,"KAB. CIREBON",DEPOK,WARUGEDE
696990,533312612266,"PJU ****** ******",-6.73448200000000,108.49659630000000,"KAB. CIREBON",SUMBER,WATUBELAH
696994,533312995979,"PJU ** ******* ****** *",-6.77264326111110,108.50891051111000,"KAB. CIREBON",TALUN,SAMPIRAN
696995,533312996930,"PJU ** ****** *** *",-6.67390650000000,108.46410930000000,"KAB. CIREBON",JAMBLANG,"BOJONG LOR"
696996,533313002727,"PJU ** ***** ****",-6.59216160000000,108.39729810000000,"KAB. CIREBON",KALIWEDI,UJUNGSEMI
696997,533313006966,"PJU ** ********",-6.54092440000000,108.43122070000000,"KAB. CIREBON",GEGESIK,"JAGAPURA KIDUL"
696998,533312994951,"PJU ** ****** ****",-6.72548620000000,108.47360720000000,"KAB. CIREBON",PLUMBON,PAMIJAHAN
696999,533312996749,"PJU ** ************",-6.70391410000000,108.45271390000000,"KAB. CIREBON",JAMBLANG,SITIWINANGUN
697000,533312995315,"PJU ** ******* *",-6.70502090000000,108.47312190000000,"KAB. CIREBON",PLUMBON,PLUMBON
697001,533312996723,"PJU ** ******** *",-6.70440670000000,108.44906650000000,"KAB. CIREBON",PALIMANAN,CIAWI
697002,533312996693,"PJU ** ******** *",-6.70549010000000,108.45242360000000,"KAB. CIREBON",JAMBLANG,SITIWINANGUN
697003,533312996374,"PJU ** *********** *",-6.68676130000000,108.45500850000000,"KAB. CIREBON",KLANGENAN,PEKANTINGAN
697012,533312995476,"PJU ** ******* *",-6.70028160000000,108.46364690000000,"KAB. CIREBON",KLANGENAN,PEKANTINGAN
697013,533313148860,"PJU ** ******* *",-6.75437980000000,108.39798200000000,"KAB. CIREBON",DUKUPUNTANG,CIPANAS
697014,533313151465,"PJU ** ******* *",-6.76887270000000,108.49344760000000,"KAB. CIREBON",TALUN,SARWADADI
697015,533313146219,"PJU ** ********** *** *",-6.70774260000000,108.45324280000000,"KAB. CIREBON",DEPOK,"KASUGENGAN LOR"
697016,533313146164,"PJU ** ********** *** *",-6.71100000000000,108.45431550000000,"KAB. CIREBON",DEPOK,"KASUGENGAN LOR"
697017,533313153692,"PJU ** *******",-6.70665600000000,108.42904560000000,"KAB. CIREBON",PALIMANAN,PEGAGAN
697018,533313148056,"PJU ** ****** *",-6.66237400000000,108.36387100000000,"KAB. CIREBON",SUSUKAN,WIYONG
697019,533313145814,"PJU ** ******* *",-6.73587560000000,108.46043170000000,"KAB. CIREBON",DEPOK,GETASAN
697020,533313147843,"PJU ** ********** *****",-6.63006470000000,108.45155990000000,"KAB. CIREBON",PANGURAGAN,PANGURANGAN
697021,533313148248,"PJU ** ******* *",-6.73863480000000,108.51496520000000,"KAB. CIREBON",TALUN,"WANASABA LOR"
697022,533313148255,"PJU ** *********** *",-6.75033690000000,108.51590730000000,"KAB. CIREBON",TALUN,KEPONGPONGAN
697023,533313153921,"PJU ** ******",-6.71034000000000,108.44933320000000,"KAB. CIREBON",KLANGENAN,SERANG
697024,533313153875,"PJU ** ************",-6.69747330000000,108.44651770000000,"KAB. CIREBON",KLANGENAN,DANAWINANGUN
697025,533312973304,"PJU ***** ***** ******* *",-6.64904743111110,108.40556121111000,"KAB. CIREBON",ARJAWINANGUN,ARJAWINANGUN
697026,533313151503,"PJU ** ******** ***** *",-6.76094095111110,108.50695311111000,"KAB. CIREBON",TALUN,"WANASABA KIDUL"
697027,533313147651,"PJU ** *******",-6.57505960000000,108.46524660000000,"KAB. CIREBON",GEGESIK,SIBUBUT
697028,533312984945,"PJU ** ******* *** *",-6.59051160000000,108.42304700000000,"KAB. CIREBON",KALIWEDI,UJUNGSEMI
697029,533313146235,"PJU ** ********** ***** *",-6.71621550000000,108.45188690000000,"KAB. CIREBON",DEPOK,"KASUGENGAN KIDUL"
697030,533313146198,"PJU ** **** **** *",-6.74329290000000,108.42816100000000,"KAB. CIREBON",DEPOK,WARUGEDE
697031,533313149066,"PJU ** ******* *",-6.70609020000000,108.47114190000000,"KAB. CIREBON",PLUMBON,PLUMBON
697032,533313149208,"PJU ** ***** *",-6.76309760000000,108.42048860000000,"KAB. CIREBON",DUKUPUNTANG,BALAD
697033,533313148575,"PJU ** ********* *",-6.75713460000000,108.49122170000000,"KAB. CIREBON",SUMBER,KEMANTREN
697034,533313146077,"PJU ** ******** *",-6.74247967000000,108.43101325200000,"KAB. CIREBON",DEPOK,WARUJAYA
697035,533313146570,"PJU ***** *** * *** *",-6.63701115111110,108.39752911111000,"KAB. CIREBON",ARJAWINANGUN,ARJAWINANGUN
697038,533313148559,"PJU ** ******** *",-6.71139840000000,108.48913610000000,"KAB. CIREBON",PLUMBON,BODESARI
697039,533313147669,"PJU ** *******",-6.66448200000000,108.41777560000000,"KAB. CIREBON",ARJAWINANGUN,GEYONGAN
697040,533313149153,"PJU ** ********** *",-6.65729000000000,108.36703520000000,"KAB. CIREBON",SUSUKAN,SUSUKAN
697041,533313148110,"PJU ** ****** *******",-6.60841423111110,108.39012551111000,"KAB. CIREBON",ARJAWINANGUN,"TEGALGUBUG LOR"
697042,533312987983,"PJU **** **********",-6.73825190000000,108.44204400000000,"KAB. CIREBON",DEPOK,WARUKAWUNG
697043,533313149195,"PJU ** ******** *",-6.75813630000000,108.40813240000000,"KAB. CIREBON",DUKUPUNTANG,GIRINATA
697044,533313146172,"PJU ** *********** *",-6.75190400000000,108.45386110000000,"KAB. CIREBON",DEPOK,KARANGWANGI
697045,533313149009,"PJU ** ******* *",-6.70283840000000,108.47237730000000,"KAB. CIREBON",PLUMBON,PLUMBON
697046,533313146051,"PJU ** ********** *** *",-6.70522000000000,108.45946000000000,"KAB. CIREBON",DEPOK,"KASUGENGAN LOR"
697047,533313147749,"PJU ** ***** ****** *",-6.61346640000000,108.37376450000000,"KAB. CIREBON",SUSUKAN,UJUNGGEBANG
697048,533313148661,"PJU ** ********* *",-6.73641400000000,108.46824140000000,"KAB. CIREBON",PLUMBON,PAMIJAHAN
697049,533313148049,"PJU ** ****** ***** *",-6.64086720000000,108.37527480000000,"KAB. CIREBON",SUSUKAN,"BOJONG KULON"
697050,533313146115,"PJU ** ********** *",-6.74439560000000,108.43921540000000,"KAB. CIREBON",DEPOK,WARUKAWUNG
697051,533312811684,"PJU ************ ******",-6.68823332111110,108.51120711111000,"KAB. CIREBON",PLERED,SARABAU
697052,533313166113,"PJU ** ***** ******* ****",-6.73832760000000,108.49827040000000,"KAB. CIREBON",SUMBER,PEJAMBON
697053,533312812205,"PJU  ***** *****",-6.75486990000000,108.51111590000000,"KAB. CIREBON",TALUN,KECOMBERAN
697054,533313146028,"PJU ** ***** *",-6.73880980000000,108.42780260000000,"KAB. CIREBON",PALIMANAN,KEPUH
697055,533313165895,"PJU *** *************",-6.57416670000000,108.39728900000000,"KAB. CIREBON",KALIWEDI,WARGABINANGUN
697056,533113493694,"PJU **** ********",-6.77362202111110,108.51142341111000,"KAB. CIREBON",TALUN,SAMPIRAN
697057,533313372558,"PJU ****** *** *******",-6.75570120000000,108.44055970000000,"KAB. CIREBON",DEPOK,DEPOK
697058,533313006647,"PJU ** **** *******",-6.60439140000000,108.34197420000000,"KAB. CIREBON",SUSUKAN,UJUNGGEBANG
697059,533313003579,"PJU ***** ****** *******",-6.69339290000000,108.52671280000000,"KAB. CIREBON",WERU,"SETU KULON"
697066,533313153722,"PJU ** ********",-6.73177400000000,108.42853190000000,"KAB. CIREBON",PALIMANAN,PANONGAN
697067,533312812221,"PJU *** ***********",-6.68407430000000,108.45451480000000,"KAB. CIREBON",KLANGENAN,PEKANTINGAN
697068,533313146107,"PJU ** ********** *",-6.73825190000000,108.44204400000000,"KAB. CIREBON",DEPOK,WARUKAWUNG
697069,533313148837,"PJU ** ******",-6.77430410000000,108.44448150000000,"KAB. CIREBON",WERU,KARANGSARI
697070,533312979515,"PJU ** **** ********",-6.66211510000000,108.43788910000000,"KAB. CIREBON",ARJAWINANGUN,BULAK
697071,533313230604,"PJU **** *******",-6.63849100000000,108.37053120000000,"KAB. CIREBON",SUSUKAN,KEJIWAN
697072,533313148319,"PJU ** ********** *",-6.75738081111100,108.50993981111000,"KAB. CIREBON",TALUN,KECOMBERAN
697073,533312987888,"PJU **** *******",-6.70999260000000,108.45532200000000,"KAB. CIREBON",KLANGENAN,PEKANTINGAN
697074,533312997152,"PJU ** ********** *",-6.74679000000000,108.44422800000000,"KAB. CIREBON",DEPOK,WARUKAWUNG
697075,533312984911,"PJU ** ******* *** *",-6.59286090000000,108.42282670000000,"KAB. CIREBON",GEGESIK,"GEGESIK LOR"
697076,533313149138,"PJU ****** ********* *",-6.70376804111110,108.50847711111000,"KAB. CIREBON",WERU,"WERU LOR"
697078,533313480008,"PJU **** **********",-6.72727040000000,108.48656870000000,"KAB. CIREBON",WERU,KERTASARI
697079,533313627391,"WAL****** ***** *****",-6.75610050000000,108.47294140000000,"KAB. CIREBON",DEPOK,KEJUDEN
697080,533313153730,"PJU ** ********* *****",-6.71241220000000,108.43226440000000,"KAB. CIREBON",PALIMANAN,"PALIMANAN TIMUR"
697081,533313146243,"PJU ** ******* ***** *",-6.68439080000000,108.44801060000000,"KAB. CIREBON",KLANGENAN,"JEMARAS KIDUL"
697082,533312988035,"PJU **** ******",-6.77374880000000,108.44563260000000,"KAB. CIREBON",DUKUPUNTANG,CISAAT
697083,533313249837,"PJU **** *******",-6.61097680000000,108.37327050000000,"KAB. CIREBON",SUSUKAN,SUSUKAN
697084,533312984795,"PJU ****** **********",-6.72534670000000,108.42302670000000,"KAB. CIREBON",PALIMANAN,BALERANTE
697085,533312988019,"PJU **** ************",-6.70617380000000,108.45314160000000,"KAB. CIREBON",DEPOK,"KASUGENGAN LOR"
697086,533312988218,"PJU **** ******* *****",-6.75060500000000,108.44559430000000,"KAB. CIREBON",DEPOK,KARANGWANGI
697087,533312988050,"PJU **** ********",-6.69652171111110,108.50269741111000,"KAB. CIREBON",PLERED,KALIWULU
697088,533312996677,"PJU ** *********** *",-6.68396100000000,108.47076750000000,"KAB. CIREBON",JAMBLANG,WANGUNHARJA
697089,533312994969,"PJU ********* ********* *",-6.75882210000000,108.48950590000000,"KAB. CIREBON",SUMBER,KEMANTREN
697090,533312996508,"PJU ** ********** *",-6.69418930000000,108.37432660000000,"KAB. CIREBON",CIWARINGIN,CIWARINGIN
697100,533313153706,"PJU ** **** **** *****",-6.71827420000000,108.48742600000000,"KAB. CIREBON",PLUMBON,BODESARI
697101,533313372525,"PJU ****** *** *******",-6.72554300000000,108.43893150000000,"KAB. CIREBON",DEPOK,DEPOK
697102,533313148981,"PJU ****** **********",-6.75846820000000,108.46525420000000,"KAB. CIREBON",SUMBER,TUKMUDAL
697103,533313147715,"PJU ** ********* *",-6.59258720000000,108.42729340000000,"KAB. CIREBON",GEGESIK,PANUNGGUL
697104,533312066297,"PJU ***** **** ********",-6.75468170000000,108.51751430000000,"KAB. CIREBON",TALUN,KECOMBERAN
697105,533312021154,"PJU ********* ******     ",-6.69626950000000,108.46868560000000,"KAB. CIREBON",PLUMBON,PLUMBON
697113,533312321722,"PJU *** *********",-6.73173690000000,108.49761770000000,"KAB. CIREBON",SUMBER,WATUBELAH
697114,533312321730,"PJU *** *********",-6.72327380000000,108.50011500000000,"KAB. CIREBON",WERU,"MEGU CILIK"
697115,533312321748,"PJU *** *********",-6.71742454100000,108.50228949500000,"KAB. CIREBON",WERU,"MEGU GEDE"
697116,533312321755,"PJU *** *********",-6.72327380000000,108.50011500000000,"KAB. CIREBON",WERU,"MEGU CILIK"
697117,533312321763,"PJU *** *********",-6.74681198200000,108.49039784700000,"KAB. CIREBON",SUMBER,WATUBELAH
697118,533312341219,"PJU ********",-6.75609050000000,108.50313980000000,"KAB. CIREBON",SUMBER,SENDANG
697119,533312275871,"PJU **** ******",-6.72019350000000,108.44721860000000,"KAB. CIREBON",PLUMBON,LURAH
697120,533312275889,"PJU *** *******",-6.73197210000000,108.45635140000000,"KAB. CIREBON",DEPOK,KEDUANAN
697121,533312275897,"PJU *** ******",-6.77481440000000,108.44525480000000,"KAB. CIREBON",DUKUPUNTANG,CISAAT
697122,533313165647,"PJU *** ***********",-6.60439476111110,108.47803581111000,"KAB. CIREBON",PANGURAGAN,KARANGANYAR
697123,533313148500,"PJU ** ******* ****",-6.68958050000000,108.47311130000000,"KAB. CIREBON",PLUMBON,PLUMBON
697124,533313152010,"PJU ** ********",-6.69566400000000,108.46063380000000,"KAB. CIREBON",JAMBLANG,JAMBLANG
697125,533313149146,"PJU ** ***** *",-6.72240770000000,108.45648000000000,"KAB. CIREBON",PLUMBON,BODESARI
697126,533313145822,"PJU ** **** **** *",-6.76065290000000,108.41740470000000,"KAB. CIREBON",DEPOK,WARUGEDE
697127,533313148973,"PJU ** ********",-6.73832760000000,108.49827040000000,"KAB. CIREBON",SUMBER,TUKMUDAL
697128,533313148604,"PJU **** ******",-6.74096210000000,108.48962440000000,"KAB. CIREBON",SUMBER,PASALAKAN
697129,533313226002,"PJU *** **** *****",-6.71538870000000,108.43489420000000,"KAB. CIREBON",PALIMANAN,SEMPLO
697130,533312801565,"POS ********",-6.72495980000000,108.52164330000000,"KAB. CIREBON",KEDAWUNG,KEDUNGDAWA
697131,533312785463,"PJU ***** *** *******",-6.75940990000000,108.51732780000000,"KAB. CIREBON",TALUN,"CIREBON GIRANG"
697132,533313145830,"PJU ** ********** ***** *",-6.70939850000000,108.45481600000000,"KAB. CIREBON",DEPOK,"KASUGENGAN KIDUL"
697133,533313148072,"PJU ***** ***** ***** ***",-6.65685650000000,108.41293990000000,"KAB. CIREBON",ARJAWINANGUN,ARJAWINANGUN
697134,533313145901,"PJU ** ********* *",-6.73401320000000,108.44432450000000,"KAB. CIREBON",DEPOK,WARUROYOM
697135,533313849507,"PJU ****** *** *******",-6.57952371326900,108.35539750076000,"KAB. CIREBON",SUSUKAN,JATIANOM
697136,533313849485,"PJU ******  *** *******",-6.63367190000000,108.38009380000000,"KAB. CIREBON",SUSUKAN,"BOJONG KULON"
697137,533313862558,"PJU ****** *** *******",-6.64735168327650,108.37399976310000,"KAB. CIREBON",SUSUKAN,KEDONGDONG
697138,533312952992,"PJU *** **** *******",-6.66929610000000,108.37549560000000,"KAB. CIREBON",CIWARINGIN,"GINTUNG KIDUL"
697139,533312958493,"PJU ** ******* *",-6.65099220000000,108.41047000000000,"KAB. CIREBON",ARJAWINANGUN,JUNGJANG
697140,533312281935,"PJU ******** *****",-6.70204039500000,108.47533691500000,"KAB. CIREBON",PLUMBON,PLUMBON
697142,533312478132,"PJU ***** ******* *",-6.76126360000000,108.45321030000000,"KAB. CIREBON",DUKUPUNTANG,SINDANGJAWA
697143,533312478140,"PJU ***** ******* *",-6.76334150000000,108.43223760000000,"KAB. CIREBON",DUKUPUNTANG,CANGKOAK
697144,533313148957,"PJU ** ********",-6.75362680000000,108.49041680000000,"KAB. CIREBON",SUMBER,GEGUNUNG
697145,533313148612,"PJU ** ********* *",-6.75117170000000,108.49711030000000,"KAB. CIREBON",SUMBER,KEMANTREN
697146,533312996557,"PJU ** ***** *",-6.68420710000000,108.36140350000000,"KAB. CIREBON",CIWARINGIN,BUDUR
697147,533312987544,"PJU *********** ********",-6.78452260000000,108.47749580000000,"KAB. CIREBON",DUKUPUNTANG,BOBOS
697148,533312769813,"PJU ***** ****** *** ***",-6.75642350000000,108.50123830000000,"KAB. CIREBON",SUMBER,SENDANG
697149,533312812213,"PJU *** ************",-6.68875100000000,108.47597750000000,"KAB. CIREBON",PLUMBON,KEDUNGSANA
697150,533313147685,"PJU ** ******* *** *",-6.59073570000000,108.42095850000000,"KAB. CIREBON",GEGESIK,"GEGESIK LOR"
697151,533312997145,"PJU *** * *********",-6.71402500000000,108.43600300000000,"KAB. CIREBON",PALIMANAN,"PALIMANAN TIMUR"
697152,533312996644,"PJU ** ******** *",-6.70645460000000,108.44744830000000,"KAB. CIREBON",JAMBLANG,SITIWINANGUN
697153,533312995199,"PJU ** ****** *****",-6.70073410000000,108.50799110000000,"KAB. CIREBON",PLERED,"TRUSMI KULON"
697154,533313149104,"PJU ** **** ***** *",-6.70914190000000,108.51451250000000,"KAB. CIREBON",WERU,"SETU WETAN"
697155,533313153939,"PJU ** *****",-6.64726450000000,108.45894800000000,"KAB. CIREBON",KLANGENAN,KREYO
697156,533313147801,"PJU ** ********* *****",-6.61120630000000,108.42114230000000,"KAB. CIREBON",GEGESIK,"BAYALANGU KIDUL"
697157,533313153800,"PJU ** ******* *",-6.73980180000000,108.47340100000000,"KAB. CIREBON",PLUMBON,CEMPAKA
697158,533313149224,"PJU ** ******* *",-6.75437980000000,108.39798200000000,"KAB. CIREBON",DUKUPUNTANG,CIPANAS
697159,533313148488,"PJU ** ******** *** *",-6.75739350000000,108.50674250000000,"KAB. CIREBON",TALUN,KUBANG
697161,533312988106,"PJU **** *****",-6.72143290000000,108.46134590000000,"KAB. CIREBON",PLUMBON,LURAH
697162,533313264095,"PJU *** ******",-6.75002180000000,108.49397810000000,"KAB. CIREBON",SUMBER,GEGUNUNG
697163,533313266298,"PJU ** * ***",-6.75612360000000,108.47511920000000,"KAB. CIREBON",SUMBER,TUKMUDAL
697164,533313579335,"PJU **** ********",-6.62142500000000,108.45419000000000,"KAB. CIREBON",CIWARINGIN,BRINGIN
697165,533312988092,"PJU **** **********",-6.71952360000000,108.47389430000000,"KAB. CIREBON",PLUMBON,PAMIJAHAN
697166,533313264158,"PJU *** ******",-6.70142200000000,108.51537000000000,"KAB. CIREBON",PLERED,PANEMBAHAN
697167,533313264211,"PJU *** *******",-6.69843050000000,108.48120540000000,"KAB. CIREBON",PLUMBON,KARANGASEM
697171,533311716364,"TUG* ******* ************",-6.57661920000000,108.35389810000000,"KAB. CIREBON",SUSUKAN,JATIANOM
697174,533311716419,"PJU **** ************    ",-6.64706250000000,108.41027530000000,"KAB. CIREBON",ARJAWINANGUN,JUNGJANG
697178,533311716450,"PJU **** ******* ****    ",-6.75798900000000,108.50162540000000,"KAB. CIREBON",TALUN,"WANASABA KIDUL"
697179,533311716468,"PJU ********* ********   ",-6.59374980000000,108.38142590000000,"KAB. CIREBON",KALIWEDI,"KALIWEDI LOR"
697190,533313849515,"PJU ****** *** *******",-6.67250040000000,108.36192890000000,"KAB. CIREBON",SUSUKAN,TANGKIL
697191,533312755283,"PJU ***** ******* *****",-6.73628180000000,108.46829070000000,"KAB. CIREBON",PLUMBON,PAMIJAHAN
697192,533313058223,"PJU ** *****  ******* ***",-6.72403110000000,108.46339940000000,"KAB. CIREBON",PLUMBON,LURAH
697194,533311109668,"PJU *** ****             ",-6.70091280000000,108.49448900000000,"KAB. CIREBON",WERU,TEGALWANGI
697195,533311109676,"PJU *** ****             ",-6.70268410000000,108.49751230000000,"KAB. CIREBON",PLERED,TEGALSARI
697196,533311109684,"PJU *** ****             ",-6.70228510000000,108.49453540000000,"KAB. CIREBON",WERU,TEGALWANGI
697197,533311109692,"PJU *** ****             ",-6.70040680000000,108.48788290000000,"KAB. CIREBON",PLERED,TEGALSARI
697198,533311109706,"PJU *** ****             ",-6.70040680000000,108.48788290000000,"KAB. CIREBON",PLERED,TEGALSARI
697200,533313248749,"ALI **** *****",-6.74988832111110,108.52115051111000,"KAB. CIREBON",TALUN,KEPONGPONGAN
697201,533313621115,"PJU **** ******* ***",-6.75620300000000,108.47278180000000,"KAB. CIREBON",SUSUKAN,"GINTUNG LOR"
697202,533312825554,"PJU *** ******",-6.77953170000000,108.45191980000000,"KAB. CIREBON",SUMBER,SIDAWANGI
697203,533311076292,"PJU **** ****            ",-6.72086220000000,108.50125520000000,"KAB. CIREBON",WERU,"MEGU GEDE"
697204,533312825306,"PJU ** **** *",-6.77041040000000,108.50654840000000,"KAB. CIREBON",TALUN,"CIREBON GIRANG"
697206,533311117195,"DKP ********* *******    ",-6.70236370400000,108.50486817400000,"KAB. CIREBON",WERU,"WERU LOR"
697207,533311117216,"DKP ********* *******    ",-6.70168870000000,108.50534750000000,"KAB. CIREBON",WERU,"WERU LOR"
697208,533311117224,"DKP ********* *******    ",-6.70208110000000,108.50492480000000,"KAB. CIREBON",WERU,"WERU LOR"
697209,533312266045,"PJU *** *********",-6.67125270000000,108.50646700000000,"KAB. CIREBON",PLERED,CANGKRING
697211,533312266060,"PJU *** ******** *******",-6.67334288111110,108.51620271111000,"KAB. CIREBON",PLERED,SARABAU
697213,533311722277,"DKP ********* *******    ",-6.63206770000000,108.37677320000000,"KAB. CIREBON",SUSUKAN,SUSUKAN
697214,533311722285,"DKP ********* *******    ",-6.63865620000000,108.37466310000000,"KAB. CIREBON",SUSUKAN,"BOJONG KULON"
697215,533311722293,"DKP ********* *******    ",-6.64228455700000,108.41104988400000,"KAB. CIREBON",ARJAWINANGUN,ARJAWINANGUN
697216,533311722372,"DKP ********* *******    ",-6.67099920000000,108.36492700000000,"KAB. CIREBON",SUSUKAN,TANGKIL
697217,533312084148,"PJU ***** ******",-6.71731090000000,108.43622640000000,"KAB. CIREBON",PALIMANAN,SEMPLO
697218,533312010647,"PJU *** ******",-6.75610639829600,108.50821408785000,"KAB. CIREBON",TALUN,"WANASABA KIDUL"
697221,533312321357,"PJU *** *********",-6.73375710000000,108.49729010000000,"KAB. CIREBON",SUMBER,PEJAMBON
697222,533312321365,"PJU *** *********",-6.74418950000000,108.49147350000000,"KAB. CIREBON",SUMBER,WATUBELAH
697223,533312321373,"PJU *** *********",-6.74035780000000,108.49366840000000,"KAB. CIREBON",SUMBER,WATUBELAH
697224,533312339267,"PJU ** ******* ***** ****",-6.75528570000000,108.50906380000000,"KAB. CIREBON",TALUN,"WANASABA KIDUL"
697225,533311109643,"PJU *** ****             ",-6.70611620000000,108.50531920000000,"KAB. CIREBON",WERU,"SETU KULON"
697226,533311109650,"PJU *** ****             ",-6.70490440000000,108.50602010000000,"KAB. CIREBON",WERU,"WERU KIDUL"
697227,533313827505,"PJU ****** *** *******",-6.69729383830770,108.44735241440000,"KAB. CIREBON",KLANGENAN,DANAWINANGUN
697228,533313889274,"PJU **** ********",-6.71605170000000,108.51373330000000,"KAB. CIREBON","TENGAH TANI",ASTAPADA
697229,533313951108,"LAP*** ***** ***** ******",-6.61346924282440,108.38758894152000,"KAB. CIREBON",ARJAWINANGUN,"TEGALGUBUG LOR"
697230,533312492462,"PJU ***** *******",-6.73239230000000,108.46556620000000,"KAB. CIREBON",PLUMBON,LURAH
697231,533312989938,"PJU ** ******",-6.66404110000000,108.48756020000000,"KAB. CIREBON",JAMBLANG,"BAKUNG KIDUL"
697232,533313147868,"PJU ** **********",-6.62460140000000,108.38346130000000,"KAB. CIREBON",ARJAWINANGUN,TEGALGUBUG
697233,533312997207,"PJU ** ********** ***",-6.71093800000000,108.45371520000000,"KAB. CIREBON",DEPOK,"KASUGENGAN LOR"
697234,533312996868,"PJU ** ****** ***** *",-6.67288430000000,108.46488320000000,"KAB. CIREBON",JAMBLANG,"BOJONG LOR"
697235,533313149240,"PJU ** *******",-6.68944830000000,108.51064450000000,"KAB. CIREBON",PLERED,SARABAU
697236,533313658906,"KUB**** ***** *******",-6.73002220000000,108.49520600000000,"KAB. CIREBON",SUMBER,WATUBELAH
697237,533312994902,"PJU ********* ********* *",-6.75682950000000,108.49085080000000,"KAB. CIREBON",SUMBER,KEMANTREN
697238,533313153684,"PJU ****** ***** *******",-6.72078000000000,108.42327000000000,"KAB. CIREBON",PALIMANAN,BALERANTE
697239,533312996452,"PJU ** ***** *** *",-6.66306770000000,108.46010900000000,"KAB. CIREBON",KLANGENAN,BANGODUA
697241,533313624727,"PJU ******* *",-6.77695589111110,108.50416831111000,"KAB. CIREBON",TALUN,KERANDON
697242,533312304443,"PJU ************",-6.67129930000000,108.50500790000000,"KAB. CIREBON",PLERED,CANGKRING
697243,533312025273,"GAP***** ***** ****      ",-6.61076160000000,108.37451790000000,"KAB. CIREBON",SUSUKAN,JATIPURA
697248,533313263831,"PJU **** ***** ******",-6.68775340000000,108.42676000000000,"KAB. CIREBON",PALIMANAN,TEGALKARANG
697249,533313264451,"PJU *** *******",-6.70397390000000,108.47220590000000,"KAB. CIREBON",PLUMBON,PLUMBON
697250,533313263898,"PJU *** ****** ****",-6.68479480000000,108.52832160000000,"KAB. CIREBON","TENGAH TANI",KALITENGAH
697251,533312996212,"PJU ** ******* *",-6.67277098111110,108.51866851111000,"KAB. CIREBON",PLERED,SARABAU
697252,533312996581,"PJU ** ********** *",-6.69306280000000,108.38031680000000,"KAB. CIREBON",CIWARINGIN,CIWARINGIN
697253,533312996183,"PJU ** ***** *",-6.72645920000000,108.46787680000000,"KAB. CIREBON",PLUMBON,LURAH
697254,533312995086,"PJU ****** ******",-6.74506450000000,108.48936680000000,"KAB. CIREBON",SUMBER,WATUBELAH
697255,533312996764,"PJU ** ****** *** *",-6.64351081111100,108.48499711111000,"KAB. CIREBON",JAMBLANG,"BAKUNG LOR"
697256,533312995825,"PJU ** ******** *",-6.76983160000000,108.49344760000000,"KAB. CIREBON",TALUN,"WANASABA KIDUL"
697257,533313373696,"PJU **** ********",-6.66308564111110,108.40658131111000,"KAB. CIREBON",ARJAWINANGUN,GEYONGAN
697258,533313372603,"PJU ****** *** *******",-6.73547690000000,108.47684670000000,"KAB. CIREBON",SUMBER,SUMBER
697259,533312987975,"PJU **** **** *** ******",-6.71688000000000,108.49067190000000,"KAB. CIREBON",PLUMBON,"BODE LOR"
697260,533313291109,"PJU ***********",-6.78140840000000,108.41814650000000,"KAB. CIREBON",DUKUPUNTANG,MANDALA
697262,533312696275,"PJU ******* **",-6.63647400000000,108.43962990000000,"KAB. CIREBON",PANGURAGAN,KALIANYAR
697263,533313002821,"PJU ****** *********",-6.62689041111100,108.45140961111000,"KAB. CIREBON",PANGURAGAN,"PANGURANGAN KULON"
697264,533312996772,"PJU ** ******** *",-6.70132720000000,108.45489390000000,"KAB. CIREBON",JAMBLANG,SITIWINANGUN
697265,533313039235,"PJU ********* ** *****",-6.75051580000000,108.46887450000000,"KAB. CIREBON",WERU,"MEGU GEDE"
697266,533312995589,"PJU ** ****** *****",-6.70394300000000,108.47885870000000,"KAB. CIREBON",PLUMBON,KARANGMULYA
697267,533313081719,"PJU **** ******",-6.72800000000000,108.42820000000000,"KAB. CIREBON",PALIMANAN,SEMPLO
697268,533313619019,"PJU **** *****",-6.73333111110000,108.43511211111000,"KAB. CIREBON",DEPOK,DEPOK
697269,533313089080,"PJU *** ****** *****",-6.64208730000000,108.37484910000000,"KAB. CIREBON",SUSUKAN,"BOJONG KULON"
697270,533313089169,"PJU *** **********",-6.72837400000000,108.48399850000000,"KAB. CIREBON",WERU,KARANGSARI
697271,533312996411,"PJU ** ******* ***",-6.67215780000000,108.45340570000000,"KAB. CIREBON",KLANGENAN,BANGODUA
697272,533313002792,"PJU ** ********* *",-6.61044860000000,108.42138070000000,"KAB. CIREBON",GEGESIK,"BAYALANGU LOR"
697276,533312651601,"PJU ***** ***** *****",-6.71311800000000,108.50366440000000,"KAB. CIREBON",WERU,"MEGU GEDE"
697277,533313935402,"ETL* **** *******",-6.75862635339150,108.47548820078000,"KAB. CIREBON",SUMBER,SUMBER
697278,533312651357,"PJU **** ****",-6.73485960000000,108.44781990000000,"KAB. CIREBON",DEPOK,WARUROYOM
697283,533313022319,"PJU ********** ******** *",-6.74212240000000,108.49347970000000,"KAB. CIREBON",SUMBER,WATUBELAH
697284,533313089230,"PJU *** **** ***** ******",-6.62818520000000,108.37710980000000,"KAB. CIREBON",SUSUKAN,SUSUKAN
697285,533312995251,"PJU ** ***** *",-6.69100960000000,108.51158880000000,"KAB. CIREBON",PLERED,GAMEL
697286,533312994898,"PJU ********* ********* *",-6.76767930000000,108.48569610000000,"KAB. CIREBON",SUMBER,BABAKAN
697287,533312997065,"PJU ** ******* *",-6.72297640000000,108.44066300000000,"KAB. CIREBON",PALIMANAN,BEBERAN
697288,533312995809,"PJU ** ******** *",-6.76983160000000,108.49344760000000,"KAB. CIREBON",TALUN,"WANASABA KIDUL"
697289,533313005828,"PJU ** ********",-6.66448200000000,108.41777560000000,"KAB. CIREBON",ARJAWINANGUN,KEBONTURI
697290,533313089185,"PJU ***** ******* *****",-6.75214535111110,108.51565051111000,"KAB. CIREBON",TALUN,KEPONGPONGAN
697291,533113569457,"PJU **** **********",-6.72327003111110,108.52152291111000,"KAB. CIREBON",KEDAWUNG,KEDUNGJAYA
697293,533313089177,"PJU ******* ******** *",-6.63805070000000,108.37125330000000,"KAB. CIREBON",SUSUKAN,KEJIWAN
697294,533313089151,"PJU ******* ********** *",-6.64723370000000,108.37397080000000,"KAB. CIREBON",SUSUKAN,KEJIWAN
697295,533313008833,"PJU ** ********",-6.69548290000000,108.46109450000000,"KAB. CIREBON",JAMBLANG,JAMBLANG
697296,533312995890,"PJU ** ******** *** *",-6.75935260000000,108.49708300000000,"KAB. CIREBON",SUMBER,SENDANG
697297,533312996801,"PJU ** ******** **",-6.70739200000000,108.45048230000000,"KAB. CIREBON",JAMBLANG,JAMBLANG
697298,533312995029,"PJU **** ************ *",-6.76133320000000,108.46747570000000,"KAB. CIREBON",SUMBER,TUKMUDAL
697299,533313089110,"PJU ********",-6.73353000000000,108.42445190000000,"KAB. CIREBON",PALIMANAN,KEPUH
697301,533313283195,"PJU *** ******* ***",-6.64917680000000,108.38402540000000,"KAB. CIREBON",SUSUKAN,"GINTUNG LOR"
697302,533312644314,"PJU ***** ***",-6.64138706111110,108.39620211111000,"KAB. CIREBON",ARJAWINANGUN,ARJAWINANGUN
697303,533313249924,"PJU **** *******",-6.64102090000000,108.37520610000000,"KAB. CIREBON",SUSUKAN,"BOJONG KULON"
697304,533312825322,"PJU *** ******** **",-6.76365730000000,108.49604450000000,"KAB. CIREBON",TALUN,"WANASABA LOR"
697305,533313889615,"PJU ** ******** ** ******",-6.65852430000000,108.41467960000000,"KAB. CIREBON",ARJAWINANGUN,KEBONTURI
697306,533313935117,"CV. ********* *****",-6.79235860000000,108.50620830000000,"KAB. CIREBON",TALUN,"WANASABA KIDUL"
697316,533313146276,"PJU ** ******* *",-6.75638540000000,108.43669210000000,"KAB. CIREBON",DEPOK,CIKEDUK
697317,533313151976,"PJU ** ****** *",-6.71386120000000,108.44380450000000,"KAB. CIREBON",KLANGENAN,SERANG
697318,533313153834,"PJU ***** ********",-6.72323000000000,108.43970000000000,"KAB. CIREBON",PALIMANAN,BEBERAN
697319,533312989920,"PJU ** ********** *****",-6.70806120000000,108.45800600000000,"KAB. CIREBON",DEPOK,"KASUGENGAN LOR"
697320,533313146201,"PJU ** ***** *",-6.73889250000000,108.42779380000000,"KAB. CIREBON",PALIMANAN,KEPUH
697321,533313148185,"PJU ** ******** *",-6.77419000000000,108.49656000000000,"KAB. CIREBON",TALUN,KERANDON
697322,533312996100,"PJU ** ********** *",-6.76389340000000,108.50850660000000,"KAB. CIREBON",TALUN,"CIREBON GIRANG"
697323,533310436094,"PJU ****** ****          ",-6.73376790000000,108.49729470000000,"KAB. CIREBON",SUMBER,PEJAMBON
697324,533310437972,"TAM** **** ******        ",-6.75870050000000,108.47923240000000,"KAB. CIREBON",SUMBER,SUMBER
697326,533313147922,"PJU ** ********** *** *",-6.62372240000000,108.45653030000000,"KAB. CIREBON",PANGURAGAN,"PANGURANGAN LOR"
697327,533313147914,"PJU ** **** *****",-6.62176571111100,108.37903411111000,"KAB. CIREBON",ARJAWINANGUN,RAWAGATEL
697328,533313145935,"PJU ** *********** *",-6.75145920000000,108.45026980000000,"KAB. CIREBON",DEPOK,KARANGWANGI
697329,533313153797,"PJU ** *********",-6.69278111111000,108.42984111110000,"KAB. CIREBON",PALIMANAN,LUNGBENDA
697330,533313153818,"PJU ** ******* *",-6.72390830000000,108.44015990000000,"KAB. CIREBON",PALIMANAN,BEBERAN
697331,533313241663,"PJU ********* ********",-6.74456411111000,108.49571111111000,"KAB. CIREBON",SUMBER,GEGUNUNG
697332,533313251310,"PJU *** *********",-6.69723900000000,108.44596520000000,"KAB. CIREBON",KLANGENAN,DANAWINANGUN
697333,533313147723,"PJU ** *****",-6.65692030000000,108.42740990000000,"KAB. CIREBON",ARJAWINANGUN,SENDE
697334,533313148733,"PJU ** ************* *",-6.71404900000000,108.46480030000000,"KAB. CIREBON",PLUMBON,PURBAWINANGUN
697335,533312988001,"PJU **** ********** ***",-6.70910970000000,108.45444170000000,"KAB. CIREBON",DEPOK,"KASUGENGAN LOR"
697338,533313623893,"PJU ********* ******",-6.75607830000000,108.47294830000000,"KAB. CIREBON",SUMBER,PASALAKAN
697339,533312719260,"PJU ************ ********",-6.75151670000000,108.48341670000000,"KAB. CIREBON",SUMBER,KALIWADAS
697340,533313148965,"PJU ** ******* *",-6.75469270000000,108.49729670000000,"KAB. CIREBON",SUMBER,SENDANG
697341,533313148620,"PJU ** ******** *",-6.71187320000000,108.48862490000000,"KAB. CIREBON",PLUMBON,BODESARI
697344,533313877206,"PJU ****** *** *******",-6.63447468223530,108.40665982738000,"KAB. CIREBON",ARJAWINANGUN,KEBONTURI
697345,533313935436,"MON******* ***** ******",-6.75895630297210,108.48766107112000,"KAB. CIREBON",SUMBER,SUMBER
697346,533313935381,"MON ***** **** **********",-6.77116394611620,108.41469828039000,"KAB. CIREBON",DUKUPUNTANG,DUKUPUNTANG
697347,533314001218,"PJU ****",-6.63512290000000,108.40654100000000,"KAB. CIREBON",ARJAWINANGUN,ARJAWINANGUN
697348,533313992673,"PJU ****** *** *******",-6.71796306466300,108.45687491927000,"KAB. CIREBON",DEPOK,"KASUGENGAN KIDUL"
697349,533314001259,"PJU ****** *** *******",-6.73979427823440,108.42651821164000,"KAB. CIREBON",PALIMANAN,KEPUH
697350,533314001242,"PJU ****** *** *******",-6.60874718709700,108.38702879672000,"KAB. CIREBON",ARJAWINANGUN,KARANGSAMBUNG
697351,533314000129,"PJU ****** *** *******",-6.62192574985840,108.33118468523000,"KAB. CIREBON",SUSUKAN,"LUWUNG KENCANA"
697352,533313836543,"TRU******* ******* ***",-6.73996335965530,108.44767939299000,"KAB. CIREBON",DEPOK,GETASAN
697354,533313627404,"WAL****** ***** *****",-6.75610050000000,108.47294140000000,"KAB. CIREBON",DEPOK,KEJUDEN
697356,533312557304,"PJU ******** *******",-6.74179166666670,108.49294833333000,"KAB. CIREBON",WERU,TEGALWANGI
697358,533312522163,"PJU **************",-6.75913640000000,108.46451230000000,"KAB. CIREBON",SUMBER,TUKMUDAL
697359,533312968642,"PJU ***** ******",-6.65768600000000,108.39504450000000,"KAB. CIREBON",CIWARINGIN,"GINTUNG TENGAH"
697360,533312967595,"PJU ** *** ******* ******",-6.70278230000000,108.49653690000000,"KAB. CIREBON",WERU,TEGALWANGI
697361,533312708199,"PJU ************ ***** *",-6.72540000000000,108.52211666700000,"KAB. CIREBON",KEDAWUNG,KEDUNGDAWA
697362,533312738196,"VID****** ***** *****",-6.70737890000000,108.50569020000000,"KAB. CIREBON",WERU,"SETU KULON"
697363,533313146010,"PJU ** ******* *** *",-6.68041920000000,108.45029610000000,"KAB. CIREBON",KLANGENAN,"JEMARAS LOR"
697368,533310465804,"PJU *** **********       ",-6.75081840000000,108.52201430000000,"KAB. CIREBON",TALUN,KECOMBERAN
697369,533310465812,"PJU *** ********** *     ",-6.75254661111100,108.51942611111000,"KAB. CIREBON",TALUN,KEPONGPONGAN
697370,533312996005,"PJU ** ******* *",-6.74316500000000,108.51348120000000,"KAB. CIREBON",TALUN,CEMPAKA
697371,533312996906,"PJU ** ******** *",-6.71876730000000,108.40961590000000,"KAB. CIREBON",GEMPOL,CIKEUSAL
697372,533312995060,"PJU ********* ********* *",-6.75733333300000,108.49373000000000,"KAB. CIREBON",SUMBER,KEMANTREN
697373,533312996238,"PJU ** ******** *",-6.76324157111110,108.51834141111000,"KAB. CIREBON",TALUN,"WANASABA KIDUL"
697374,533312996382,"PJU ** ***** *** *",-6.66381050000000,108.45681200000000,"KAB. CIREBON",KLANGENAN,BANGODUA
697375,533312995600,"PJU ** ******* *",-6.71478170000000,108.47592550000000,"KAB. CIREBON",PLUMBON,MARIKANGEN
697376,533312996884,"PJU ** ******** *",-6.72771240000000,108.40841540000000,"KAB. CIREBON",GEMPOL,CIKEUSAL
697381,533312995380,"PJU ** *******",-6.73757010000000,108.48491510000000,"KAB. CIREBON",PLUMBON,CEMPAKA
697382,533312988076,"PJU **** ********",-6.72686520000000,108.49033300000000,"KAB. CIREBON",WERU,KERTASARI
697383,533312987959,"PJU **** ****** **** *",-6.70499911111100,108.52328481111000,"KAB. CIREBON","TENGAH TANI",DAWUAN
697384,533313251414,"PJU *** *********",-6.68088350000000,108.46201770000000,"KAB. CIREBON",KLANGENAN,PEKANTINGAN
697385,533313251455,"PJU *** ******",-6.69221010000000,108.42000790000000,"KAB. CIREBON",GEMPOL,KEMPEK
697386,533312996437,"PJU ** *********",-6.70629970000000,108.44416680000000,"KAB. CIREBON",KLANGENAN,DANAWINANGUN
697387,533312996532,"PJU ** *********** *",-6.68949770000000,108.46495080000000,"KAB. CIREBON",JAMBLANG,WANGUNHARJA
697388,533312995045,"PJU ** ******* *",-6.75375500000000,108.50062330000000,"KAB. CIREBON",TALUN,"WANASABA KIDUL"
697389,533312996948,"PJU ** ******** *",-6.72701130000000,108.41114880000000,"KAB. CIREBON",GEMPOL,CIKEUSAL
697391,533313148717,"PJU ** ********** *",-6.69975070000000,108.48009250000000,"KAB. CIREBON",PLUMBON,KARANGASEM
697392,533313153650,"PJU ** *****",-6.69917000000000,108.44046000000000,"KAB. CIREBON",PALIMANAN,CIAWI
697393,533313146156,"PJU ** *********** *",-6.75120720000000,108.45010540000000,"KAB. CIREBON",DEPOK,KARANGWANGI
697394,533313145976,"PJU ** ******** *",-6.72385560000000,108.45968990000000,"KAB. CIREBON",DEPOK,KEDUANAN
697395,533313077650,"PJU *** ***** *********",-6.74887100000000,108.51207000000000,"KAB. CIREBON",TALUN,CEMPAKA
697396,533313622182,"PJU ****** *** *******",-6.72478800000000,108.46187110000000,"KAB. CIREBON",DUKUPUNTANG,BOBOS
697397,533313621149,"PJU **** ********",-6.75578540000000,108.47273920000000,"KAB. CIREBON",SUSUKAN,JATIANOM
697398,533313621156,"PJU **** ******",-6.75597360000000,108.47288810000000,"KAB. CIREBON",SUSUKAN,WIYONG
697399,533314005751,"PJU ********** *****",-6.74371046625260,108.39727196842000,"KAB. CIREBON",DUKUPUNTANG,"KEDONGDONG KIDUL"
697400,533313827521,"PJU ****** *** *******",-6.71146473673210,108.51420978751000,"KAB. CIREBON",WERU,"SETU WETAN"
697401,533313935410,"ANA***** *********",-6.70834720327830,108.43389350921000,"KAB. CIREBON",PALIMANAN,"PALIMANAN TIMUR"
697402,533313935399,"ETL* ***** *********",-6.70522516617220,108.50622966886000,"KAB. CIREBON",WERU,"WERU LOR"
697403,533314000137,"PJU ****** *** *******",-6.63641830000000,108.40361330000000,"KAB. CIREBON",GEGESIK,SLENDRA
697404,533313997514,"PJU ******* ****** ***",-6.73577090146660,108.49533070103000,"KAB. CIREBON",SUMBER,WATUBELAH
697406,533313249741,"PJU **** ********",-6.58847330000000,108.39610830000000,"KAB. CIREBON",KALIWEDI,UJUNGSEMI
697408,533313153676,"PJU ** ******* *",-6.72490800000000,108.43298800000000,"KAB. CIREBON",PALIMANAN,BEBERAN
697409,533313148350,"PJU ** *********** *",-6.75071000000000,108.51966000000000,"KAB. CIREBON",TALUN,KEPONGPONGAN
697411,533313239377,"SOB*** ** ***",-6.68879000000000,108.43179000000000,"KAB. CIREBON",PALIMANAN,LUNGBENDA
697412,533313622125,"PJU ****** *** *******",-6.72481330000000,108.46199330000000,"KAB. CIREBON",PLUMBON,LURAH
697413,533313338061,"PJU ***** ******* ****",-6.68842800000000,108.38236710000000,"KAB. CIREBON",CIWARINGIN,GALAGAMBA
697414,533313251639,"PJU *** *********",-6.68696010000000,108.45327990000000,"KAB. CIREBON",KLANGENAN,PEKANTINGAN
697415,533313622190,"PJU ****** *** *******",-6.72978000000000,108.48981000000000,"KAB. CIREBON",WERU,KERTASARI
697416,533313625624,"PJU ****** *** *******",-6.79254670000000,108.50622670000000,"KAB. CIREBON",SUMBER,SENDANG
697426,533310436443,"PJU **********           ",-6.75600880000000,108.51738410000000,"KAB. CIREBON",TALUN,KECOMBERAN
697427,533310436450,"PJU ******** *           ",-6.75823770000000,108.51697640000000,"KAB. CIREBON",TALUN,"CIREBON GIRANG"
697428,533310436468,"PJU ******** *           ",-6.76192874111110,108.51597191111000,"KAB. CIREBON",TALUN,"CIREBON GIRANG"
697429,533310436476,"PJU ******** *           ",-6.76285620000000,108.51427360000000,"KAB. CIREBON",TALUN,"CIREBON GIRANG"
697432,533313145848,"PJU ** ******* ***** *",-6.68434160000000,108.44870090000000,"KAB. CIREBON",KLANGENAN,"JEMARAS KIDUL"
697433,533312996997,"PJU ** ******* *",-6.71922360000000,108.44212260000000,"KAB. CIREBON",PALIMANAN,BEBERAN
697434,533312994872,"PJU ********* ********* *",-6.74436310000000,108.48925800000000,"KAB. CIREBON",SUMBER,PASALAKAN
697435,533312995052,"PJU **** ***** *",-6.76933290000000,108.48690490000000,"KAB. CIREBON",SUMBER,BABAKAN
697436,533313146292,"PJU ** ********** ***** *",-6.71768000000000,108.44986000000000,"KAB. CIREBON",DEPOK,"KASUGENGAN KIDUL"
697437,533313148263,"PJU ** ******* *",-6.74885173111110,108.51209841111000,"KAB. CIREBON",TALUN,"WANASABA LOR"
697438,533313153826,"PJU ****** ****** ** ****",-6.69677000000000,108.42135000000000,"KAB. CIREBON",PALIMANAN,PEGAGAN
697440,533313159804,"PJU ** ******** *******",-6.68869180000000,108.36269040000000,"KAB. CIREBON",CIWARINGIN,BUDUR
697441,533313224812,"PJU *** ***** *",-6.76457870000000,108.42337680000000,"KAB. CIREBON",DUKUPUNTANG,BALAD
697442,533312997223,"PJU ****** ****** *",-6.69410740000000,108.41915820000000,"KAB. CIREBON",ARJAWINANGUN,KEBONTURI
697443,533312995548,"PJU ** ********* ***** *",-6.75353630000000,108.39852750000000,"KAB. CIREBON",DUKUPUNTANG,"KEDONGDONG KIDUL"
697444,533312995506,"PJU ** ******* *",-6.75456020000000,108.39981280000000,"KAB. CIREBON",DUKUPUNTANG,GIRINATA
697445,533312996955,"PJU ** *******",-6.72261600000000,108.44130170000000,"KAB. CIREBON",PALIMANAN,BEBERAN
697446,533312997081,"PJU ** ****** *",-6.67850260000000,108.41772580000000,"KAB. CIREBON",GEMPOL,WINONG
697447,533312996835,"PJU ** ******** **",-6.70739200000000,108.45048230000000,"KAB. CIREBON",JAMBLANG,JAMBLANG
697448,533312996167,"PJU ** **********",-6.71841610000000,108.47618890000000,"KAB. CIREBON",PLUMBON,MARIKANGEN
697449,533313146123,"PJU ** ********** *",-6.74136330000000,108.44371150000000,"KAB. CIREBON",DEPOK,WARUKAWUNG
697450,533313145855,"PJU ** ******* *",-6.74267250000000,108.45826600000000,"KAB. CIREBON",DEPOK,GETASAN
697451,533312753055,"PJU **********",-6.72191670000000,108.44311670000000,"KAB. CIREBON",PALIMANAN,BEBERAN
697452,533313325584,"PJU **** *******",-6.68497220000000,108.37475390000000,"KAB. CIREBON",CIWARINGIN,BABAKAN
697453,533113505782,"PT **** ***** ******",-6.73483400000000,108.52048400000000,"KAB. CIREBON",KEDAWUNG,TUK
697454,533313249766,"PJU **** ********",-6.55094160000000,108.37452060000000,"KAB. CIREBON",KALIWEDI,"GUWA LOR"
697460,533311981969,"PJU ********** *******",-6.74138617500000,108.46492208000000,"KAB. CIREBON",DEPOK,KEJUDEN
697461,533313148894,"PJU ** ******* *",-6.70443740000000,108.48296460000000,"KAB. CIREBON",PLUMBON,GOMBANG
697462,533313148271,"PJU ** ******* ****** *",-6.77096112111110,108.50639661111000,"KAB. CIREBON",TALUN,"WANASABA LOR"
697463,533313151968,"PJU ** ****** *",-6.71279440000000,108.44414830000000,"KAB. CIREBON",PALIMANAN,"PALIMANAN TIMUR"
697464,533313151935,"PJU ** ******** *",-6.74160640000000,108.43843800000000,"KAB. CIREBON",DEPOK,WARUJAYA
697467,533313738827,"PJU ****** *** *******",-6.79262500000000,108.50614330000000,"KAB. CIREBON",SUMBER,SIDAWANGI
697492,533313230591,"PJU **** *******",-6.63849800000000,108.37093150000000,"KAB. CIREBON",SUSUKAN,KEJIWAN
697494,533313251670,"PJU *** *********",-6.69663510000000,108.44593730000000,"KAB. CIREBON",KLANGENAN,DANAWINANGUN
697495,533313251336,"PJU *** ********",-6.67355450000000,108.46543290000000,"KAB. CIREBON",JAMBLANG,"BOJONG LOR"
697496,533313387368,"PJU **** ****** ***** *",-6.63230500000000,108.38033900000000,"KAB. CIREBON",SUSUKAN,"BOJONG KULON"
697497,533313392357,"PJU *** ********",-6.67257120000000,108.46235860000000,"KAB. CIREBON",GEMPOL,GEMPOL
697498,533312881289,"PJU ** ********** ***** *",-6.62646680000000,108.45120370000000,"KAB. CIREBON",PANGURAGAN,PANGURANGAN
697499,533313621123,"PJU **** ********",-6.75597360000000,108.47288810000000,"KAB. CIREBON",SUSUKAN,JATIPURA
697500,533313660403,IMR**,-6.75696120000000,108.42955980000000,"KAB. CIREBON",ARJAWINANGUN,"TEGALGUBUG LOR"
697501,533313251519,"PJU *** *********",-6.69747330000000,108.44651770000000,"KAB. CIREBON",KLANGENAN,DANAWINANGUN
697503,533113505774,"PT **** ***** ******",-6.73483400000000,108.52048400000000,"KAB. CIREBON",KEDAWUNG,TUK
697504,533113505803,"PT **** ***** ******",-6.73534524111110,108.51999211111000,"KAB. CIREBON",KEDAWUNG,TUK
697505,533113505811,"PT **** ***** ******",-6.73483400000000,108.52048400000000,"KAB. CIREBON",KEDAWUNG,TUK
697506,533113505790,"PT **** ***** ******",-6.73454711111110,108.52035211111000,"KAB. CIREBON",KEDAWUNG,TUK
697507,533313251584,"PJU *** **********",-6.66179880000000,108.38107210000000,"KAB. CIREBON",CIWARINGIN,"GINTUNG KIDUL"
697508,533313148413,"PJU ** *********",-6.79306433111110,108.50397131111000,"KAB. CIREBON",TALUN,SARWADADI
697509,533313145897,"PJU ** ********** *",-6.74089800000000,108.44070250000000,"KAB. CIREBON",DEPOK,WARUKAWUNG
697510,533313148214,"PJU ** ******** *",-6.70646842111110,108.51891021111000,"KAB. CIREBON","TENGAH TANI",BATTEMBAT
697511,533313148567,"PJU ** ***** *",-6.72517660000000,108.45857710000000,"KAB. CIREBON",PLUMBON,LURAH
697514,533312825292,"PJU *** ********",-6.60639800000000,108.38682750000000,"KAB. CIREBON",KALIWEDI,"KALIWEDI KIDUL"
697518,533312866529,"PJU ** *********",-6.76403760000000,108.48367220000000,"KAB. CIREBON",SUMBER,SUMBER
697519,533312876900,"PJU ** ******* ****** *",-6.66194320000000,108.38651450000000,"KAB. CIREBON",ARJAWINANGUN,JUNGJANG
697521,533313147677,"PJU ** ********** *****",-6.62744400000000,108.46006090000000,"KAB. CIREBON",PANGURAGAN,"PANGURANGAN WETAN"
697522,533313153643,"PJU ***** ****** ********",-6.69856411111000,108.43043811111000,"KAB. CIREBON",PALIMANAN,"PALIMANAN TIMUR"
697523,533313153947,"PJU ** *********",-6.70773490000000,108.43783650000000,"KAB. CIREBON",KLANGENAN,KLANGENAN
697524,533313143669,"PJU ****** ********",-6.74304230000000,108.43252640000000,"KAB. CIREBON",DEPOK,WARUJAYA
697526,533313131787,"PJU *** ********",-6.64519120000000,108.41321920000000,"KAB. CIREBON",ARJAWINANGUN,JUNGJANG
697527,533313366247,"PJU ***** ***** *******",-6.68265130000000,108.46151760000000,"KAB. CIREBON",DEPOK,"KASUGENGAN KIDUL"
697528,533313148526,"PJU ** ********** *",-6.71786390000000,108.47415710000000,"KAB. CIREBON",PLUMBON,MARIKANGEN
697529,533313147835,"PJU ** ******* *** *",-6.59402550000000,108.42335390000000,"KAB. CIREBON",GEGESIK,"GEGESIK LOR"
697530,533313153771,"PJU ** ******",-6.71165680000000,108.42000100000000,"KAB. CIREBON",PALIMANAN,SEMPLO
697531,533313145992,"PJU ** ********",-6.70739200000000,108.45048230000000,"KAB. CIREBON",JAMBLANG,JAMBLANG
697534,533311421700,"LAM** ****** *****       ",-6.70705829300000,108.45054437700000,"KAB. CIREBON",JAMBLANG,JAMBLANG
697535,533311421718,"LAM** ****** *****       ",-6.71057560000000,108.44255880000000,"KAB. CIREBON",KLANGENAN,KLANGENAN
697539,533311421812,"DKP ********* *******    ",-6.68962020000000,108.36827900000000,"KAB. CIREBON",CIWARINGIN,BUDUR
697540,533311421820,"DKP ********* *******    ",-6.69906240000000,108.40415930000000,"KAB. CIREBON",GEMPOL,"PALIMANAN BARAT"
697541,533311421838,"DKP ********* *******    ",-6.69906240000000,108.40415930000000,"KAB. CIREBON",GEMPOL,"PALIMANAN BARAT"
697542,533311421846,"DKP ********* *******    ",-6.69906240000000,108.40415930000000,"KAB. CIREBON",GEMPOL,"PALIMANAN BARAT"
697543,533311421853,"DKP ********* *******    ",-6.69286970000000,108.37781610000000,"KAB. CIREBON",CIWARINGIN,CIWARINGIN
697544,533311421861,"DKP ********* *******    ",-6.68982070000000,108.36839610000000,"KAB. CIREBON",CIWARINGIN,BUDUR
697547,533312877292,"PJU ** *** *****",-6.56536360000000,108.38102220000000,"KAB. CIREBON",KALIWEDI,"GUWA KIDUL"
697548,533313138527,"PJU ******** ******* *",-6.72465160000000,108.45643790000000,"KAB. CIREBON",DEPOK,KEDUANAN
697554,533313146069,"PJU ** ********** *",-6.74114070000000,108.44296010000000,"KAB. CIREBON",DEPOK,WARUKAWUNG
697555,533313699401,"PJU ******** ***** *",-6.75991730000000,108.40735050000000,"KAB. CIREBON",DEPOK,KEDUANAN
697556,533312865463,"PJU ** *******",-6.71922360000000,108.44212260000000,"KAB. CIREBON",PALIMANAN,BEBERAN
697561,533313224820,"PJU *** *****",-6.76353380000000,108.42166590000000,"KAB. CIREBON",DUKUPUNTANG,BALAD
697564,533313149216,"PJU ** ******* ****",-6.76687830000000,108.44633620000000,"KAB. CIREBON",DUKUPUNTANG,SINDANGJAWA
697565,533313148999,"PJU ** ******* *",-6.70139110000000,108.48241320000000,"KAB. CIREBON",PLUMBON,GOMBANG
697566,533313148653,"PJU ** ********** *",-6.71890220000000,108.48058190000000,"KAB. CIREBON",PLUMBON,MARIKANGEN
697567,533310197799,"PJU *******              ",-6.75645232200620,108.46198797226000,"KAB. CIREBON",SUMBER,KENANGA
697572,533312881350,"PJU ** ********** ***",-6.62466150000000,108.45835100000000,"KAB. CIREBON",PANGURAGAN,"PANGURANGAN WETAN"
697573,533312877164,"PJU ** ***** *",-6.65692030000000,108.42740990000000,"KAB. CIREBON",ARJAWINANGUN,KEBONTURI
697574,533312866274,"PJU ** ********** * ****",-6.71859170000000,108.48009250000000,"KAB. CIREBON",PLUMBON,BODESARI
697576,533312865895,"PJU ******** *",-6.69246010000000,108.49733040000000,"KAB. CIREBON","TENGAH TANI",ASTAPADA
697577,533313108864,"PJU ******  ******** **",-6.73418920000000,108.49789940000000,"KAB. CIREBON",SUMBER,WATUBELAH
697578,533313387350,"PJU **** ****** *****",-6.64116550000000,108.37746590000000,"KAB. CIREBON",SUSUKAN,"BOJONG KULON"
697579,533313622095,"PJU ****** *** *******",-6.73323680000000,108.44459880000000,"KAB. CIREBON",WERU,KARANGSARI
697580,533313622141,"PJU ****** *** *******",-6.72036000000000,108.48610170000000,"KAB. CIREBON",WERU,KERTASARI
697581,533313251272,"PJU *** ********",-6.67831000000000,108.46083000000000,"KAB. CIREBON",JAMBLANG,"BOJONG WETAN"
697582,533313242823,"PJU **** *** ***********",-6.78630320000000,108.47773040000000,"KAB. CIREBON",SUMBER,SIDAWANGI
697583,533312825475,"PJU ** **** *",-6.75968174111110,108.50884481111000,"KAB. CIREBON",TALUN,KECOMBERAN
697587,533312861146,"PEN******* ***** ****",-6.69560288111110,108.51930051111000,"KAB. CIREBON","TENGAH TANI",KALIBARU
697588,533312865568,"PJU ** **** ***** *",-6.69273110000000,108.43038650000000,"KAB. CIREBON",PALIMANAN,LUNGBENDA
697589,533312876967,"PJU ** ***** *",-6.68716440000000,108.36542300000000,"KAB. CIREBON",CIWARINGIN,BUDUR
697590,533313352887,"PJU *** ******",-6.66429430000000,108.36193100000000,"KAB. CIREBON",SUSUKAN,WIYONG
697592,533312877397,"PJU ** **** ***** *",-6.72096370000000,108.50123830000000,"KAB. CIREBON",WERU,"MEGU CILIK"
697593,533312871759,"PJU ** **** *****",-6.75329180000000,108.47753510000000,"KAB. CIREBON",DEPOK,WARUKAWUNG
697594,533313251605,"PJU *** **********",-6.68626100000000,108.36595080000000,"KAB. CIREBON",CIWARINGIN,CIWARINGIN
697595,533313251654,"PJU *** ******",-6.70235050000000,108.42111380000000,"KAB. CIREBON",GEMPOL,KEDUNGBUNDER
697596,533313205069,"PJU ***** ***** *******",-6.70534260000000,108.49622220000000,"KAB. CIREBON",WERU,TEGALWANGI
697597,533312881368,"PJU ** ********** ***** *",-6.63554710000000,108.44003040000000,"KAB. CIREBON",PANGURAGAN,KALIANYAR
697598,533312890450,"PJU *** ******** *** ****",-6.74609130000000,108.50042390000000,"KAB. CIREBON",SUMBER,PEJAMBON
697599,533312866440,"PJU ** ****** *****",-6.67390650000000,108.46410930000000,"KAB. CIREBON",JAMBLANG,"BOJONG LOR"
697602,533312871726,"PJU ** ***** *",-6.72603840000000,108.50765340000000,"KAB. CIREBON","TENGAH TANI",ASTAPADA
697603,533312877400,"PJU ** ***** *",-6.68716440000000,108.36542300000000,"KAB. CIREBON",CIWARINGIN,BUDUR
697606,533312871576,"PJU ** **** *****",-6.73324530000000,108.49752840000000,"KAB. CIREBON",SUMBER,WATUBELAH
697607,533313147707,"PJU ** ********** *** *",-6.62103400000000,108.45805460000000,"KAB. CIREBON",PANGURAGAN,"PANGURANGAN LOR"
697608,533313145919,"PJU ** ********** *",-6.73825190000000,108.44204400000000,"KAB. CIREBON",DEPOK,WARUKAWUNG
697609,533313147819,"PJU ** *******",-6.64729000000000,108.41048040000000,"KAB. CIREBON",ARJAWINANGUN,JUNGJANG
697610,533313145863,"PJU ** ********* *",-6.73320590000000,108.44462390000000,"KAB. CIREBON",DEPOK,WARUROYOM
697611,533312876896,"PJU ** ***** **** *",-6.65592870000000,108.40776150000000,"KAB. CIREBON",ARJAWINANGUN,KEBONTURI
697612,533312877107,"PJU ** **** ***** *",-6.72336670000000,108.50007310000000,"KAB. CIREBON",WERU,"MEGU CILIK"
697614,533313089214,"PJU *** ****** *** ******",-6.75803520000000,108.47394060000000,"KAB. CIREBON",SUMBER,TUKMUDAL
697639,533310699606,"TRA**** ***** **** ***** ",-6.75557889111110,108.51064391111000,"KAB. CIREBON",TALUN,"WANASABA KIDUL"
697640,533312885192,TUT****,-6.65492390000000,108.39750020000000,"KAB. CIREBON",CIWARINGIN,BRINGIN
697641,533313356230,"PJU ***** *** * ***** *",-6.63654046111110,108.39864751111000,"KAB. CIREBON",ARJAWINANGUN,ARJAWINANGUN
697643,533312871742,"PJU ** **** ***",-6.71947980000000,108.48839320000000,"KAB. CIREBON",PLUMBON,"BODE LOR"
697645,533312877322,"PJU ** ******* ***** *",-6.64299769111110,108.42755911111000,"KAB. CIREBON",ARJAWINANGUN,JUNGJANG
697646,533312877051,"PJU ** ****** ****",-6.72837400000000,108.48399850000000,"KAB. CIREBON",WERU,KARANGSARI
697651,533312865223,"PJU ** **** ****",-6.71760310000000,108.48292670000000,"KAB. CIREBON",PLUMBON,BODESARI
697652,533312877355,"PJU ** **** ***** *",-6.71123490000000,108.50461800000000,"KAB. CIREBON",WERU,"SETU KULON"
697654,533312876854,"PJU ** ******* *",-6.59941370000000,108.41977410000000,"KAB. CIREBON",GEGESIK,"GEGESIK KIDUL"
697655,533312865804,"PJU *********",-6.69096810000000,108.50902920000000,"KAB. CIREBON","TENGAH TANI",ASTAPADA
697657,533312866649,"PJU ** *******",-6.75528970000000,108.49755410000000,"KAB. CIREBON",SUMBER,SENDANG
697660,533313266249,"PJU ******* ************",-6.76429970000000,108.46567640000000,"KAB. CIREBON",SUMBER,TUKMUDAL
697661,533313205149,"PJU *** ********",-6.73430920000000,108.42509870000000,"KAB. CIREBON",PALIMANAN,CILUKRAK
697663,533312881343,"PJU ** **********",-6.61982880000000,108.45631350000000,"KAB. CIREBON",PANGURAGAN,"PANGURANGAN LOR"
697670,533310661308,"PJU ***********          ",-6.76361010000000,108.40712220000000,"KAB. CIREBON",DUKUPUNTANG,GIRINATA
697690,533310661381,"PJU ***********          ",-6.70573640000000,108.47281320000000,"KAB. CIREBON",PLUMBON,PLUMBON
697695,533310666452,"PJU ********             ",-6.76347600000000,108.43193600000000,"KAB. CIREBON",DUKUPUNTANG,CANGKOAK
697700,533310666508,"PJU *****                ",-6.76529940000000,108.42387240000000,"KAB. CIREBON",DUKUPUNTANG,BALAD
697704,533310701568,"PJU *********            ",-6.69231670000000,108.43072800000000,"KAB. CIREBON",PALIMANAN,PEGAGAN
697706,533313374546,"PJU **** *******",-6.73834430000000,108.51422320000000,"KAB. CIREBON",TALUN,CEMPAKA
697707,533313375683,"PJU ** *******",-6.67122810000000,108.36515590000000,"KAB. CIREBON",SUSUKAN,TANGKIL
697708,533313375634,"PJU ** ************",-6.64459944111110,108.40868021111000,"KAB. CIREBON",ARJAWINANGUN,ARJAWINANGUN
697709,533313375667,"PJU ** ***** ****",-6.63834070000000,108.40217630000000,"KAB. CIREBON",ARJAWINANGUN,KEBONTURI
697710,533313375739,"PJU ** *******",-6.67289040000000,108.36460190000000,"KAB. CIREBON",SUSUKAN,TANGKIL
697711,533313374553,"PJU **** *******",-6.73480170000000,108.51496520000000,"KAB. CIREBON",TALUN,CEMPAKA
697712,533313375642,"PJU ** ************",-6.64891400000000,108.40644920000000,"KAB. CIREBON",ARJAWINANGUN,ARJAWINANGUN
697713,533313374579,"PJU **** ***********",-6.74492300000000,108.51816800000000,"KAB. CIREBON",TALUN,KEPONGPONGAN
697714,533313374595,"PJU **** ***********",-6.74917680000000,108.52146600000000,"KAB. CIREBON",TALUN,KEPONGPONGAN
697715,533313373576,"PJU **** *************",-6.57305850000000,108.39779760000000,"KAB. CIREBON",KALIWEDI,WARGABINANGUN
697716,533313375713,"PJU ** *******",-6.66779830000000,108.37529890000000,"KAB. CIREBON",SUSUKAN,TANGKIL
697717,533313251804,"PJU **** ******",-6.70523210000000,108.41664660000000,"KAB. CIREBON",GEMPOL,"PALIMANAN BARAT"
697718,533313392340,"PT. **** ****** ********",-6.71207000000000,108.49908000000000,"KAB. CIREBON",WERU,"MEGU CILIK"
697720,533310704892,"PJU ***** ******* *****  ",-6.68865530000000,108.47288040000000,"KAB. CIREBON",PLERED,CANGKRING
697721,533310513565,"PJU ****** *** ********* ",-6.75865970000000,108.47483270000000,"KAB. CIREBON",SUMBER,TUKMUDAL
697722,533310513573,"PJU ****** ***** ******* ",-6.74592830000000,108.49135420000000,"KAB. CIREBON",SUMBER,WATUBELAH
697724,533310646056,"PJU ** **** *** *******  ",-6.76014026111110,108.50829911111000,"KAB. CIREBON",TALUN,"WANASABA KIDUL"
697734,533312995173,"PJU ** ********** *",-6.77662200000000,108.41343310000000,"KAB. CIREBON",DUKUPUNTANG,CIKALAHANG
697735,533312997231,"PJU ** ********* ***** *",-6.70036270000000,108.42036290000000,"KAB. CIREBON",GEMPOL,KEDUNGBUNDER
697736,533312995078,"PJU **** ************ *",-6.76465000000000,108.46095000000000,"KAB. CIREBON",SUMBER,TUKMUDAL
697737,533312995961,"PJU ** ******** ***** *",-6.76951190000000,108.49344760000000,"KAB. CIREBON",TALUN,"WANASABA KIDUL"
697738,533313005765,"PJU ** **** *****",-6.62157600000000,108.38083380000000,"KAB. CIREBON",ARJAWINANGUN,RAWAGATEL
697739,533311882819,"DKP ********* *******    ",-6.59565260000000,108.38490830000000,"KAB. CIREBON",KALIWEDI,"KALIWEDI LOR"
697740,533312877093,"PJU ** **** ***** *",-6.71055750000000,108.50606120000000,"KAB. CIREBON",WERU,"SETU KULON"
697741,533313002870,"PJU *** *********",-6.62639590000000,108.45149210000000,"KAB. CIREBON",PANGURAGAN,"PANGURANGAN KULON"
697742,533312995427,"PJU ** ******* *",-6.68984591111100,108.47093281111000,"KAB. CIREBON",PLUMBON,KEBAREPAN
697743,533312995132,"PJU **** ***** *",-6.77061550000000,108.48598850000000,"KAB. CIREBON",SUMBER,BABAKAN
697744,533312865726,"PJU ** **********",-6.71848720000000,108.47370720000000,"KAB. CIREBON",PLUMBON,MARIKANGEN
697745,533313182394,"PJU ***** ******** **",-6.70786540000000,108.50165530000000,"KAB. CIREBON",WERU,"WERU KIDUL"
697746,533313182407,"PJU ***** ******** *",-6.70918590000000,108.50283650000000,"KAB. CIREBON",WERU,"WERU KIDUL"
697747,533313138280,"PJU ***** ******",-6.72567050000000,108.45729920000000,"KAB. CIREBON",DEPOK,KEDUANAN
697748,533312995398,"PJU ** ******* *",-6.77846920000000,108.42814040000000,"KAB. CIREBON",DUKUPUNTANG,MANDALA
697749,533313005893,"PJU ** ******",-6.66326510000000,108.36871380000000,"KAB. CIREBON",SUSUKAN,WIYONG
697750,533312866091,"PJU ** ****** *",-6.72111520000000,108.43149920000000,"KAB. CIREBON",PALIMANAN,SEMPLO
697751,533312865369,"PJU ** ******* *****",-6.67898830000000,108.44995620000000,"KAB. CIREBON",KLANGENAN,"JEMARAS KIDUL"
697755,533310010606,"PJU ******* ****** *     ",-6.75104649111110,108.50931911111000,"KAB. CIREBON",TALUN,CEMPAKA
697756,533313372645,"PJU ****** *** *******",-6.75751310000000,108.45980320000000,"KAB. CIREBON",SUMBER,KENANGA
697757,533313027407,"PJU ******* ***** *******",-6.73906300000000,108.45315160000000,"KAB. CIREBON",DEPOK,GETASAN
697758,533313264357,"PJU *** ******",-6.69750123111110,108.50547431111000,"KAB. CIREBON",PLERED,WOTGALI
697759,533313192471,"PJU **** ********** ***",-6.62330670000000,108.45646540000000,"KAB. CIREBON",PANGURAGAN,"PANGURANGAN LOR"
697769,533310664339,"LAM** ****** *****       ",-6.70146238849540,108.49169047062000,,,
697770,533310664347,"LAM** ****** *****       ",-6.70272862364080,108.49659181738000,,,
697771,533310664354,"LAM** ****** *****       ",-6.70085410220330,108.48854233025000,,,
697772,533310664362,"LAM** ****** *****       ",-6.70115804854980,108.48136058547000,,,
697773,533310664370,"LAM** ****** *****       ",-6.70110430378700,108.48138235384000,,,
697774,533310664388,"PJU ***********          ",-6.70989430000000,108.52312740000000,"KAB. CIREBON","TENGAH TANI",DAWUAN
697775,533310664396,"PJU ***********          ",-6.70541590000000,108.51529520000000,"KAB. CIREBON",PLERED,PANEMBAHAN
697776,533310664409,"PJU ***********          ",-6.70654830000000,108.51179890000000,"KAB. CIREBON",WERU,"WERU KIDUL"
697777,533310664417,"PJU ***********          ",-6.70899661111100,108.52467321111000,"KAB. CIREBON","TENGAH TANI",KEMLAKAGEDE
697790,533310710556,"PJU **** **********      ",-6.69998989111110,108.49516141111000,"KAB. CIREBON",PLERED,PANEMBAHAN
697799,533310664512,"PJU ** *********         ",-6.70561905000000,108.46372482100000,"KAB. CIREBON",PLUMBON,KEBAREPAN
697812,533310666325,"PJU ******** *******     ",-6.67038950000000,108.42114120000000,"KAB. CIREBON",GEMPOL,WINONG
697813,533310638108,"PJU *** ****** *****     ",-6.71721060000000,108.43564450000000,"KAB. CIREBON",PALIMANAN,SEMPLO
697814,533313153859,"PJU ** ***** ******",-6.68618710000000,108.42751530000000,"KAB. CIREBON",PALIMANAN,TEGALKARANG
697815,533313149074,"PJU ** **** *** *",-6.70421740000000,108.50641540000000,"KAB. CIREBON",WERU,"WERU LOR"
697816,533313153668,"PJU ** ********",-6.73372540000000,108.42591560000000,"KAB. CIREBON",PALIMANAN,CILUKRAK
697817,533313738801,"PJU ****** *** *******",-6.75579820000000,108.40302720000000,"KAB. CIREBON",DUKUPUNTANG,CIPANAS
697819,533312866607,"PJU *******",-6.73641400000000,108.46824140000000,"KAB. CIREBON",PLUMBON,PAMIJAHAN
697820,533313715170,"PJU ****** *** *** ******",-6.62557240000000,108.48180950000000,"KAB. CIREBON",PANGURAGAN,LEMAHTAMBA
697821,533313716795,"PJU ***** ****",-6.63865170000000,108.39880440000000,"KAB. CIREBON",ARJAWINANGUN,"TEGALGUBUG LOR"
697822,533312866680,"PJU *****",-6.71327470000000,108.51830420000000,"KAB. CIREBON","TENGAH TANI",GESIK
697826,533312865385,"PJU ** **** *",-6.64607170000000,108.46137460000000,"KAB. CIREBON",KLANGENAN,KREYO
697827,533313147756,"PJU ** ****** *",-6.66287300000000,108.36692400000000,"KAB. CIREBON",SUSUKAN,WIYONG
697828,533313148007,"PJU ** ******* *",-6.63819100000000,108.37179900000000,"KAB. CIREBON",SUSUKAN,KEJIWAN
697829,533313148327,"PJU ** ******* ****** *",-6.76816076111110,108.50653791111000,"KAB. CIREBON",TALUN,"WANASABA LOR"
697830,533313264485,"PJU *** ***********",-6.76439670000000,108.44930770000000,"KAB. CIREBON",DUKUPUNTANG,SINDANGJAWA
697831,533313263969,"PJU *** ****** ****",-6.69976555111110,108.51998821111000,"KAB. CIREBON","TENGAH TANI",KALIBARU
697832,533313249916,"PJU *** ************",-6.65593650000000,108.39851000000000,"KAB. CIREBON",ARJAWINANGUN,KEBONTURI
697833,533312877010,"PJU ** ** *******",-6.60857318111110,108.38903961111000,"KAB. CIREBON",ARJAWINANGUN,KARANGSAMBUNG
697838,533313115356,"PJU *** ********",-6.70801110000000,108.44819080000000,"KAB. CIREBON",JAMBLANG,JAMBLANG
697839,533312905459,RUS***,-6.60010060000000,108.41717890000000,"KAB. CIREBON",GEGESIK,"GEGESIK KIDUL"
697840,533313264428,"PJU *** ******",-6.75191290000000,108.47519830000000,"KAB. CIREBON",SUMBER,TUKMUDAL
697841,533312877131,"PJU ****** *****",-6.69286970000000,108.37781610000000,"KAB. CIREBON",CIWARINGIN,CIWARINGIN
697842,533313089136,"PJU *********** *",-6.76276980000000,108.46735000000000,"KAB. CIREBON",SUMBER,TUKMUDAL
697843,533313661982,"POS ********",-6.75544170000000,108.43199000000000,"KAB. CIREBON",ARJAWINANGUN,TEGALGUBUG
697844,533312963587,"PJU ******** ******* ****",-6.74359240000000,108.46154470000000,"KAB. CIREBON",DEPOK,KEJUDEN
697845,533312995555,"PJU ******** *",-6.75594100000000,108.40748520000000,"KAB. CIREBON",DUKUPUNTANG,GIRINATA
697846,533312995269,"PJU ** ******* *****",-6.75230800000000,108.44439860000000,"KAB. CIREBON",DUKUPUNTANG,SINDANGMEKAR
697848,533312876870,"PJU ** *** ***** ***** *",-6.62516363111110,108.38423861111000,"KAB. CIREBON",ARJAWINANGUN,"TEGALGUBUG LOR"
697849,533312871688,"PJU ** *****",-6.69134530000000,108.54776280000000,"KAB. CIREBON","GUNUNG JATI",ADIDHARMA
697850,533312871621,"PJU ** **** *****",-6.71096240000000,108.50402060000000,"KAB. CIREBON",WERU,"SETU KULON"
697851,533312877198,"PJU ** ******** ***** *",-6.56359520000000,108.43219260000000,"KAB. CIREBON",GEGESIK,"JAGAPURA WETAN"
697853,533312877156,"PJU ** ******** *****",-6.53600220000000,108.42818480000000,"KAB. CIREBON",GEGESIK,"JAGAPURA KULON"
697854,533312877371,"PJU ** ***** *****",-6.70774350000000,108.49358290000000,"KAB. CIREBON",WERU,TEGALWANGI
697856,533313027240,"PJU ***** *******",-6.74322950000000,108.46265750000000,"KAB. CIREBON",DEPOK,KEJUDEN
697857,533312871654,"PJU ** *******",-6.75631030000000,108.43769110000000,"KAB. CIREBON",DEPOK,WARUGEDE
697858,533312877348,"PJU ** **** ***** *",-6.62471780000000,108.38105850000000,"KAB. CIREBON",SUSUKAN,"BOJONG KULON"
697859,533313089056,"PJU ***** ***** **** ****",-6.75490700000000,108.51018600000000,"KAB. CIREBON",TALUN,KECOMBERAN
697861,533312876942,"PJU ** **** ***** *",-6.72336670000000,108.50007310000000,"KAB. CIREBON",WERU,"MEGU CILIK"
697862,533313506908,"PJU **** ******** *** ***",-6.63641090000000,108.40361560000000,"KAB. CIREBON",KALIWEDI,"KALIWEDI LOR"
697863,533313372629,"PJU ****** *** *******",-6.71777500000000,108.43064800000000,"KAB. CIREBON",PALIMANAN,"PALIMANAN TIMUR"
697864,533312866067,"PJU ** *****",-6.72300490000000,108.46657030000000,"KAB. CIREBON",PLUMBON,LURAH
697866,533312865249,"PJU ** *****************",-6.77751360000000,108.44670250000000,"KAB. CIREBON",DUKUPUNTANG,CISAAT
697867,533312866416,"PJU ** ******** *",-6.72522220000000,108.42445190000000,"KAB. CIREBON",PALIMANAN,BALERANTE
697869,533312865393,"PJU ** ********* *",-6.78680190000000,108.47843120000000,"KAB. CIREBON",SUMBER,SIDAWANGI
697871,533312997129,"PJU ** ****** *",-6.67038950000000,108.42114120000000,"KAB. CIREBON",GEMPOL,WINONG
697872,533313002768,"PJU ** ************ *****",-6.60804670000000,108.40651630000000,"KAB. CIREBON",KALIWEDI,KALIDERES
697873,533312996403,"PJU ** ******* *****",-6.68206830000000,108.44979570000000,"KAB. CIREBON",KLANGENAN,"JEMARAS KIDUL"
697874,533313048216,"PJU *** *********",-6.68689970000000,108.42803180000000,"KAB. CIREBON",PALIMANAN,TEGALKARANG
697877,533312995307,"PJU ** ******* *",-6.77748510000000,108.42853190000000,"KAB. CIREBON",DUKUPUNTANG,MANDALA
697878,533312988084,"PJU **** *********",-6.74893530000000,108.48018850000000,"KAB. CIREBON",SUMBER,KALIWADAS
697879,533312988122,"PJU **** ********* *",-6.73340430000000,108.49344760000000,"KAB. CIREBON",SUMBER,WATUBELAH
697880,533312971686,"PJU ******** ***********",-6.70900324111110,108.51985491111000,"KAB. CIREBON","TENGAH TANI",BATTEMBAT
697881,533313165186,"PJU *********** *********",-6.69379570000000,108.46896370000000,"KAB. CIREBON",PLUMBON,PAMIJAHAN
697882,533312997194,"PJU ** ******* *",-6.73910000000000,108.46364830000000,"KAB. CIREBON",DEPOK,KEJUDEN
697883,533312973290,"PJU ***** ***** ******* *",-6.64905822111110,108.40558171111000,"KAB. CIREBON",ARJAWINANGUN,ARJAWINANGUN
697884,533312995450,"PJU ** ******** *",-6.75707080000000,108.40714420000000,"KAB. CIREBON",DUKUPUNTANG,GIRINATA
697886,533313002750,"PJU ** ************ *****",-6.59864260000000,108.39569750000000,"KAB. CIREBON",KALIWEDI,"PRAJAWINANGUN KULON"
697887,533313002776,"PJU ** ******** *****",-6.59548670000000,108.38426860000000,"KAB. CIREBON",KALIWEDI,"KALIWEDI LOR"
697888,533312866338,"PJU *********** *",-6.68591860000000,108.45346640000000,"KAB. CIREBON",KLANGENAN,PEKANTINGAN
697890,533312866537,"PJU ** ********* ***** *",-6.74745200000000,108.39624050000000,"KAB. CIREBON",DUKUPUNTANG,"KEDONGDONG KIDUL"
697891,533313055313,"PJU ******** ****** *****",-6.68980449111110,108.51091211111000,"KAB. CIREBON",PLERED,GAMEL
697893,533313076197,"PJU ** *******",-6.73484217111110,108.52203431111000,"KAB. CIREBON",SUMBER,KEMANTREN
697895,533312876735,"PJU ** **** ***",-6.70425140000000,108.50648110000000,"KAB. CIREBON",WERU,"WERU LOR"
697897,533313493627,"DIT* **** ****** ***** *",-6.57512500000000,108.35357100000000,"KAB. CIREBON",SUSUKAN,JATIANOM
697898,533312877149,"PJU ** ******* ****** *",-6.66194320000000,108.38651450000000,"KAB. CIREBON",ARJAWINANGUN,JUNGJANG
697899,533313036573,"PJU ** ******* *********",-6.73127504111110,108.51739961111000,"KAB. CIREBON",KEDAWUNG,KEDUNGDAWA
697900,533312871783,"PJU ** **********",-6.70476950000000,108.51533620000000,"KAB. CIREBON",PLERED,PANEMBAHAN
697901,533313373700,"PJU **** ****** *****",-6.58132400000000,108.45005200000000,"KAB. CIREBON",GEGESIK,KEDUNGDALEM
697902,533313373734,"PJU **** *******",-6.57763600000000,108.45660700000000,"KAB. CIREBON",GEGESIK,SIBUBUT
697903,533313373759,"PJU *** ************* ***",-6.59877460000000,108.39778830000000,"KAB. CIREBON",KALIWEDI,"PRAJAWINANGUN KULON"
697910,533312996798,"PJU ** ****** ***** *",-6.67388080000000,108.46512440000000,"KAB. CIREBON",JAMBLANG,"BOJONG LOR"
697912,533312866432,"PJU ** ********* *",-6.78680190000000,108.47843120000000,"KAB. CIREBON",SUMBER,SIDAWANGI
697913,533312865879,"PJU ***** *********",-6.74893010000000,108.48043930000000,"KAB. CIREBON",SUMBER,KALIWADAS
697914,533312865194,"PJU *******",-6.75899950000000,108.49825720000000,"KAB. CIREBON",SUMBER,SENDANG
697915,533313283208,"PJU *** ******* ***",-6.64784520000000,108.38237410000000,"KAB. CIREBON",SUSUKAN,"GINTUNG LOR"
697916,533313622079,"PJU ****** *** *******",-6.74855006111110,108.50632261111000,"KAB. CIREBON",SUMBER,GEGUNUNG
697919,533313148368,"PJU ** ******",-6.69547589111110,108.52565651111000,"KAB. CIREBON","TENGAH TANI",DAWUAN
697920,533313153789,"PJU ** ********** *",-6.78511372111110,108.41614521111000,"KAB. CIREBON",DUKUPUNTANG,CIKALAHANG
697921,533313148439,"PJU ** *********** *",-6.76221481111110,108.50998551111000,"KAB. CIREBON",TALUN,KEPONGPONGAN
697922,533313224990,"PJU *** ******** *",-6.58590200000000,108.36742030000000,"KAB. CIREBON",SUSUKAN,JATIANOM
697923,533313725991,"PJU **** ******",-6.67975260000000,108.41712460000000,"KAB. CIREBON",GEMPOL,WINONG
697924,533312697158,"PJU ***** **** ******* *",-6.74571666700000,108.47928333300000,"KAB. CIREBON",SUMBER,KALIWADAS
697925,533312704061,"NUR****** ******* *****",-6.70543450000000,108.45287420000000,"KAB. CIREBON",JAMBLANG,SITIWINANGUN
697926,533312996445,"PJU ** ************",-6.70522280000000,108.44596520000000,"KAB. CIREBON",KLANGENAN,DANAWINANGUN
697927,533313006662,"PJU ** ******* *****",-6.59230320000000,108.41803540000000,"KAB. CIREBON",GEGESIK,"GEGESIK KULON"
697928,533312997264,"PJU ** ******",-6.70363850000000,108.41686140000000,"KAB. CIREBON",GEMPOL,GEMPOL
697929,533312681520,"POS ****** ******",-6.75895580000000,108.47789490000000,"KAB. CIREBON",SUMBER,SUMBER
697930,533312687118,"PJU ***** ******* ******",-6.73636666700000,108.46665000000000,"KAB. CIREBON",PLUMBON,PAMIJAHAN
697931,533312995372,"PJU ** ********* ***** *",-6.74669460000000,108.39662610000000,"KAB. CIREBON",DUKUPUNTANG,"KEDONGDONG KIDUL"
697932,533312995492,"PJU ** ******** *",-6.75690070000000,108.40701970000000,"KAB. CIREBON",DUKUPUNTANG,GIRINATA
697933,533312994977,"PJU ** **********",-6.70194020000000,108.51573480000000,"KAB. CIREBON",PLERED,CANGKRING
697934,533313005802,"PJU ** ***** *",-6.66298070000000,108.43187840000000,"KAB. CIREBON",ARJAWINANGUN,SENDE
697935,533312876839,"PJU ** ******** ***** *",-6.54128820000000,108.43219500000000,"KAB. CIREBON",GEGESIK,"JAGAPURA WETAN"
697938,533313081821,"PJU *** *************",-6.61022757111110,108.38939111111000,"KAB. CIREBON",ARJAWINANGUN,KARANGSAMBUNG
697947,533313081701,"PJU **** ******",-6.71476860000000,108.43772350000000,"KAB. CIREBON",PALIMANAN,SEMPLO
697949,533310754702,"WAR**** *****            ",-6.75724070000000,108.47539990000000,"KAB. CIREBON",SUMBER,TUKMUDAL
697951,533313493619,"DIT* **** ****** *****",-6.56764400000000,108.35454900000000,"KAB. CIREBON",SUSUKAN,JATIANOM
697952,533313424245,"PJU **** ***** ******",-6.78835750000000,108.47696920000000,"KAB. CIREBON",SUMBER,SIDAWANGI
697954,533312866578,"PJU ****** *",-6.69944499111110,108.51098391111000,"KAB. CIREBON",PLERED,"TRUSMI KULON"
697955,533312876847,"PJU ** *************",-6.57118130000000,108.39648090000000,"KAB. CIREBON",KALIWEDI,WARGABINANGUN
697956,533312877442,"PJU ** *********",-6.72547440000000,108.48380220000000,"KAB. CIREBON",WERU,KERTASARI
697957,533312877172,"PJU ** *******",-6.65659010000000,108.40619040000000,"KAB. CIREBON",ARJAWINANGUN,ARJAWINANGUN
697959,533312871613,"PJU ** ****** *****",-6.71257840000000,108.51978830000000,"KAB. CIREBON","TENGAH TANI",GESIK
697960,533312866361,"PJU ** ********** *****",-6.71756470000000,108.45051860000000,"KAB. CIREBON",DEPOK,"KASUGENGAN KIDUL"
697962,533312866594,"PJU **** **********",-6.77577460000000,108.41241240000000,"KAB. CIREBON",DUKUPUNTANG,CIKALAHANG
697964,533312866943,"PJU ** ***** ********",-6.71617500000000,108.46006090000000,"KAB. CIREBON",DEPOK,"KASUGENGAN KIDUL"
697966,533312877284,"PJU ** **** *****",-6.62441290000000,108.38068760000000,"KAB. CIREBON",ARJAWINANGUN,RAWAGATEL
697977,533313138256,"PJU ****** ******",-6.72868310000000,108.45742300000000,"KAB. CIREBON",DEPOK,KEDUANAN
697978,533313138264,"PJU ***** ****",-6.72229740000000,108.45518440000000,"KAB. CIREBON",DEPOK,KEDUANAN
697980,533313143253,"PJU ***** ***** *******",-6.73197210000000,108.45635140000000,"KAB. CIREBON",DEPOK,KEJUDEN
697981,533313442679,"PJU ***** ***** **** ***",-6.65430650000000,108.41710630000000,"KAB. CIREBON",ARJAWINANGUN,ARJAWINANGUN
697984,533312696283,"PJU ******* **",-6.63849690000000,108.43730200000000,"KAB. CIREBON",PANGURAGAN,KALIANYAR
697985,533312696291,"PJU ***** *",-6.63664230000000,108.43935520000000,"KAB. CIREBON",PANGURAGAN,KALIANYAR
697986,533312679503,"PJU ***** *** *******",-6.71973770000000,108.47379040000000,"KAB. CIREBON",PLUMBON,MARIKANGEN
697987,533312995953,"PJU ** ********* *",-6.74983593111110,108.51842541111000,"KAB. CIREBON",TALUN,KEPONGPONGAN
697988,533310759347,"PJU ******* *******      ",-6.70195510700000,108.47137150600000,"KAB. CIREBON",PLUMBON,PLUMBON
697989,533310759354,"PJU ******* *******      ",-6.70747640000000,108.45375490000000,"KAB. CIREBON",KLANGENAN,PEKANTINGAN
697990,533310759474,"SAR**** * * ***          ",-6.63554710000000,108.44003040000000,"KAB. CIREBON",PANGURAGAN,KALIANYAR
697991,533313006032,"PJU ** ***** *",-6.77166157111110,108.51024191111000,"KAB. CIREBON",TALUN,SAMPIRAN
697992,533313138298,"PJU *** **** ******* *",-6.72527990000000,108.45488590000000,"KAB. CIREBON",DEPOK,KEDUANAN
697993,533313149311,"PJU ** ********** *",-6.77852870000000,108.40998680000000,"KAB. CIREBON",DUKUPUNTANG,CIKALAHANG
697994,533313153954,"PJU ** ********",-6.66284030000000,108.45690720000000,"KAB. CIREBON",KLANGENAN,BANGODUA
697995,533313153842,"PJU ** ********* *",-6.67320228111110,108.51455611111000,"KAB. CIREBON",PLERED,CANGKRING
697996,533313153867,"PJU ** *******",-6.65624940000000,108.45227740000000,"KAB. CIREBON",KLANGENAN,SLANGIT
697998,533312460204,"PJU *** ******",-6.69837750000000,108.50250620000000,"KAB. CIREBON",PLERED,KALIWULU
698024,533113440038,"PJU ** ****** * ***",-6.69501344111110,108.53140271111000,"KAB. CIREBON","TENGAH TANI",KEMLAKAGEDE
698037,533313487955,"PJU ********* *********",-6.73982390000000,108.48704740000000,"KAB. CIREBON",SUMBER,PASALAKAN
698038,533312958485,"PJU ** ******* *",-6.64309751111110,108.41814511111000,"KAB. CIREBON",ARJAWINANGUN,JUNGJANG
698039,533312995011,"PJU ** ********",-6.74354540000000,108.50028770000000,"KAB. CIREBON",SUMBER,GEGUNUNG
698040,533313006024,"PJU ** ******* *****",-6.76462050000000,108.44607570000000,"KAB. CIREBON",DUKUPUNTANG,SINDANGJAWA
698041,533313690107,"PJU ********* ****** ****",-6.69600911111000,108.45210611111000,"KAB. CIREBON",JAMBLANG,JAMBLANG
698044,533313002735,"PJU ** ********* *",-6.61044860000000,108.42138070000000,"KAB. CIREBON",GEGESIK,"BAYALANGU LOR"
698074,533313006654,"PJU ** ***** ****** *",-6.62997840000000,108.37697910000000,"KAB. CIREBON",SUSUKAN,SUSUKAN
698075,533313147693,"PJU ** ************",-6.64311264111110,108.40259351111000,"KAB. CIREBON",ARJAWINANGUN,TEGALGUBUG
698076,533313148741,"PJU ** ********** *",-6.77861700000000,108.41592110000000,"KAB. CIREBON",DUKUPUNTANG,CIKALAHANG
698077,533313147884,"PJU ***** *******",-6.60204700000000,108.42024120000000,"KAB. CIREBON",GEGESIK,"GEGESIK LOR"
698078,533313738835,"PJU ****** *** *******",-6.69296650000000,108.46923370000000,"KAB. CIREBON",PLUMBON,PASANGGRAHAN
698079,533313738850,"PJU ****** *** *******",-6.68899240000000,108.47941040000000,"KAB. CIREBON",PLUMBON,KEDUNGSANA
698081,533313138272,"PJU ***** **** ******",-6.72793870000000,108.45613910000000,"KAB. CIREBON",DEPOK,KEDUANAN
698082,533313413761,"PJU *******",-6.69674000000000,108.50932000000000,"KAB. CIREBON",SUMBER,KENANGA
698083,533313147892,"PJU ************ ******",-6.63834070000000,108.40217630000000,"KAB. CIREBON",ARJAWINANGUN,ARJAWINANGUN
698084,533113320016,"PJU ** ******** *",-6.77718907111110,108.50789591111000,"KAB. CIREBON",TALUN,SAMPIRAN
698085,533313149017,"PJU ** ************ *",-6.69461000000000,108.47267330000000,"KAB. CIREBON",PLUMBON,PASANGGRAHAN
698086,533312865974,"PJU ** **** *",-6.65331170000000,108.45954810000000,"KAB. CIREBON",KLANGENAN,KREYO
698088,533313089049,"PJU ******** *",-6.76125800000000,108.46747990000000,"KAB. CIREBON",SUMBER,TUKMUDAL
698089,533313089206,"PJU ******** *** ******",-6.73749780000000,108.40525680000000,"KAB. CIREBON",PALIMANAN,KEPUH
698090,533312147465,"PJU ***** *******",-6.69909090000000,108.46674020000000,"KAB. CIREBON",DEPOK,"KASUGENGAN LOR"
698091,533313147963,"PJU ** ********** *** *",-6.62331580000000,108.45130480000000,"KAB. CIREBON",PANGURAGAN,"PANGURANGAN LOR"
698092,533313148591,"PJU ** ********* *",-6.74292450000000,108.48292980000000,"KAB. CIREBON",SUMBER,TUKMUDAL
698093,533313147827,"PJU ** ********* *",-6.59184511111000,108.43168111110000,"KAB. CIREBON",GEGESIK,PANUNGGUL
698094,533313738843,"PJU ****** *** *******",-6.73502090000000,108.49839240000000,"KAB. CIREBON",SUMBER,WATUBELAH
698095,533313738819,"PJU ****** *** *******",-6.71177670000000,108.48574330000000,"KAB. CIREBON",PLUMBON,BODESARI
698096,533313738798,"PJU ****** *** *******",-6.72539280000000,108.48139310000000,"KAB. CIREBON",PLUMBON,MARIKANGEN
698097,533313749980,"PJU ******* ****",-6.75877170000000,108.48080330000000,"KAB. CIREBON",SUMBER,SUMBER
698098,533313749998,"PJU ******* ****",-6.76304790000000,108.43680050000000,"KAB. CIREBON",SUMBER,WATUBELAH
698099,533313749972,"PJU ******* ****",-6.67841652111110,108.52986091111000,"KAB. CIREBON","TENGAH TANI",KALIBARU
698100,533313744963,"PJU ***** *** **** *",-6.63628691111100,108.40032461111000,"KAB. CIREBON",ARJAWINANGUN,ARJAWINANGUN
698101,533313446517,"PJU *********",-6.69010606111110,108.47237291111000,"KAB. CIREBON",PLUMBON,KEBAREPAN
698102,533312865861,"PJU ******** *",-6.69246010000000,108.49733040000000,"KAB. CIREBON","TENGAH TANI",ASTAPADA
698104,533312866511,"PJU ** ************ *",-6.69986540000000,108.44411060000000,"KAB. CIREBON",PALIMANAN,CIAWI
698105,533312866950,"PJU *** ********",6.41870000000000,108.26761000000000,,,
698106,533313148496,"PJU ** ****** ***** *",-6.70343340000000,108.47844120000000,"KAB. CIREBON",PLUMBON,KARANGMULYA
698107,533313750038,"PJU ******* ****",-6.62650615111110,108.47554191111000,"KAB. CIREBON",PANGURAGAN,LEMAHTAMBA
698108,533313749956,"PJU ******* ****",-6.62754490000000,108.45984300000000,"KAB. CIREBON",PANGURAGAN,LEMAHTAMBA
698109,533313750012,"PJU ******* ****",-6.65565640000000,108.39285910000000,"KAB. CIREBON",CIWARINGIN,"GINTUNG TENGAH"
698110,533313750020,"PJU ******* ****",-6.67760700000000,108.35848380000000,"KAB. CIREBON",CIWARINGIN,BUDUR
698111,533313749964,"PJU ******* ****",-6.62847740000000,108.45975810000000,"KAB. CIREBON",PANGURAGAN,KALIANYAR
698113,533312456113,"PJU ********* ***",-6.75374000000000,108.47373410000000,"KAB. CIREBON",SUMBER,KALIWADAS
698115,533312392918,"PJU ***** ***** ***",-6.61755862111110,108.38703031111000,"KAB. CIREBON",ARJAWINANGUN,JUNGJANG
698116,533312392934,"PJU ***** ***** ***",-6.75860550000000,108.49627918000000,"KAB. CIREBON",SUMBER,KEMANTREN
698117,533312398634,"PJU ****** ***",-6.65198510000000,108.41072860000000,"KAB. CIREBON",ARJAWINANGUN,KEBONTURI
698118,533312418606,"PJU *** *** ********* *",-6.70497090000000,108.44243080000000,"KAB. CIREBON",KLANGENAN,SERANG
698119,533312865982,"PJU ** ************",-6.76147400000000,108.45375490000000,"KAB. CIREBON",DUKUPUNTANG,SINDANGJAWA
698120,533313146036,"PJU ** ********** ***** *",-6.71762000000000,108.45035000000000,"KAB. CIREBON",DEPOK,"KASUGENGAN KIDUL"
698121,533313151927,"PJU ** ********** *** *",-6.71216400000000,108.45704950000000,"KAB. CIREBON",DEPOK,"KASUGENGAN LOR"
698122,533313147850,"PJU ** ******* *****",-6.65685630000000,108.42519370000000,"KAB. CIREBON",ARJAWINANGUN,"JUNGJANG WETAN"
698123,533313146085,"PJU ** ********** *",-6.74540530000000,108.44337290000000,"KAB. CIREBON",DEPOK,WARUKAWUNG
698124,533711243863,"PJU *** **** *** ******",-6.87765670000000,108.49637830000000,"KAB. KUNINGAN",PANCALANG,TARIKOLOT
698125,533313750004,"PJU ******* ****",-6.70472170000000,108.52483500000000,"KAB. CIREBON","TENGAH TANI",KALIBARU
698126,533313594763,"PJU ***** ******",-6.60355790000000,108.37273590000000,"KAB. CIREBON",ARJAWINANGUN,TEGALGUBUG
698128,533312865917,"PJU ** *********",-6.73968700000000,108.48173000000000,"KAB. CIREBON",SUMBER,PASALAKAN
698131,533313138249,"PJU ***** ******* ****",-6.72676500000000,108.44971200000000,"KAB. CIREBON",DEPOK,KEDUANAN
698132,533313240254,"PJU ********* ********",-6.75230810000000,108.49403310000000,"KAB. CIREBON",SUMBER,GEGUNUNG
698133,533313147930,"PJU ********** *****",-6.63717100000000,108.40590700000000,"KAB. CIREBON",ARJAWINANGUN,TEGALGUBUG
698134,533313148384,"PJU ** ********** *",-6.71539130000000,108.52149040000000,"KAB. CIREBON",KEDAWUNG,KEDUNGDAWA
698135,533313148222,"PJU ** ******* *",-6.74450165111110,108.51009341111000,"KAB. CIREBON",TALUN,"WANASABA LOR"
698136,533312995356,"PJU ** ********* *",-6.72592140000000,108.47230230000000,"KAB. CIREBON",PLUMBON,PAMIJAHAN
698137,533313002805,"PJU ** *** ***",-6.56647520000000,108.36882950000000,"KAB. CIREBON",KALIWEDI,"GUWA LOR"
698138,533313151481,"PJU ** ********* *",-6.79210296111110,108.50739911111000,"KAB. CIREBON",TALUN,SARWADADI
698139,533313151950,"PJU ** ********* *",-6.74690350000000,108.45857710000000,"KAB. CIREBON",DEPOK,WARUROYOM
698140,533313153714,"PJU ****** ***** *******",-6.72253830000000,108.42489390000000,"KAB. CIREBON",PALIMANAN,BALERANTE
698141,533312997249,"PJU ****** ****** *",-6.69481300000000,108.42083520000000,"KAB. CIREBON",GEMPOL,KEMPEK
698147,533313022327,"PJU ************ ** *** *",-6.74161330000000,108.51624830000000,"KAB. CIREBON",TALUN,KEPONGPONGAN
698150,533310012962,"PJU*** **** *********    ",-6.73324530000000,108.49752840000000,"KAB. CIREBON",SUMBER,WATUBELAH
698151,533310012970,"PJU*** ** ********* *****",-6.74028550000000,108.49412440000000,"KAB. CIREBON",SUMBER,WATUBELAH
698152,533310012988,"PJU * ******* ********** ",-6.74306700000000,108.49241370000000,"KAB. CIREBON",SUMBER,WATUBELAH
698153,533312995938,"PJU ** ******* ****** *",-6.77731774111110,108.50444151111000,"KAB. CIREBON",TALUN,"WANASABA KIDUL"
698154,533313148335,"PJU ** ******* *",-6.74160287111110,108.51219111110000,"KAB. CIREBON",TALUN,"WANASABA LOR"
698155,533313148031,"PJU ** ******* *",-6.63052510000000,108.37490470000000,"KAB. CIREBON",SUSUKAN,SUSUKAN
698156,533313147906,"PJU ** *****",-6.60678034111110,108.47695321111000,"KAB. CIREBON",PANGURAGAN,KROYA
698158,533312995514,"PJU ** ********* *",-6.72447420000000,108.46919630000000,"KAB. CIREBON",PLUMBON,LURAH
698159,533313146149,"PJU ** *********",-6.68680830000000,108.44147570000000,"KAB. CIREBON",PALIMANAN,CENGKUANG
698160,533313372708,"PJU ****** *** *******",-6.75397396087650,108.45143079758000,"KAB. CIREBON",DEPOK,DEPOK
698161,533313174403,"PJU ***** ****** *******",-6.70028160000000,108.46364690000000,"KAB. CIREBON",DEPOK,"KASUGENGAN LOR"
698162,533313640185,"PJU ****** **** *******",-6.75692830000000,108.43009000000000,"KAB. CIREBON",SUSUKAN,JATIANOM
698163,533312995037,"PJU ** ***********",-6.75270220000000,108.47378610000000,"KAB. CIREBON",SUMBER,TUKMUDAL
698164,533313240262,"PJU ********* **********",-6.75277670000000,108.48825390000000,"KAB. CIREBON",SUMBER,PERBUTULAN
698166,533312970634,"PJU **** ***** *******",-6.61493200000000,108.37064020000000,"KAB. CIREBON",SUSUKAN,BUNDER
698167,533313251742,"PJU *** ********",-6.67560990000000,108.47603320000000,"KAB. CIREBON",JAMBLANG,ORIMALANG
698168,533313002839,"PJU ******* *************",-6.62532490000000,108.45227660000000,"KAB. CIREBON",PANGURAGAN,PANGURANGAN
698169,533313089072,"PJU *** *******",-6.75469800000000,108.51154020000000,"KAB. CIREBON",TALUN,CEMPAKA
698170,533313089102,"PJU *** ***************",-6.74316500000000,108.51348120000000,"KAB. CIREBON",PLUMBON,CEMPAKA
698172,533313081727,"PJU **** ******",-6.71294530000000,108.43785930000000,"KAB. CIREBON",PALIMANAN,SEMPLO
698174,533312161357,"POS ****** **** *********",-6.75361893111110,108.51122061111000,"KAB. CIREBON",TALUN,KECOMBERAN
698175,533313249878,"PJU *** ************",-6.66218050000000,108.40724590000000,"KAB. CIREBON",ARJAWINANGUN,GEYONGAN
698192,533313087667,"PJU ***** ***** *******",-6.75226790000000,108.48491510000000,"KAB. CIREBON",SUMBER,KALIWADAS
698196,533311908460,"PJU ************         ",-6.74532590000000,108.42519370000000,"KAB. CIREBON",DUKUPUNTANG,KEPUNDUAN
698203,533312995995,"PJU ** ******* *",-6.74316500000000,108.51348120000000,"KAB. CIREBON",TALUN,CEMPAKA
698204,533313249973,"PJU *** ************",-6.62899161111110,108.38917341111000,"KAB. CIREBON",ARJAWINANGUN,TEGALGUBUG
698205,533313264190,"PJU *** ******",-6.76124300000000,108.48369600000000,"KAB. CIREBON",SUMBER,SUMBER
698206,533313256502,"PJU *** **********",-6.68077770000000,108.37586650000000,"KAB. CIREBON",CIWARINGIN,GINTUNGRANJENG
698207,533313256614,"PJU *** *********",-6.65209060000000,108.45057410000000,"KAB. CIREBON",KLANGENAN,SLANGIT
698208,533313249695,"PJU *** ************",-6.65685630000000,108.42519370000000,"KAB. CIREBON",ARJAWINANGUN,"JUNGJANG WETAN"
698209,533313264133,"PJU *** ******",-6.75311190000000,108.47335070000000,"KAB. CIREBON",SUMBER,SUMBER
698212,533313264493,"PJU *** ******",-6.67957320000000,108.50075840000000,"KAB. CIREBON",PLERED,CANGKRING
698213,533313005757,"PJU ** *****",-6.65845200000000,108.42519370000000,"KAB. CIREBON",ARJAWINANGUN,KEBONTURI
698215,533313002813,"PJU ** ********* *",-6.61044860000000,108.42138070000000,"KAB. CIREBON",GEGESIK,"BAYALANGU LOR"
698217,533313128768,"PJU ** ******* *******",-6.68137860000000,108.38463230000000,"KAB. CIREBON",CIWARINGIN,GINTUNGRANJENG
698218,533313419660,"PT. **** ****** ********",-6.64199403111110,108.41914071111000,"KAB. CIREBON",ARJAWINANGUN,JUNGJANG
698219,533312877180,"PJU ** *********",-6.68850910000000,108.38173760000000,"KAB. CIREBON",CIWARINGIN,CIWARINGIN
698220,533313256585,"PJU *** **********",-6.68982070000000,108.36839610000000,"KAB. CIREBON",CIWARINGIN,BABAKAN
698221,533312825539,"PJU *** ********",-6.76365730000000,108.49604450000000,"KAB. CIREBON",TALUN,"WANASABA LOR"
698222,533313195906,"PJU *** ******",-6.71784000000000,108.43090000000000,"KAB. CIREBON",PALIMANAN,SEMPLO
698223,533313240288,"PJU ********* *********",-6.75371890000000,108.49279050000000,"KAB. CIREBON",SUMBER,KEMANTREN
698224,533312419267,"PJU *** *** ********* *",-6.70497090000000,108.44243080000000,"KAB. CIREBON",KLANGENAN,SERANG
698225,533313633261,"PJU ****** **** *******",-6.67837480000000,108.42295800000000,"KAB. CIREBON",GEMPOL,WINONG
698226,533312989961,"PJU ** ****** *******",-6.60844280000000,108.33914270000000,"KAB. CIREBON",SUSUKAN,"LUWUNG KENCANA"
698227,533313249852,"PJU **** *******",-6.66246550000000,108.36843570000000,"KAB. CIREBON",SUSUKAN,WIYONG
698228,533313249845,"PJU *** ************",-6.67051930000000,108.42100650000000,"KAB. CIREBON",ARJAWINANGUN,SENDE
698229,533312987551,"PJU ****** ***** ****** *",-6.76954700000000,108.41555400000000,"KAB. CIREBON",DUKUPUNTANG,DUKUPUNTANG
698230,533313249940,"PJU *** ************",-6.63724530000000,108.40356370000000,"KAB. CIREBON",ARJAWINANGUN,ARJAWINANGUN
698231,533313251576,"PJU *** **********",-6.67774190000000,108.36003310000000,"KAB. CIREBON",CIWARINGIN,BUDUR
698232,533313264020,"PJU *** *****",-6.76312130000000,108.49722870000000,"KAB. CIREBON",TALUN,"WANASABA LOR"
698233,533312503573,"PJU *** **** **** ****",-6.76836030000000,108.51163070000000,"KAB. CIREBON",TALUN,SAMPIRAN
698234,533313207335,"PJU **** ***** ***** ***",-6.61340690000000,108.38621730000000,"KAB. CIREBON",ARJAWINANGUN,"TEGALGUBUG LOR"
698235,533313149265,"PJU ** ***** *",-6.76582800000000,108.42408100000000,"KAB. CIREBON",DUKUPUNTANG,BALAD
698236,533313148343,"PJU ** ****** *",-6.79035041111100,108.49040571111000,"KAB. CIREBON",TALUN,KUBANG
698237,533313249687,"PJU **** *******",-6.66326510000000,108.36871380000000,"KAB. CIREBON",SUSUKAN,WIYONG
698238,533313249717,"PJU **** ********",-6.55604220000000,108.37065370000000,"KAB. CIREBON",KALIWEDI,"GUWA LOR"
698239,533313249782,"PJU **** *******",-6.57239250000000,108.45006490000000,"KAB. CIREBON",GEGESIK,SIBUBUT
698240,533313404980,"PJU ** ********",-6.62713490000000,108.37623730000000,"KAB. CIREBON",ARJAWINANGUN,RAWAGATEL
698242,533312876926,"PJU ** **********",-6.69126210000000,108.37768390000000,"KAB. CIREBON",CIWARINGIN,CIWARINGIN
698243,533312865621,"PJU ** *********",-6.70672100000000,108.44374730000000,"KAB. CIREBON",KLANGENAN,DANAWINANGUN
698245,533313256663,"PJU *** **********",-6.66142790000000,108.38358390000000,"KAB. CIREBON",CIWARINGIN,"GINTUNG TENGAH"
698246,533313138231,"PJU *** **** *********",-6.72679210000000,108.44973060000000,"KAB. CIREBON",DEPOK,KEDUANAN
698247,533313033726,"PJU *** ****** *********",-6.73722670000000,108.51830420000000,,,
698250,533312865207,"PJU ****** *",-6.70046600000000,108.51268050000000,"KAB. CIREBON",PLERED,"TRUSMI WETAN"
698251,533312866000,"PJU ** ******** *",-6.72517900000000,108.42556460000000,"KAB. CIREBON",PALIMANAN,PANONGAN
698252,533312876768,"PJU ** *******",-6.66211510000000,108.43788910000000,"KAB. CIREBON",ARJAWINANGUN,BULAK
698254,533312866408,"PJU ** *******",-6.63029400000000,108.38040580000000,"KAB. CIREBON",SUSUKAN,"BOJONG KULON"
698255,533313251568,"PJU *** *********",-6.71246020000000,108.43213890000000,"KAB. CIREBON",PALIMANAN,"PALIMANAN TIMUR"
698256,533313701554,"PJU *********** *********",-6.75947110000000,108.40707430000000,"KAB. CIREBON",DEPOK,KARANGWANGI
698257,533313006958,"PJU ******* *************",-6.53956240000000,108.42408100000000,"KAB. CIREBON",GEGESIK,"JAGAPURA KIDUL"
698258,533313005877,"PJU ** ***** ****",-6.65450080000000,108.41170970000000,"KAB. CIREBON",ARJAWINANGUN,KEBONTURI
698259,533313006670,"PJU ** ***********",-6.57505960000000,108.46524660000000,"KAB. CIREBON",GEGESIK,SIBUBUT
698260,533312865497,"PJU ******** *",-6.71970550000000,108.51288470000000,"KAB. CIREBON","TENGAH TANI",ASTAPADA
698264,533312865670,"PJU ** *********",-6.64256100000000,108.47030200000000,"KAB. CIREBON",KLANGENAN,KREYO
698265,533313256544,"PJU *** **********",-6.66194320000000,108.38651450000000,"KAB. CIREBON",CIWARINGIN,"GINTUNG TENGAH"
698266,533313264203,"PJU *** ******",-6.76135290000000,108.48553540000000,"KAB. CIREBON",SUMBER,SUMBER
698267,533313198028,"PJU ***** *******",-6.75988760000000,108.50566380000000,"KAB. CIREBON",TALUN,CEMPAKA
698268,533313264286,"PJU *** ***********",-6.76033320000000,108.41740470000000,"KAB. CIREBON",DUKUPUNTANG,BALAD
698269,533312995419,"PJU ** *******",-6.70308040000000,108.46341000000000,"KAB. CIREBON",PLUMBON,KEBAREPAN
698270,533312866241,"PJU **** * *********",-6.71334770000000,108.43409560000000,"KAB. CIREBON",PALIMANAN,"PALIMANAN TIMUR"
698272,533313114624,"PJU **** ***** *******",-6.69353310000000,108.50049630000000,"KAB. CIREBON",WERU,"SETU KULON"
698273,533312865336,"PJU ** *********",-6.72732610000000,108.41963010000000,"KAB. CIREBON",SUSUKAN,JATIPURA
698274,533313256622,"PJU *** **********",-6.67946950000000,108.37482300000000,"KAB. CIREBON",CIWARINGIN,GINTUNGRANJENG
698275,533312826133,"PJU *** ****** ******",-6.73484860000000,108.46980650000000,"KAB. CIREBON",KLANGENAN,PEKANTINGAN
698276,533313264012,"PJU *** ****** ****",-6.68399550000000,108.52424040000000,"KAB. CIREBON","TENGAH TANI",DAWUAN
698277,533313264515,"PJU *** ******",-6.75212310000000,108.48862490000000,"KAB. CIREBON",SUMBER,PERBUTULAN
698278,533313264166,"PJU *** ******",-6.75557360000000,108.47298190000000,"KAB. CIREBON",SUMBER,TUKMUDAL
698279,533312994880,"PJU ** ******* *",-6.75755670000000,108.50047330000000,"KAB. CIREBON",TALUN,"WANASABA KIDUL"
698280,533312996685,"PJU ** ********** *",-6.69388160000000,108.37973910000000,"KAB. CIREBON",CIWARINGIN,CIWARINGIN
698281,533312995522,"PJU ** ***** *",-6.77406510000000,108.40738140000000,"KAB. CIREBON",DUKUPUNTANG,BOBOS
698282,533312996341,"PJU ** ******** *",-6.76585078111110,108.51242691111000,"KAB. CIREBON",WERU,"MEGU GEDE"
698283,533312809269,"PJU ***** *******",-6.71071470000000,108.45724870000000,"KAB. CIREBON",DEPOK,"KASUGENGAN LOR"
698285,533312818631,"PJU ***** ****** *******",-6.64781730000000,108.42732390000000,"KAB. CIREBON",ARJAWINANGUN,"JUNGJANG WETAN"
698286,533312996565,"PJU ** ******** *",-6.70805420000000,108.44707800000000,"KAB. CIREBON",JAMBLANG,JAMBLANG
698288,533313251838,"PJU *** **********",-6.68707770000000,108.36871830000000,"KAB. CIREBON",CIWARINGIN,BUDUR
698289,533312988114,"PJU **** ********* *",-6.73924340000000,108.49084720000000,"KAB. CIREBON",SUMBER,WATUBELAH
698290,533313690426,"PJU ** ******* *** *****",-6.76325050000000,108.43694580000000,"KAB. CIREBON",DEPOK,KEJUDEN
698291,533312944296,"PJU *** ******** *",-6.73281070000000,108.42741540000000,"KAB. CIREBON",PALIMANAN,PANONGAN
698292,533313251422,"PJU *** *********",-6.73321050000000,108.42445190000000,"KAB. CIREBON",PALIMANAN,CILUKRAK
698298,533313303707,"PJU **** ****** *****",-6.70354600000000,108.47770300000000,"KAB. CIREBON",PLUMBON,KARANGMULYA
698299,533313558695,"PJU **** *******",-6.59766120000000,108.39801990000000,"KAB. CIREBON",SUSUKAN,JATIANOM
698300,533312876888,"PJU **********",-6.69409240000000,108.37846250000000,"KAB. CIREBON",CIWARINGIN,CIWARINGIN
698301,533313002854,"PJU ******** ********",-6.62559570000000,108.47746280000000,"KAB. CIREBON",PANGURAGAN,LEMAHTAMBA
698302,533312865990,"PJU ** *********** *",-6.68400550000000,108.45438860000000,"KAB. CIREBON",KLANGENAN,PEKANTINGAN
698303,533312866346,"PJU ** ***** * ********",-6.73692710000000,108.44021260000000,"KAB. CIREBON",DEPOK,WARUKAWUNG
698304,533312867052,"PJU ** ********",-6.75088380000000,108.49801970000000,"KAB. CIREBON",SUMBER,GEGUNUNG
698305,533313126402,"PJU **** *********",-6.67954060000000,108.48544420000000,"KAB. CIREBON",PLUMBON,DANAMULYA
698306,533313184166,"PJU ***** *******",-6.74096210000000,108.48962440000000,"KAB. CIREBON",SUMBER,PASALAKAN
698307,533313264410,"PJU *** ***********",-6.75044420000000,108.44151410000000,"KAB. CIREBON",DUKUPUNTANG,SINDANGMEKAR
698308,533313264507,"PJU *** ******",-6.69687899111110,108.50787121111000,"KAB. CIREBON",PLERED,WOTGALI
698317,533312995858,"PJU ** ********** *",-6.76034476111110,108.51165531111000,"KAB. CIREBON",TALUN,KECOMBERAN
698318,533312996390,"PJU ** *********** *",-6.68563410000000,108.45709330000000,"KAB. CIREBON",KLANGENAN,PEKANTINGAN
698319,533312994831,"PJU ** ******* *",-6.75882570000000,108.49864600000000,"KAB. CIREBON",SUMBER,SENDANG
698320,533313838506,"PJU **** ******** *****",-6.63650730000000,108.40356980000000,"KAB. CIREBON",KALIWEDI,"KALIWEDI KIDUL"
698321,533314003685,"PJU ****** *** *******",-6.63681000000000,108.40378170000000,"KAB. CIREBON",GEGESIK,"JAGAPURA KIDUL"
698322,533314003669,"PJU ****** *** *******",-6.63651490000000,108.40355900000000,"KAB. CIREBON",GEGESIK,"JAGAPURA LOR"
698323,533313999015,"PJU *** ****** ***",-6.66703560000000,108.46795770000000,"KAB. CIREBON",JAMBLANG,"BOJONG LOR"
698324,533313776517,"PJU ** ***** ******* *",-6.76302690000000,108.43680300000000,"KAB. CIREBON",DEPOK,"KASUGENGAN LOR"
698344,533313620614,"PJU ********** ***",-6.72626690000000,108.46848200000000,"KAB. CIREBON",DUKUPUNTANG,"KEDONGDONG KIDUL"
698345,533313620606,"PJU ******",-6.75610280000000,108.47292330000000,"KAB. CIREBON",DUKUPUNTANG,CISAAT
698346,533313206531,"PJU *** ******",-6.61456520000000,108.37058480000000,"KAB. CIREBON",SUSUKAN,BUNDER
698347,533312925105,"PJU *********** *********",-6.70990550000000,108.46517700000000,"KAB. CIREBON",PLUMBON,KEBAREPAN
698348,533312930319,"PJU **** ******",-6.73258250000000,108.46044570000000,"KAB. CIREBON",PLUMBON,LURAH
698349,533312995124,"PJU ********* ********* *",-6.76704000000000,108.48735700000000,"KAB. CIREBON",SUMBER,BABAKAN
698350,533312995946,"PJU ** ********* *",-6.75191367111110,108.51667021111000,"KAB. CIREBON",TALUN,KEPONGPONGAN
698351,533312995202,"PJU ** *********** *",-6.76863160000000,108.41777560000000,"KAB. CIREBON",DUKUPUNTANG,DUKUPUNTANG
698352,533312997103,"PJU ** ****** *",-6.67392930000000,108.41922110000000,"KAB. CIREBON",GEMPOL,WINONG
698353,533312996317,"PJU ** *********** *",-6.68498630000000,108.46088590000000,"KAB. CIREBON",DEPOK,"KASUGENGAN LOR"
698354,533313081813,"PJU *** *******",-6.66929610000000,108.37549560000000,"KAB. CIREBON",SUSUKAN,TANGKIL
698355,533310974399,"TRA*** ***** ******      ",-6.70570100000000,108.50759800000000,"KAB. CIREBON",PLERED,"TRUSMI KULON"
698356,533313206515,"PJU *** ******",-6.61350770000000,108.37520030000000,"KAB. CIREBON",SUSUKAN,BUNDER
698357,533312924982,"PJU ********** ******* **",-6.68869150000000,108.51106570000000,"KAB. CIREBON",PLERED,SARABAU
698358,533312994936,"PJU ********* ********* *",-6.75774470000000,108.49196370000000,"KAB. CIREBON",SUMBER,KEMANTREN
698359,533313006925,"PJU ** ******** ***",-6.60991310000000,108.41732170000000,"KAB. CIREBON",GEGESIK,"BAYALANGU LOR"
698360,533313005851,"PJU ** ************",-6.64301000000000,108.40307000000000,"KAB. CIREBON",ARJAWINANGUN,ARJAWINANGUN
698361,533313081735,"PJU **** ******",-6.72424930000000,108.42482280000000,"KAB. CIREBON",PALIMANAN,SEMPLO
698362,533313081697,"PJU **********",-6.71165680000000,108.42000100000000,"KAB. CIREBON",PALIMANAN,SEMPLO
698363,533312995571,"PJU ** ********** *",-6.77186900000000,108.41459390000000,"KAB. CIREBON",DUKUPUNTANG,DUKUPUNTANG
698364,533313507511,"ALU* **** *********",-6.76351803000000,108.47928771000000,"KAB. CIREBON",SUMBER,SUMBER
698365,533313251298,"PJU *** ******",-6.69743300000000,108.42075320000000,"KAB. CIREBON",GEMPOL,KEMPEK
698366,533312989912,"PJU ** ****** *******",-6.60796737111110,108.38948791111000,"KAB. CIREBON",ARJAWINANGUN,KARANGSAMBUNG
698367,533313696119,"PJU *** ***** **** ***",-6.70385360000000,108.44784890000000,"KAB. CIREBON",ARJAWINANGUN,"JUNGJANG WETAN"
698368,533313256648,"PJU *** *********",-6.72682300000000,108.43157130000000,"KAB. CIREBON",PALIMANAN,PANONGAN
698380,533310674649,"PJU ****** ******        ",-6.75758850000000,108.51232870000000,"KAB. CIREBON",TALUN,KECOMBERAN
698395,533310632090,"BAP***** ***** ******    ",-6.73346718111110,108.52230321111000,"KAB. CIREBON",KEDAWUNG,KALIKOA
698396,533310632112,"NEO* *** ****** *****    ",-6.70184292492920,108.47141878729000,,,
698397,533310632120,"NEO* *** ****** *****    ",-6.71174476055830,108.45303811516000,,,
698398,533310632138,"NEO* *** ****** *****    ",-6.71179253213580,108.45313589064000,,,
698399,533310633752,"PJU ********** **** ***  ",-6.58078970000000,108.35635600000000,"KAB. CIREBON",SUSUKAN,JATIANOM
698400,533310633760,"PJU ********** *******   ",-6.57637640000000,108.35411310000000,"KAB. CIREBON",SUSUKAN,JATIANOM
698406,533310677620,"PJU ** *******           ",-6.70755980000000,108.47770520000000,"KAB. CIREBON",PLUMBON,GOMBANG
698411,533310688369,"PJU ***** *****          ",-6.63550821111100,108.38940361111000,"KAB. CIREBON",ARJAWINANGUN,TEGALGUBUG
698412,533310632146,"NEO* *** ****** *****    ",-6.69968270179810,108.45978386993000,,,
698413,533310638427,"PJU ***********          ",-6.70110960000000,108.48138060000000,"KAB. CIREBON",PLUMBON,GOMBANG
698414,533310638435,"PJU ***********          ",-6.70141130000000,108.47936880000000,"KAB. CIREBON",PLUMBON,GOMBANG
698415,533310638443,"PJU ***********          ",-6.70099920000000,108.48162760000000,"KAB. CIREBON",PLUMBON,PLUMBON
698416,533310638450,"PJU ******** ******      ",-6.76315050000000,108.47887990000000,"KAB. CIREBON",SUMBER,SUMBER
698417,533310638468,"PJU ***** *******        ",-6.77752500000000,108.40241166667000,"KAB. CIREBON",DUKUPUNTANG,BOBOS
698421,533310677679,"PJU ** *********         ",-6.70715996400000,108.46343172900000,"KAB. CIREBON",PLUMBON,KEBAREPAN
698430,533310682859,"PJU **********           ",-6.76558111111000,108.57060411111000,"KAB. CIREBON",MUNDU,BANJARWANGUNAN
698431,533310682867,"PJU **********           ",-6.70184740000000,108.47458330000000,"KAB. CIREBON",PLUMBON,PLUMBON
698453,533310517971,"PJU **** *** *********   ",-6.75909350000000,108.49437220000000,"KAB. CIREBON",SUMBER,KEMANTREN
698456,533310630722,"BAP********* ****** **** ",-6.75443221111110,108.52374091111000,"KAB. CIREBON",TALUN,KECOMBERAN
698471,533310666707,"PJU *******              ",-6.63805070000000,108.37125330000000,"KAB. CIREBON",SUSUKAN,KEJIWAN
698472,533310666715,"PJU *******              ",-6.63623800000000,108.37079220000000,"KAB. CIREBON",SUSUKAN,KEJIWAN
698475,533310666749,"PJU ******* ***          ",-6.64832540000000,108.38489320000000,"KAB. CIREBON",SUSUKAN,"GINTUNG LOR"
698476,533310674623,"PJU ** *** ******        ",-6.77264988111110,108.50474631111000,"KAB. CIREBON",TALUN,"CIREBON GIRANG"
698477,533310674631,"PJU ****** ******        ",-6.77359307711720,108.50606221816000,"KAB. CIREBON",TALUN,"CIREBON GIRANG"
698478,533312217595,"PJU *** ***** ***",-6.61232320000000,108.37141630000000,"KAB. CIREBON",SUSUKAN,BUNDER
698482,533313996113,"PJU ****** *** *******",-6.73490930000000,108.44438790000000,"KAB. CIREBON",CIWARINGIN,BUDUR
698483,533313744971,"PJU ******* **** **** ***",-6.74745000000000,108.48565830000000,"KAB. CIREBON",SUMBER,PERBUTULAN
698486,533314001200,"PJU ****",-6.65825316144790,108.43946615887000,"KAB. CIREBON",ARJAWINANGUN,BULAK
698487,533313827491,"PJU ****** *** *******",-6.72536170000000,108.41894480000000,"KAB. CIREBON",GEMPOL,CIKEUSAL
698488,533313696071,"PJU *** *********  ******",-6.65325795111110,108.40090021111000,"KAB. CIREBON",CIWARINGIN,BRINGIN
698489,533313080652,"PJU ***** *********",-6.74574690000000,108.48825390000000,"KAB. CIREBON",SUMBER,KALIWADAS
698490,533313089144,"PJU  ******",-6.70482404111110,108.51917651111000,"KAB. CIREBON","TENGAH TANI",DAWUAN
698491,533312920527,"PJU ***** ******* *******",-6.74215040000000,108.46467360000000,"KAB. CIREBON",SUSUKAN,JATIPURA
698492,533312995912,"PJU ** ********** *",-6.79103980000000,108.50548470000000,"KAB. CIREBON",TALUN,SARWADADI
698493,533313002847,"PJU ** ****** *********",-6.62676204111110,108.44874571111000,"KAB. CIREBON",PANGURAGAN,"PANGURANGAN KULON"
698494,533313006933,"PJU ** *******",-6.60809200000000,108.41982530000000,"KAB. CIREBON",GEGESIK,"BAYALANGU LOR"
698495,533312996756,"PJU ** ****** *****",-6.66086740000000,108.48766720000000,"KAB. CIREBON",JAMBLANG,"BAKUNG KIDUL"
698496,533313006941,"PJU ** ******** ***** *",-6.61921710000000,108.41797970000000,"KAB. CIREBON",GEGESIK,"BAYALANGU KIDUL"
698497,533313005836,"PJU ** ***** ***** ***",-6.61421205111110,108.38843151111000,"KAB. CIREBON",ARJAWINANGUN,"TEGALGUBUG LOR"
698498,533313089064,"PJU *** *******",-6.74316500000000,108.51348120000000,"KAB. CIREBON",TALUN,CEMPAKA
698499,533313089193,"PJU *** *******",-6.62679290000000,108.37609910000000,"KAB. CIREBON",SUSUKAN,SUSUKAN
698500,533313089222,"PJU **** * ******",-6.75939840000000,108.47855760000000,"KAB. CIREBON",SUMBER,SUMBER
698501,533313002888,"PJU ** *****",-6.63655190000000,108.46377040000000,"KAB. CIREBON",PANGURAGAN,LEMAHTAMBA
698502,533312997160,"PJU ** ******* *",-6.74093500000000,108.46414130000000,"KAB. CIREBON",DEPOK,KEJUDEN
698503,533312995349,"PJU ** ****** **** *",-6.69312480000000,108.47872130000000,"KAB. CIREBON",PLUMBON,KARANGASEM
698504,533313523783,"PJU **** ***** ****** ***",-6.60670730000000,108.35692160000000,"KAB. CIREBON",SUSUKAN,UJUNGGEBANG
698505,533313005907,"PJU ** ***** ****** *",-6.60671320000000,108.35694160000000,"KAB. CIREBON",SUSUKAN,UJUNGGEBANG
698518,533310689481,"PJU ** ******** ***      ",-6.77812050000000,108.40405260000000,"KAB. CIREBON",DUKUPUNTANG,BOBOS
698520,533310683168,"PJU ************         ",-6.68375190000000,108.44223910000000,"KAB. CIREBON",PALIMANAN,CENGKUANG
698521,533313996457,"PJU **** **** ****",-6.71794560000000,108.50560880000000,"KAB. CIREBON",WERU,"MEGU GEDE"
698522,533314001197,"PJU ****",-6.66177451003600,108.42489818608000,"KAB. CIREBON",ARJAWINANGUN,KEBONTURI
698523,533313353848,"PJU ********* ********",-6.77094770000000,108.45801880000000,"KAB. CIREBON","TENGAH TANI",ASTAPADA
698524,533312950005,P.J***,-6.68435340000000,108.49839210000000,"KAB. CIREBON",PLUMBON,KEDUNGSANA
698525,533312980010,"PJU ***** ******* *******",-6.65508110000000,108.39884210000000,"KAB. CIREBON",CIWARINGIN,BRINGIN
698526,533312950478,"PJU **** **********",-6.63573833300000,108.46213833300000,"KAB. CIREBON",PANGURAGAN,GUJEG
698527,533312961488,"VID** **** ***** *****",-6.70720440000000,108.49009900000000,"KAB. CIREBON",WERU,TEGALWANGI
698528,533313251853,"PJU *** **********",-6.63829016111110,108.43369821111000,"KAB. CIREBON",PANGURAGAN,"PANGURANGAN KULON"
698529,533313240247,"PJU ********* ******",-6.76221090000000,108.48081910000000,"KAB. CIREBON",SUMBER,SUMBER
698530,533313251344,"PJU *** *********",-6.71422540000000,108.43447990000000,"KAB. CIREBON",PALIMANAN,PEGAGAN
698531,533313251489,"PJU *** *********",-6.67719080000000,108.42649760000000,"KAB. CIREBON",PALIMANAN,TEGALKARANG
698532,533313251726,"PJU *** *****",-6.73320590000000,108.44462390000000,"KAB. CIREBON",DEPOK,WARUROYOM
698533,533313266256,"PJU ******** ******",-6.75881000000000,108.47805000000000,"KAB. CIREBON",SUMBER,TUKMUDAL
698534,533313251621,"PJU *** ********",-6.67185800000000,108.48288290000000,"KAB. CIREBON",JAMBLANG,ORIMALANG
698535,533313251592,"PJU *** ********",-6.68949770000000,108.46495080000000,"KAB. CIREBON",JAMBLANG,WANGUNHARJA
698536,533313251501,"PJU *** *********",-6.72522220000000,108.42445190000000,"KAB. CIREBON",PALIMANAN,CILUKRAK
698537,533313050776,"PJU ***** **** *******",-6.75559661111100,108.50949721111000,"KAB. CIREBON",SUMBER,SENDANG
698538,533313264004,"PJU *** *****",-6.74585915111110,108.51657171111000,"KAB. CIREBON",TALUN,KEPONGPONGAN
698539,533313263928,"PJU *** ****** ****",-6.70414120000000,108.51824720000000,"KAB. CIREBON","TENGAH TANI",BATTEMBAT
698540,533313264381,"PJU *** ******",-6.75928750000000,108.48923730000000,"KAB. CIREBON",SUMBER,KEMANTREN
698541,533313251895,"PJU *** ******",-6.68705620000000,108.41457430000000,"KAB. CIREBON",GEMPOL,KEMPEK
698542,533313249811,"PJU *** ************",-6.65953200000000,108.40814880000000,"KAB. CIREBON",ARJAWINANGUN,KEBONTURI
698543,533313249829,"PJU *** ************",-6.64397034111110,108.41795071111000,"KAB. CIREBON",ARJAWINANGUN,JUNGJANG
698544,533313251377,"PJU *** *********",-6.70222450000000,108.44039680000000,"KAB. CIREBON",PALIMANAN,CIAWI
698545,533313126410,"PJU **** *********",-6.68274667111110,108.48506511111000,"KAB. CIREBON",PLUMBON,DANAMULYA
698546,533313263823,"PJU **** *********",-6.68334411111000,108.43814111111000,"KAB. CIREBON",PALIMANAN,CENGKUANG
698547,533313251430,"PJU *** **********",-6.68696420000000,108.36785480000000,"KAB. CIREBON",CIWARINGIN,BUDUR
698548,533313249908,"PJU *** ************",-6.62145142111110,108.38571871111000,"KAB. CIREBON",ARJAWINANGUN,"TEGALGUBUG LOR"
698549,533313051753,"PJU  ****** ** *******",-6.68674980000000,108.42816100000000,"KAB. CIREBON",PALIMANAN,LUNGBENDA
698550,533313047255,"PJU **** ********",-6.73353000000000,108.42445190000000,"KAB. CIREBON",PALIMANAN,CILUKRAK
698551,533313264324,"PJU *** ******",-6.74707696111110,108.50753451111000,"KAB. CIREBON",SUMBER,PEJAMBON
698552,533113409456,"PJU *** **********",-6.66115330000000,108.49615830000000,"KAB. CIREBON","GUNUNG JATI",BUYUT
698553,533113409299,"PJU *** **********",-6.68579800000000,108.52819300000000,"KAB. CIREBON","GUNUNG JATI",JATIMERTA
698554,533313264444,"PJU *** ******",-6.75528480000000,108.47508570000000,"KAB. CIREBON",SUMBER,TUKMUDAL
698555,533313263681,"PJU **** *************",-6.71409700000000,108.46437600000000,"KAB. CIREBON",PLUMBON,PURBAWINANGUN
698556,533313264252,"PJU *** ******",-6.75002180000000,108.49397810000000,"KAB. CIREBON",SUMBER,GEGUNUNG
698557,533313501135,"PJU **** *******",-6.73705210000000,108.51459420000000,"KAB. CIREBON",TALUN,CEMPAKA
698558,533312958515,"PJU ** ******* *",-6.64548880000000,108.41369580000000,"KAB. CIREBON",ARJAWINANGUN,JUNGJANG
698559,533313256606,"PJU *** **********",-6.66280190000000,108.39163090000000,"KAB. CIREBON",CIWARINGIN,BRINGIN
698560,533313249860,"PJU *** ************",-6.61317347111110,108.38675071111000,"KAB. CIREBON",ARJAWINANGUN,"TEGALGUBUG LOR"
698562,533313251535,"PJU *** *********",-6.67019800000000,108.42880150000000,"KAB. CIREBON",PALIMANAN,TEGALKARANG
698563,533313264141,"PJU *** ******",-6.75408370000000,108.47360250000000,"KAB. CIREBON",SUMBER,TUKMUDAL
698564,533313251696,"PJU *** *********",-6.72110400000000,108.42932300000000,"KAB. CIREBON",PALIMANAN,SEMPLO
698565,533312947754,"PJU **** **********",-6.75870279000000,108.49044758000000,"KAB. CIREBON",SUMBER,KEMANTREN
698566,533313251543,"PJU *** *********",-6.72247350000000,108.43965660000000,"KAB. CIREBON",PALIMANAN,BEBERAN
698567,533313249679,"PJU **** *******",-6.64794570000000,108.37154300000000,"KAB. CIREBON",SUSUKAN,KEDONGDONG
698568,533313264365,"PJU *** ***********",-6.76312650000000,108.42872410000000,"KAB. CIREBON",DUKUPUNTANG,CANGKOAK
698569,533313264174,"PJU *** ******",-6.66111950000000,108.49677830000000,"KAB. CIREBON",PLERED,PANGKALAN
698570,533312855415,"PJU ** ************ *",-6.66211510000000,108.43788910000000,"KAB. CIREBON",ARJAWINANGUN,BULAK
698571,533313251280,"PJU *** *********",-6.70688760000000,108.42560090000000,"KAB. CIREBON",PALIMANAN,"PALIMANAN TIMUR"
698572,533313264079,"PJU *** ******",-6.67125321111110,108.50878881111000,"KAB. CIREBON",PLERED,CANGKRING
698573,533313251550,"PJU *** *********",-6.68368290000000,108.44205680000000,"KAB. CIREBON",PALIMANAN,CENGKUANG
698574,533313251351,"PJU *** ******",-6.70735110000000,108.41305870000000,"KAB. CIREBON",GEMPOL,"PALIMANAN BARAT"
698576,533313040927,"PJU *** **********",-6.69335370000000,108.38105850000000,"KAB. CIREBON",CIWARINGIN,GALAGAMBA
698577,533313498869,"PJU **** **********",-6.71349518111110,108.52225231111000,"KAB. CIREBON",KEDAWUNG,KEDUNGDAWA
698578,533313498877,"PJU **** **********",-6.71895915111110,108.52016151111000,"KAB. CIREBON",KEDAWUNG,KEDUNGDAWA
698579,533113569416,"PJU **** **********",-6.72053112111110,108.52367331111000,"KAB. CIREBON",KEDAWUNG,KEDUNGJAYA
698580,533313944640,"PJU ******** ***",-6.66103300000000,108.41654920000000,"KAB. CIREBON",ARJAWINANGUN,KEBONTURI
698581,533313921603,"TAM** ***** ******* *** *",-6.65109992256280,108.39945575631000,"KAB. CIREBON",CIWARINGIN,BRINGIN
698582,533313048187,"PJU *** *********",-6.68752990000000,108.42764160000000,"KAB. CIREBON",PALIMANAN,TEGALKARANG
698583,533313256701,"PJU *** **********",-6.74669460000000,108.39662610000000,"KAB. CIREBON",SUSUKAN,KEDONGDONG
698584,533313249957,"PJU *** ************",-6.64215412111110,108.39930221111000,"KAB. CIREBON",ARJAWINANGUN,ARJAWINANGUN
698585,533313240221,"PJU ********* ********",-6.73678810000000,108.49678650000000,"KAB. CIREBON",SUMBER,PERBUTULAN
698586,533313263985,"PJU *** ****** ****",-6.70569930000000,108.52463400000000,"KAB. CIREBON","TENGAH TANI",BATTEMBAT
698587,533313264278,"PJU *** ******",-6.67062568111110,108.50178211111000,"KAB. CIREBON",PLERED,CANGKRING
698588,533313266264,"PJU ***** ***** *******",-6.75881000000000,108.47321000000000,"KAB. CIREBON",SUMBER,TUKMUDAL
698589,533313264061,"PJU *** ****",-6.72002060000000,108.50230290000000,"KAB. CIREBON",WERU,"MEGU GEDE"
698590,533313264308,"PJU *** ****",-6.72185630000000,108.50371080000000,"KAB. CIREBON",WERU,"MEGU CILIK"
698591,533313264117,"PJU *** ******",-6.75776100000000,108.49652680000000,"KAB. CIREBON",SUMBER,KEMANTREN
698592,533313256671,"PJU *** *********",-6.73688690000000,108.42853190000000,"KAB. CIREBON",PALIMANAN,PANONGAN
698593,533313042411,"PJU ** ****** ******* ***",-6.75564190000000,108.50955560000000,"KAB. CIREBON",TALUN,"WANASABA KIDUL"
698594,533312855423,"PJU ** ************ *",-6.64785740000000,108.40759820000000,"KAB. CIREBON",ARJAWINANGUN,ARJAWINANGUN
699630,533711150883,"PJU **** ***********",-6.86622560000000,108.54063130000000,"KAB. CIREBON",SEDONG,KERTAWANGUN
699631,533711151368,"PJU ****** ** ******* *",-6.90788900000000,108.51787200000000,"KAB. KUNINGAN",JAPARA,SINGKUP
699632,533711150921,"PJU **** **********",-6.86324320000000,108.53351590000000,"KAB. CIREBON",BEBER,CIAWIGAJAH
699633,533711178339,"PJU ****** *** ******* *",-6.85338637012970,108.52827807794000,"KAB. CIREBON",BEBER,SINDANGHAYU
699634,533711176716,"PJU ****** *** ******* *",-6.80854560000000,108.55763320000000,"KAB. CIREBON",GREGED,NANGGELA
699635,533711178362,"PJU ****** *** ******* *",-6.84823500000000,108.52713500000000,"KAB. CIREBON",BEBER,SINDANGKASIH
699636,533711047748,"PJU ***** *******",-6.84460570000000,108.51125520000000,"KAB. KUNINGAN",KRAMATMULYA,KRAMATMULYA
699637,533711044829,"PJU **** ****** *",-6.80170280000000,108.51047280000000,"KAB. KUNINGAN",PANCALANG,SAREWU
699639,533711045360,"PJU ** ******* *",-6.83143970000000,108.51274180000000,"KAB. CIREBON",BEBER,BEBER
698595,533512490560,"PJU ** ************ ***",-6.86076500000000,108.80492500000000,"KAB. CIREBON",PABEDILAN,PASURUAN
698596,533513045083,"PJU ****** **** *******",-6.80492170000000,108.67365000000000,"KAB. CIREBON",PANGENAN,BENDUNGAN
698597,533513045091,"PJU ****** **** *******",-6.87109620000000,108.70787520000000,"KAB. CIREBON",BABAKAN,"BABAKAN GEBANG"
698598,533513045075,"PJU ****** **** *******",-6.85257500000000,108.71584170000000,"KAB. CIREBON",BABAKAN,"BABAKAN GEBANG"
698599,533512398681,"PJU ***** ***** *********",-6.83108300000000,108.75480200000000,"KAB. CIREBON",GEBANG,PLAYANGAN
698600,533512401986,"PJU ****** ***",-6.83904500000000,108.80260600000000,"KAB. CIREBON",LOSARI,PANGGANGSARI
698601,533512402237,"PJU ****** *** ***",-6.90765300000000,108.74878700000000,"KAB. CIREBON",CILEDUG,"CILEDUG KULON"
698602,533512484856,"WAK*** ** ***",-6.88136500000000,108.68439833300000,"KAB. CIREBON",WALED,CISAAT
698603,533511143947,"DIS********** ***********",-6.91579937400000,108.73991650000000,"KAB. CIREBON",PASALEMAN,CILENGKRANG
698611,533512411388,"PJU **** *********",-6.82819700000000,108.76023500000000,"KAB. CIREBON",GEBANG,PLAYANGAN
698612,533512728352,"PJU ****** *** *******",-6.79914190000000,108.62613710000000,"KAB. CIREBON",PANGENAN,RAWAURIP
698613,533512728345,"PJU ****** *** *******",-6.85169690000000,108.72291150000000,"KAB. CIREBON",BABAKAN,KARANGWANGUN
698614,533512805682,"PJU ****** *** *******",-6.90671838500000,108.70457135000000,"KAB. CIREBON",WALED,"CIKULAK KIDUL"
698615,533512805738,"PJU ****** *** *******",-6.89441000000000,108.69708800000000,"KAB. CIREBON",WALED,CIBOGO
698616,533512436814,"PJU ******* *****",-6.85501800000000,108.59703000000000,"KAB. CIREBON","SUSUKAN LEBAK",CIAWIASIH
698617,533512586690,"PJU ****** *** *******",-6.86517390000000,108.62276770000000,"KAB. CIREBON","SUSUKAN LEBAK","SUSUKAN AGUNG"
698618,533512391677,"PJU ** ***** **",-6.82759900000000,108.69411200000000,"KAB. CIREBON",PANGENAN,ENDER
698619,533513043341,"PJU ****** *** *******",-6.85816680000000,108.64011840000000,"KAB. CIREBON","SUSUKAN LEBAK","CURUG WETAN"
698620,533513043333,"PJU ****** *** *******",-6.85820640000000,108.64014170000000,"KAB. CIREBON","SUSUKAN LEBAK","SUSUKAN AGUNG"
698621,533513043358,"PJU ****** *** *******",-6.85816560000000,108.64033880000000,"KAB. CIREBON","SUSUKAN LEBAK",KALIGAWE
698622,533512586682,"PJU ****** ***********",-6.80803300000000,108.60833600000000,"KAB. CIREBON",ASTANAJAPURA,BUNTET
698623,533512401426,"PJU *** *****",-6.86860950000000,108.65366540000000,"KAB. CIREBON",KARANGWARENG,KARANGWANGI
698624,533512643852,"PJU **********",-6.84423840000000,108.62072680000000,"KAB. CIREBON",LEMAHABANG,LEMAHABANG
698625,533512801323,"PJU **** ****** *****",-6.83176500000000,108.71417870000000,"KAB. CIREBON",GEBANG,"GEBANG KULON"
698627,533711088156,"PJU ****** ********* ****",-6.82194210000000,108.57152780000000,"KAB. CIREBON",GREGED,JATIPANCUR
698630,533512575001,"PJU *** ****** ******",-6.81957300000000,108.72180800000000,"KAB. CIREBON",GEBANG,"GEBANG KULON"
698636,533512436785,"PJU ******* *****",-6.85634800000000,108.60512100000000,"KAB. CIREBON","SUSUKAN LEBAK",SAMPIH
698647,533711088235,"PJU ** ******* ***** ****",-6.82157890000000,108.56765170000000,"KAB. CIREBON",GREGED,JATIPANCUR
698648,533512585848,"PJU ****** ***********",-6.80669380000000,108.61145940000000,"KAB. CIREBON",ASTANAJAPURA,"MERTAPADA KULON"
698649,533512634699,"PJU **** ********",-6.91300720000000,108.71873870000000,"KAB. CIREBON",PABUARAN,SUKADANA
698650,533512634681,"PJU **** ********",-6.89915140000000,108.71706770000000,"KAB. CIREBON",PABUARAN,"PABUARAN LOR"
698651,533512632998,"PJU **** ******",-6.88600440000000,108.69234890000000,"KAB. CIREBON",WALED,CISAAT
698652,533512910957,"PJU ***** ***** *******",-6.91473091019340,108.72881016727000,"KAB. CIREBON",CILEDUG,"JATISEENG KIDUL"
698653,533512678660,"PJU ****** *** *** ****",-6.80232572000000,108.67609320000000,"KAB. CIREBON",PANGENAN,BENDUNGAN
698654,533512853513,"PJU ****** **** ******",-6.80421400000000,108.63329530000000,"KAB. CIREBON",LEMAHABANG,BELAWA
698655,533512853459,"PJU ****** ** ***** ****",-6.90484170000000,108.71070000000000,"KAB. CIREBON",WALED,"WALED KOTA"
698656,533512496237,"PJU ********* *****",-6.81194360000000,108.63337900000000,"KAB. CIREBON",ASTANAJAPURA,"JAPURA KIDUL"
698657,533512496485,"PJU ************ *",-6.90496400000000,108.75359940000000,"KAB. CIREBON",CILEDUG,"CILEDUG LOR"
698658,533512496714,"PJU *********",-6.81194360000000,108.63337900000000,"KAB. CIREBON",ASTANAJAPURA,"JAPURA KIDUL"
698659,533512496109,"PJU ******** ***** *",-6.91248833300000,108.74713000000000,"KAB. CIREBON",PASALEMAN,CILENGKRANG
698660,533512497447,"PJU ********* *",-6.80224166700000,108.63458166700000,"KAB. CIREBON",PANGENAN,"JAPURA LOR"
698661,533512496174,"PJU ***** ***** *",-6.78900130000000,108.63964430000000,"KAB. CIREBON",PANGENAN,ASTANAMUKTI
698662,533512496046,"PJU ******* **** *",-6.91344390000000,108.74171980000000,"KAB. CIREBON",PASALEMAN,CILENGKRANG
698663,533512496643,"PJU ************ *",-6.91763380000000,108.74097730000000,"KAB. CIREBON",PASALEMAN,CILENGKRANG
698664,533512496141,"PJU ****** *",-6.83571910000000,108.78998320000000,"KAB. CIREBON",LOSARI,"LOSARI LOR"
698665,533512438126,"PJU **********",-6.90574100000000,108.72889100000000,"KAB. CIREBON",PABUARAN,"PABUARAN KIDUL"
698666,533512439591,"PJU **********",-6.79961300000000,108.63747700000000,"KAB. CIREBON",PANGENAN,"JAPURA LOR"
698667,533512496619,"PJU ******* *",-6.91404610000000,108.75842570000000,"KAB. CIREBON",CILEDUG,"CILEDUG WETAN"
698668,533513034195,"PJU ** ********* *****",-6.86071970000000,108.69326180000000,"KAB. CIREBON",BABAKAN,"GEMBONGAN MEKAR"
698669,533512490586,"PJU ** ************ ***",-6.84990166700000,108.80985666700000,"KAB. CIREBON",LOSARI,BARISAN
698670,533512439583,"PJU ****** ********",-6.80273900000000,108.61482800000000,"KAB. CIREBON",ASTANAJAPURA,"MERTAPADA WETAN"
698671,533512439376,"PJU ****** ********",-6.87460800000000,108.68937900000000,"KAB. CIREBON",BABAKAN,CANGKUANG
698672,533512444892,"LAM** *****",-6.83061350000000,108.72667820000000,"KAB. CIREBON",GEBANG,GEBANG
698673,533512749025,"PJU *********** ******",-6.86934240000000,108.79565380000000,"KAB. CIREBON",PABEDILAN,DUKUHWIDARA
698674,533512523482,"PJU **** ***** *******",-6.89883110000000,108.75220430000000,"KAB. CIREBON",CILEDUG,"CILEDUG LOR"
698675,533512496469,"PJU ******* *",-6.91763380000000,108.74097730000000,"KAB. CIREBON",PASALEMAN,CILENGKRANG
698676,533512802963,"PJU ********* * ********",-6.87866810000000,108.68797580000000,"KAB. CIREBON",BABAKAN,CANGKUANG
698677,533512658543,"PJU **** ******* *****",-6.93970490000000,108.74914450000000,"KAB. CIREBON",CILEDUG,"CILEDUG WETAN"
698678,533512665889,"PJU ** ********* ***** *",-6.86116590000000,108.70273030000000,"KAB. CIREBON",BABAKAN,GEMBONGAN
698679,533512658527,"PJU **** **** ********",-6.89329370000000,108.71325450000000,"KAB. CIREBON",PABUARAN,JATIRENGGANG
698681,533512686274,"PJU **** ******",-6.85566490000000,108.60327510000000,"KAB. CIREBON","SUSUKAN LEBAK",SAMPIH
698682,533512686258,"PJU **** ******",-6.85602990000000,108.60449100000000,"KAB. CIREBON","SUSUKAN LEBAK",SAMPIH
698683,533512686266,"PJU **** ******",-6.85911480000000,108.60767020000000,"KAB. CIREBON","SUSUKAN LEBAK",SAMPIH
698684,533512525063,"PJU ***** *",-6.87010200000000,108.61787800000000,"KAB. CIREBON","SUSUKAN LEBAK",KARANGAMANGU
698685,533512690850,"PJU ****** *** *******",-6.83232890000000,108.72315850000000,"KAB. CIREBON",GEBANG,"GEBANG UDIK"
698686,533512663047,"PJU ****** *** ***  ****",-6.82785710000000,108.76030840000000,"KAB. CIREBON",GEBANG,PLAYANGAN
698687,533512663013,"PJU ****** ** *** *******",-6.82841554000000,108.76357580000000,"KAB. CIREBON",GEBANG,PLAYANGAN
698688,533512491331,"PJU **** ******",-6.82987833300000,108.63227830000000,"KAB. CIREBON",LEMAHABANG,LEMAHABANG
698689,533512491323,"PJU ****** *******",-6.82546400000000,108.63890200000000,"KAB. CIREBON",ASTANAJAPURA,"MERTAPADA KULON"
698690,533512805779,"PJU ****** *** *******",-6.90712230000000,108.74396380000000,"KAB. CIREBON",CILEDUG,"CILEDUG KULON"
698691,533512690892,"PJU ****** *** *******",-6.83996960000000,108.72390100000000,"KAB. CIREBON",GEBANG,KALIMARO
698692,533512691057,"PJU ****** *** *******",-6.91367833333330,108.74125666667000,"KAB. CIREBON",PASALEMAN,CILENGKRANG
698693,533512690876,"PJU ****** *** *******",-6.82220290000000,108.72700480000000,"KAB. CIREBON",GEBANG,"GEBANG UDIK"
698694,533512600947,"PJU ******",-6.88455780000000,108.68867270000000,"KAB. CIREBON",WALED,CISAAT
698695,533512600954,"PJU ******** ***",-6.89821900000000,108.72184500000000,"KAB. CIREBON",PABUARAN,"PABUARAN LOR"
698696,533512664909,"PJU ****** *** *******",-6.87375980000000,108.77872810000000,"KAB. CIREBON",PABEDILAN,KALIBUNTU
698697,533512801315,"PJU **** ****** *****",-6.86899800000000,108.70141300000000,"KAB. CIREBON",GEBANG,"GEBANG KULON"
698698,533512658576,"PJU **** *********",-6.91244400000000,108.69869690000000,"KAB. CIREBON",WALED,MEKARSARI
698710,533512874721,"PJU **** *********",-6.87511810000000,108.72602100000000,"KAB. CIREBON",BABAKAN,KUDUKERAS
698712,533512738430,"PJU ****** *******",-6.88086500000000,108.73111600000000,"KAB. CIREBON",BABAKAN,"SUMBER LOR"
698713,533512436744,"PJU ***********",-6.87832800000000,108.75632300000000,"KAB. CIREBON",PABEDILAN,"PABEDILAN KIDUL"
698715,533512875047,"PJU **** *********",-6.88620610000000,108.63479230000000,"KAB. CIREBON",KARANGWARENG,SEUSEUPAN
698720,533512468284,"PJU **** ***** ******** *",-6.91532000000000,108.71885100000000,"KAB. CIREBON",WALED,"WALED KOTA"
698721,533512468292,"PJU **** ***** ******** *",-6.91532000000000,108.71885100000000,"KAB. CIREBON",WALED,"WALED KOTA"
698722,533512525055,"PJU ***** ***",-6.88465000000000,108.63283200000000,"KAB. CIREBON","SUSUKAN LEBAK",KALIGAWE
698732,533512876973,"PJU ****** *** *******",-6.80411730000000,108.63313070000000,"KAB. CIREBON",GREGED,"GUMULUNG LEBAK"
698733,533512883195,"PJU ** ******** ****** *",-6.82774400000000,108.75893920000000,"KAB. CIREBON",GEBANG,GEBANG
698734,533512853505,"PJU ****** **** ******",-6.91297260000000,108.74693640000000,"KAB. CIREBON",WALED,CIUYAH
698735,533512483040,"PJU **** ***********",-6.87795500000000,108.67117170000000,"KAB. CIREBON",KARANGWARENG,JATIPIRING
698736,533512724710,"PJU **** ********* *****",-6.82775710000000,108.62851580000000,"KAB. CIREBON",LEMAHABANG,"CIPEUJEUH WETAN"
698737,533511341055,"PJU **** ***** ****** ***",-6.84509100000000,108.81114680000000,"KAB. CIREBON",LOSARI,"LOSARI LOR"
698738,533512496117,"PJU *********** *",-6.90901370000000,108.74840200000000,"KAB. CIREBON",CILEDUG,"CILEDUG KULON"
698739,533512497255,"PJU ***** *",-6.80229166700000,108.63449000000000,"KAB. CIREBON",PANGENAN,"JAPURA LOR"
698740,533512728464,"PJU ****** **** ***",-6.87311290000000,108.70264710000000,"KAB. CIREBON",BABAKAN,CANGKUANG
698741,533512724680,"PJU **** ****** ******",-6.85565840000000,108.64839440000000,"KAB. CIREBON",KARANGSEMBUNG,KARANGTENGAH
698742,533512497301,"PJU ********* *",-6.81028140000000,108.61069710000000,"KAB. CIREBON",ASTANAJAPURA,SIDAMULYA
698743,533512496523,"PJU ******* ******",-6.90540420000000,108.75062950000000,"KAB. CIREBON",CILEDUG,"CILEDUG TENGAH"
698744,533512497413,"PJU ******** *",-6.86826333300000,108.62552333300000,"KAB. CIREBON","SUSUKAN LEBAK",KALIGAWE
698745,533512496182,"PJU ******** *",-6.82501333300000,108.81743330000000,"KAB. CIREBON",LOSARI,KALIRAHAYU
698746,533512495994,"PJU ******** ***** *",-6.91269166700000,108.74691170000000,"KAB. CIREBON",PASALEMAN,CILENGKRANG
698747,533512496515,"PJU *** **** *",-6.82821010000000,108.81783020000000,"KAB. CIREBON",LOSARI,KALIRAHAYU
698748,533512728423,"PJU ****** *******",-6.98795020000000,108.69563740000000,"KAB. CIREBON",BABAKAN,KUDUMULYA
698749,533512728415,"PJU ****** **** *** **",-6.88136450000000,108.72611030000000,"KAB. CIREBON",BABAKAN,KUDUKERAS
698750,533512728498,"PJU ******  **** *** **",-6.87902300000000,108.72987810000000,"KAB. CIREBON",BABAKAN,"SUMBER LOR"
698751,533512728360,"PJU ******  *** **** ***",-6.86603380000000,108.71174360000000,"KAB. CIREBON",BABAKAN,"SERANG WETAN"
698752,533512728456,"PJU ****** *** *******",-6.87277340000000,108.70775640000000,"KAB. CIREBON",BABAKAN,CANGKUANG
698753,533512728431,"PJU ****** **** ***",-6.86899450000000,108.70349780000000,"KAB. CIREBON",BABAKAN,"SERANG KULON"
698754,533512728472,"PJU ****** *** **** *** *",-6.86603380000000,108.71174360000000,"KAB. CIREBON",BABAKAN,"SERANG WETAN"
698755,533512728394,"PJU ****** *** *******",-6.82929180000000,108.77325300000000,"KAB. CIREBON",LOSARI,"LOSARI LOR"
698756,533512728378,"PJU ****** *** *******",-6.87585500000000,108.72912590000000,"KAB. CIREBON",BABAKAN,KUDUMULYA
698757,533512608514,"PJU ** *********** **",-6.86816130000000,108.61767490000000,"KAB. CIREBON","SUSUKAN LEBAK",KARANGAMANGU
698758,533512725952,"PJU ****** *** *******",-6.84968260000000,108.80568380000000,"KAB. CIREBON",LOSARI,BARISAN
698759,533512724984,"PJU ****** *** *******",-6.79808870000000,108.66419160000000,"KAB. CIREBON",PANGENAN,RAWAURIP
698760,533512765941,"PJU **** *********",-6.87473470000000,108.78144380000000,"KAB. CIREBON",PABEDILAN,SIDARESMI
698761,533511045388,"PJU ****** *****         ",-6.87030580000000,108.70686700000000,"KAB. CIREBON",BABAKAN,"SERANG KULON"
698763,533511045409,"PJU *********            ",-6.84974030000000,108.69588930000000,"KAB. CIREBON",GEBANG,"DOMPYONG KULON"
698764,533511045417,"PJU **** ***** *         ",-6.87681180000000,108.72204490000000,"KAB. CIREBON",BABAKAN,KUDUKERAS
698765,533511045425,"PJU **** *****           ",-6.88147460000000,108.72179250000000,"KAB. CIREBON",PABUARAN,"HULUBANTENG LOR"
698766,533511045433,"PJU ********* *****      ",-6.86192040100000,108.69908680000000,"KAB. CIREBON",BABAKAN,"GEMBONGAN MEKAR"
698767,533511045441,"PJU ****** *****         ",-6.88059166000000,108.72889700000000,"KAB. CIREBON",BABAKAN,KUDUKERAS
698768,533511045458,"PJU **** *****           ",-6.88012940000000,108.72467660000000,"KAB. CIREBON",BABAKAN,"BABAKAN GEBANG"
698769,533511076353,"PJU **** ***********     ",-6.82694202700000,108.61976370000000,"KAB. CIREBON",LEMAHABANG,"LEMAHABANG KULON"
698770,533512728407,"PJU ******  **** ****",-6.86232750000000,108.70356030000000,"KAB. CIREBON",BABAKAN,"GEMBONGAN MEKAR"
698771,533512497462,"PJU ******* *****",-6.78910210000000,108.63642850000000,"KAB. CIREBON",ASTANAJAPURA,ASTANAJAPURA
698772,533512497098,"PJU ********* *",-6.80227833300000,108.63464000000000,"KAB. CIREBON",PANGENAN,"JAPURA LOR"
698773,533512496826,"PJU *** ******* *",-6.81194360000000,108.63337900000000,"KAB. CIREBON",ASTANAJAPURA,"JAPURA KIDUL"
698774,533512724672,"PJU **** ************",-6.85285990000000,108.64743700000000,"KAB. CIREBON",KARANGSEMBUNG,KUBANGKARANG
698775,533512724736,"PJU **** *** ************",-6.83875570000000,108.62628380000000,"KAB. CIREBON",LEMAHABANG,"TUK KARANGSUWUNG"
698776,533512724702,"PJU **** ****** ******",-6.83869885000000,108.66258870000000,"KAB. CIREBON",KARANGSEMBUNG,KARANGMALANG
698777,533512724927,"PJU ****** *** *******",-6.84519280000000,108.80957280000000,"KAB. CIREBON",LOSARI,"LOSARI LOR"
698778,533512724943,"PJU ****** *** *******",-6.84083810000000,108.80269540000000,"KAB. CIREBON",LOSARI,"LOSARI LOR"
698779,533512853149,"PJU **** ********* *****",-6.84180340000000,108.76385500000000,"KAB. CIREBON",PABEDILAN,"PABEDILAN KALER"
698780,533512634665,"PJU ****  ***********",-6.88633000000000,108.72352800000000,"KAB. CIREBON",PABUARAN,"PABUARAN LOR"
698781,533512632980,"PJU ****** ***** *******",-6.88923980000000,108.64038470000000,"KAB. CIREBON",KARANGWARENG,SUMURKONDANG
698782,533512853156,"PJU **** *******",-6.84475330000000,108.75077670000000,"KAB. CIREBON",PABEDILAN,TERSANA
698783,533512853442,"PJU ****** **** *********",-6.91334250000000,108.74642570000000,"KAB. CIREBON",PASALEMAN,PASALEMAN
698787,533512912881,"PJU ***** **************",-6.88506300000000,108.77010120000000,"KAB. CIREBON",PABEDILAN,"BABAKAN LOSARI LOR"
698788,533512853164,"PJU **** *******",-6.84808200000000,108.80890290000000,"KAB. CIREBON",LOSARI,BARISAN
698789,533512853131,"PJU **** ******",-6.84323710000000,108.80121320000000,"KAB. CIREBON",LOSARI,AMBULU
698790,533512560769,"PJU ** ***** ******",-6.83597360000000,108.72389000000000,"KAB. CIREBON",GEBANG,GEBANG
698801,533512586674,"PJU ****** ***********",-6.85024190000000,108.57995150000000,"KAB. CIREBON","SUSUKAN LEBAK",CIAWIJAPURA
698802,533512589480,"PJU ******** ********",-6.82450666700000,108.80898833300000,"KAB. CIREBON",LOSARI,"LOSARI LOR"
698803,533511045339," PJ* **** ******* *      ",-6.88108722400000,108.72171280000000,"KAB. CIREBON",KARANGWARENG,KARANGANYAR
698804,533511045347," PJ* **** ******* *      ",-6.88108326200000,108.72170170000000,"KAB. CIREBON",KARANGWARENG,KARANGANYAR
698805,533511045354,"PJU **** ******* *       ",-6.88203347500000,108.72174210000000,"KAB. CIREBON",PABUARAN,"HULUBANTENG LOR"
698806,533511045362,"PJU ****** ***** *       ",-6.87311290000000,108.70264710000000,"KAB. CIREBON",PABUARAN,JATIRENGGANG
698807,533511045370,"PJU *********            ",-6.87052720000000,108.70755530000000,"KAB. CIREBON",BABAKAN,"BABAKAN GEBANG"
698808,533512391731,"PJU ** ***** *",-6.81580700000000,108.69597700000000,"KAB. CIREBON",PANGENAN,ENDER
698809,533512728480,"PJU ****** **** ***",-6.98795040000000,108.69563790000000,"KAB. CIREBON",BABAKAN,KUDUKERAS
698810,533512725994,"PJU ****** *** *******",-6.81431240000000,108.69652210000000,"KAB. CIREBON",PANGENAN,GETRAKMOYAN
698811,533512725937,"PJU ****** *** *******",-6.80941550000000,108.61560920000000,"KAB. CIREBON",PANGENAN,PENGARENGAN
698812,533512725960,"PJU ****** *** *******",-6.83275590000000,108.82116660000000,"KAB. CIREBON",LOSARI,TAWANGSARI
698813,533512484657,"PJU **** ******* *** *",-6.89617830000000,108.70979500000000,"KAB. CIREBON",WALED,CIKULAK
698814,533512496477,"PJU ******",-6.90851166700000,108.74850330000000,"KAB. CIREBON",CILEDUG,"CILEDUG KULON"
698816,533512724698,"PJU **** ******",-6.83396510000000,108.58587600000000,"KAB. CIREBON",LEMAHABANG,BELAWA
698817,533512724935,"PJU ****** *** *******",-6.84042190000000,108.81158330000000,"KAB. CIREBON",LOSARI,MULYASARI
698818,533512724919,"PJU ****** *** *******",-6.80900400000000,108.68306940000000,"KAB. CIREBON",PANGENAN,PANGENAN
698819,533512497470,"PJU ******** ***",-6.80214833300000,108.63459500000000,"KAB. CIREBON",PANGENAN,"JAPURA LOR"
698820,533512725945,"PJU ****** *** *******",-6.80937480000000,108.68448350000000,"KAB. CIREBON",PANGENAN,PANGENAN
698821,533512732730,"PJU ****** ******* ** **",-6.87344660000000,108.73237430000000,"KAB. CIREBON",BABAKAN,"SUMBER LOR"
698822,533512725978,"PJU ****** *** *******",-6.79802140000000,108.63778870000000,"KAB. CIREBON",PANGENAN,ASTANAMUKTI
698823,533512724968,"PJU ****** *** *******",-6.79387230000000,108.66137930000000,"KAB. CIREBON",PANGENAN,PANGENAN
698824,533512775709,"PEN******* *** *****",-6.90837670000000,108.74843900000000,"KAB. CIREBON",PANGENAN,ASTANAMUKTI
698825,533512400727,"PJU *****",-6.81577820000000,108.69712530000000,"KAB. CIREBON",GEBANG,"GEBANG MEKAR"
698826,533512461637,"PJU ***** ***** ******",-6.87226800000000,108.71449200000000,"KAB. CIREBON",BABAKAN,BOJONGGEBANG
698827,533512724728,"PJU **** ******",-6.83515200000000,108.58843220000000,"KAB. CIREBON",LEMAHABANG,BELAWA
698828,533512724744,"PJU **** ******",-6.83361990000000,108.58657620000000,"KAB. CIREBON",LEMAHABANG,BELAWA
698829,533512724664,"PJU **** ********* ******",-6.83254150000000,108.61276900000000,"KAB. CIREBON",LEMAHABANG,"CIPEUJEUH KULON"
698830,533512725131,"PJU **** ******",-6.83196370000000,108.58123380000000,"KAB. CIREBON",LEMAHABANG,BELAWA
698831,533512724751,"PJU **** ******",-6.85833100000000,108.64532990000000,"KAB. CIREBON",LEMAHABANG,BELAWA
698832,533511388231,"PJU ****** * ***         ",-6.82105117900000,108.73473840000000,"KAB. CIREBON",GEBANG,"GEBANG ILIR"
698833,533511388249,"PJU ****** ** ***        ",-6.81723040000000,108.72647690000000,"KAB. CIREBON",GEBANG,"GEBANG MEKAR"
698834,533511388256,"PJU ****** ** ***        ",-6.84489253400000,108.81158790000000,"KAB. CIREBON",LOSARI,"LOSARI LOR"
698835,533511388264,"PJU ****** * ***         ",-6.84488881700000,108.81158150000000,"KAB. CIREBON",LOSARI,"LOSARI LOR"
698836,533512497454,"PJU **** **** *",-6.86832833300000,108.62488333300000,"KAB. CIREBON","SUSUKAN LEBAK",KALIGAWE
698837,533512496095,"PJU ******* **** *",-6.83571910000000,108.78998320000000,"KAB. CIREBON",LOSARI,"LOSARI LOR"
698838,533512608548,"PJU ** *********** ***",-6.86791300000000,108.61841500000000,"KAB. CIREBON","SUSUKAN LEBAK",KARANGAMANGU
698839,533512585785,"PJU ****** ***********",-6.86555200000000,108.58561730000000,"KAB. CIREBON",SEDONG,"SEDONG KIDUL"
698840,533512585855,"PJU ****** ***********",-6.86574600000000,108.57486500000000,"KAB. CIREBON",SEDONG,PANONGAN
698841,533512585871,"PJU ****** ***********",-6.86354640000000,108.57735820000000,"KAB. CIREBON",SEDONG,"PANONGAN LOR"
698842,533512585777,"PJU ****** ***********",-6.85435843000000,108.56282021000000,"KAB. CIREBON",SEDONG,PUTAT
698843,533512585863,"PJU ****** ***********",-6.80623630000000,108.60841150000000,"KAB. CIREBON",ASTANAJAPURA,BUNTET
698844,533512585728,"PJU ****** *** *******",-6.86723400000000,108.61843530000000,"KAB. CIREBON","SUSUKAN LEBAK",KARANGAMANGU
698845,533512585751,"PJU ****** *** *******",-6.85911480000000,108.60767020000000,"KAB. CIREBON","SUSUKAN LEBAK",SAMPIH
698846,533512728386,"PJU ******  **** ***",-6.83111450000000,108.69230960000000,"KAB. CIREBON",PANGENAN,ENDER
698847,533512491307,"PJU ******** *****",-6.81092666700000,108.57660330000000,"KAB. CIREBON",GREGED,"LEBAK MEKAR"
698849,533511391657,"PJU ****** * ***         ",-6.84083810000000,108.80269540000000,"KAB. CIREBON",LOSARI,"LOSARI KIDUL"
698851,533511391673,"PJU ****** * ***         ",-6.83936130000000,108.80083300000000,"KAB. CIREBON",LOSARI,"LOSARI LOR"
698852,533511391681,"PJU ****** * ***         ",-6.83656200000000,108.79386290000000,"KAB. CIREBON",LOSARI,"LOSARI LOR"
698854,533511398102,"PJU *** *********        ",-6.85052890000000,108.75545570000000,"KAB. CIREBON",PABEDILAN,"PABEDILAN KULON"
698855,533512585769,"PJU *****************",-6.84893750000000,108.60133530000000,"KAB. CIREBON","SUSUKAN LEBAK",PASAWAHAN
698856,533512585793,"PJU ****** ***********",-6.87554530000000,108.58063380000000,"KAB. CIREBON",SEDONG,"SEDONG LOR"
698857,533512585822,"PJU ****** ***********",-6.85154600000000,108.57406400000000,"KAB. CIREBON",SEDONG,"PANONGAN LOR"
698858,533512608522,"PJU ** *********** *",-6.88429300000000,108.61361300000000,"KAB. CIREBON","SUSUKAN LEBAK",KARANGAMANGU
698859,533512585744,"PJU ****** *** *******",-6.85901030000000,108.63964430000000,"KAB. CIREBON","SUSUKAN LEBAK","CURUG WETAN"
698860,533512585702,"PJU ****** *** *******",-6.86104300000000,108.61855600000000,"KAB. CIREBON","SUSUKAN LEBAK","SUSUKAN TONGGOH"
698861,533512585897,"PJU ****** ***********",-6.80733300000000,108.60884800000000,"KAB. CIREBON",ASTANAJAPURA,BUNTET
698862,533512585736,"PJU ****** *** *******",-6.87724390000000,108.62301050000000,"KAB. CIREBON","SUSUKAN LEBAK","KALIGAWE WETAN"
698863,533512585830,"PJU ****** ***********",-6.85403000000000,108.57730800000000,"KAB. CIREBON",SEDONG,"PANONGAN LOR"
698864,533512585814,"PJU ****** ***********",-6.87062422000000,108.58598914000000,"KAB. CIREBON",SEDONG,KARANGWUNI
698865,533512585710,"PJU ****** *** *******",-6.86813600000000,108.62816300000000,"KAB. CIREBON","SUSUKAN LEBAK","KALIGAWE WETAN"
698866,533512724950,"PJU ****** *** *******",-6.84872750000000,108.69680310000000,"KAB. CIREBON",PANGENAN,PANGENAN
698867,533512724320,"PJU **** ****** *****",-6.86512700000000,108.62276220000000,"KAB. CIREBON",SEDONG,"SEDONG KIDUL"
698868,533512725986,"PJU ****** *** *******",-6.81431240000000,108.69652210000000,"KAB. CIREBON",PANGENAN,ENDER
698869,533512724976,"PJU ****** *** *******",-6.79545670000000,108.65411880000000,"KAB. CIREBON",PANGENAN,RAWAURIP
698870,533512729794,"PJU ****** *** *******",-6.87297060000000,108.69828790000000,"KAB. CIREBON",BABAKAN,"SERANG KULON"
698871,533511391703,"PJU ****** * ***         ",-6.83717330000000,108.79558100000000,"KAB. CIREBON",LOSARI,"LOSARI LOR"
698872,533512496020,"PJU ******** ***** *",-6.91273500000000,108.74746833300000,"KAB. CIREBON",PASALEMAN,CILENGKRANG
698873,533512496399,"PJU ****** *",-6.91763380000000,108.74097730000000,"KAB. CIREBON",PASALEMAN,CILENGKRANG
698874,533512497271,"PJU ***********",-6.80230166700000,108.63458666700000,"KAB. CIREBON",PANGENAN,"JAPURA LOR"
698875,533512496166,"PJU ***** ***** *",-6.84725000000000,108.80878330000000,"KAB. CIREBON",LOSARI,"LOSARI KIDUL"
698876,533512729786,"PJU ****** *** *******",-6.84740790000000,108.80702150000000,"KAB. CIREBON",LOSARI,ASTANALANGGAR
698877,533512729807,"PJU ****** *** *******",-6.91129930000000,108.73565600000000,"KAB. CIREBON",CILEDUG,"JATISEENG KIDUL"
698879,533512775687,"PEN******* *** *****",-6.90824990000000,108.74847900000000,"KAB. CIREBON",PANGENAN,ASTANAMUKTI
698880,533512775695,"PEN******* ***** *** **",-6.80421110000000,108.63330230000000,"KAB. CIREBON",PANGENAN,ASTANAMUKTI
698881,533512775679,"PEN******* *** *****",-6.90828320000000,108.74844810000000,"KAB. CIREBON",PANGENAN,ASTANAMUKTI
698882,533512284478,"PJU **** ******* *****",-6.85036300000000,108.60223130000000,"KAB. CIREBON",SEDONG,"SEDONG LOR"
698883,533512284486,"PJU *** *********",-6.86116420000000,108.80406130000000,"KAB. CIREBON",PABEDILAN,PASURUAN
698884,533512883179,"PJU ** ******** ****** *",-6.82831540000000,108.76912280000000,"KAB. CIREBON",GEBANG,GEBANG
698885,533512912865,"PJU ***** ******* *****",-6.88506300000000,108.77010120000000,"KAB. CIREBON",CILEDUG,"CILEDUG TENGAH"
698886,533512775031,"PEN******* ***** *** **",-6.79542500000000,108.64162830000000,"KAB. CIREBON",PANGENAN,ASTANAMUKTI
698887,533512775056,"PEN******* ***** ******",-6.79240520000000,108.64342070000000,"KAB. CIREBON",PANGENAN,ASTANAMUKTI
698888,533512496730,"PJU ***** ****** ****",-6.86968666700000,108.72181670000000,"KAB. CIREBON",BABAKAN,"BABAKAN GEBANG"
698889,533512586704,"PJU ****** ***********",-6.87522480000000,108.58028120000000,"KAB. CIREBON",SEDONG,"SEDONG LOR"
698890,533512585889,"PJU ****** ***********",-6.86090140000000,108.58136100000000,"KAB. CIREBON",SEDONG,"PANONGAN LOR"
698905,533512491315,"PJU ****** *****",-6.90233620000000,108.73949240000000,"KAB. CIREBON",CILEDUG,DAMARGUNA
698906,533512430150,"PJU ** ************",-6.82430000000000,108.61374400000000,"KAB. CIREBON",LEMAHABANG,"CIPEUJEUH KULON"
698907,533512535798,"PJU **** ***** ******* **",-6.91581120000000,108.71035260000000,"KAB. CIREBON",CILEDUG,"CILEDUG LOR"
698908,533512586115,"PJU *** ***** ****",-6.85405620000000,108.65779370000000,"KAB. CIREBON","SUSUKAN LEBAK",CURUG
698914,533512848819,"PJU ****** *** *******",-6.88474870000000,108.63250573000000,"KAB. CIREBON","SUSUKAN LEBAK",KALIGAWE
698915,533512491086,"PJU **** ****************",-6.82268100000000,108.72743140000000,"KAB. CIREBON",GEBANG,"GEBANG UDIK"
698916,533512633073,"PJU **** ***** *****",-6.83226840000000,108.62669070000000,"KAB. CIREBON",KARANGWARENG,KUBANGDELEG
698917,533512633016,"PJU  ****** *****",-6.90340730000000,108.69737820000000,"KAB. CIREBON",WALED,KARANGSARI
698918,533512881317,"PJU ********* *****",-6.84886330000000,108.75186690000000,"KAB. CIREBON",PABEDILAN,"PABEDILAN WETAN"
698919,533512881325,"PJU ********",-6.84915780000000,108.75199190000000,"KAB. CIREBON",GEBANG,KALIMARO
698920,533512805674,"PJU ****** *** *******",-6.90490730000000,108.69613780000000,"KAB. CIREBON",WALED,KARANGSARI
698921,533512726340,"PJU ** ***** ****** *****",-6.86612970000000,108.64634800000000,"KAB. CIREBON",KARANGWARENG,KARANGWANGI
698922,533512795013,"PJU **** ************** *",-6.84742600000000,108.75537500000000,"KAB. CIREBON",PABEDILAN,"PABEDILAN KULON"
698923,533512795005,"PJU **** ******* ******",-6.89068420000000,108.76497110000000,"KAB. CIREBON",PABEDILAN,"BABAKAN LOSARI"
698924,533512795021,"PJU **** ***** ****",-6.84465020000000,108.75062950000000,"KAB. CIREBON",PABEDILAN,SILIHASIH
698925,533512794987,"PJU **** ************** *",-6.84800270000000,108.75247370000000,"KAB. CIREBON",PABEDILAN,"PABEDILAN KULON"
698926,533512283268,"PJU ********* ********",-6.81909290000000,108.69528660000000,"KAB. CIREBON",PANGENAN,PANGENAN
698927,533512283276,"PJU **** ******",-6.84361320000000,108.80817640000000,"KAB. CIREBON",LOSARI,"LOSARI KIDUL"
698928,533512283467,"PJU *** *****",-6.90683660000000,108.70518680000000,"KAB. CIREBON",WALED,"CIKULAK KIDUL"
698929,533512283547,"PJU *** *******",-6.86176130000000,108.72909990000000,"KAB. CIREBON",BABAKAN,PAKUSAMBEN
698939,533512633065,"PJU *****",-6.91819420000000,108.68536700000000,"KAB. CIREBON",WALED,AMBIT
698940,533512883161,"PJU ** ******** ****** *",-6.82831540000000,108.76912280000000,"KAB. CIREBON",GEBANG,GEBANG
698941,533512682433,"PJU ***** **** *******",-6.81529420000000,108.58101010000000,"KAB. CIREBON",GREGED,"GUMULUNG LEBAK"
698942,533512883187,"PJU ** ******** ****** *",-6.82931780000000,108.77503400000000,"KAB. CIREBON",GEBANG,GEBANG
698943,533512875922,"PJU *********",-6.90852430000000,108.74863690000000,"KAB. CIREBON",PASALEMAN,TANJUNGANOM
698944,533513142512,"PJU ****** **** *******",-6.83464610000000,108.62752800000000,"KAB. CIREBON",LEMAHABANG,"TUK KARANGSUWUNG"
698945,533513142313,"PJU ****** **** *******",-6.84208910000000,108.81212740000000,"KAB. CIREBON",LOSARI,"LOSARI LOR"
698946,533512963407,"BAN**** ****",-6.91296390000000,108.74690140000000,"KAB. CIREBON",WALED,CIBOGO
698947,533512963208,"BAN**** ****",-6.90940510000000,108.75215990000000,"KAB. CIREBON",KARANGWARENG,JATIPIRING
698948,533512963224,"BAN**** ****",-6.91297540000000,108.74690460000000,"KAB. CIREBON",WALED,CIKULAK
698949,533512963257,"BAN**** ****",-6.91297540000000,108.74690460000000,"KAB. CIREBON",WALED,CIBOGO
698950,533512634640,"PJU **** **********",-6.87682900000000,108.67301700000000,"KAB. CIREBON",KARANGWARENG,JATIPIRING
698951,533512633024,"PJU  ******** *****",-6.90629300000000,108.73379100000000,"KAB. CIREBON",CILEDUG,LEUWEUNGGAJAH
698952,533512634657,"PJU **** ********",-6.83256470000000,108.71777720000000,"KAB. CIREBON",GEBANG,KALIMARO
698953,533512486636,"PJU ***** *",-6.85975000000000,108.64958000000000,"KAB. CIREBON",KARANGWARENG,KARANGASEM
698954,533512488901,"ALU* **** *******",-6.90730333300000,108.74914000000000,"KAB. CIREBON",CILEDUG,"CILEDUG KULON"
698955,533512885921,"PJU ****** ***",-6.80258640000000,108.63593350000000,"KAB. CIREBON",PANGENAN,"JAPURA LOR"
698956,533512886877,"PJU ****** **** *******",-6.83018100000000,108.77898720000000,"KAB. CIREBON",GEBANG,MELAKASARI
698957,533512885939,"PJU **** ******** *",-6.86016110000000,108.57459630000000,"KAB. CIREBON",SEDONG,PANONGAN
698958,533512886869,"PJU ****** **** *******",-6.83267760000000,108.78528490000000,"KAB. CIREBON",GEBANG,MELAKASARI
698959,533512885913,"PJU **** ******** *",-6.86021040000000,108.57585270000000,"KAB. CIREBON",SEDONG,PANONGAN
698960,533512886885,"PJU ****** **** *******",-6.83114170000000,108.78227330000000,"KAB. CIREBON",GEBANG,MELAKASARI
698962,533512633032,"PJU *****",-6.91859040000000,108.68137250000000,"KAB. CIREBON",WALED,AMBIT
698963,533512805746,"PJU ****** *** *******",-6.84081260000000,108.64381010000000,"KAB. CIREBON",LEMAHABANG,SARAJAYA
698964,533513136050,"PJU ********* *****",-6.85869620000000,108.70044750000000,"KAB. CIREBON",BABAKAN,BABAKAN
698965,533513136027,"PJU ********",-6.85493830000000,108.71082480000000,"KAB. CIREBON",GEBANG,"DOMPYONG KULON"
698966,533512963187,"PJU ******* ****",-6.91300440000000,108.74691970000000,"KAB. CIREBON",WALED,CISAAT
698967,533512951851,"PJU ****** **** *******",-6.84819040000000,108.69837940000000,"KAB. CIREBON",GEBANG,"DOMPYONG KULON"
698968,533512963536,"BAN**** ****",-6.85188240000000,108.56020360000000,"KAB. CIREBON",SEDONG,PUTAT
698969,533512490578,"PJU ** ************ ***",-6.90222130000000,108.74588030000000,"KAB. CIREBON",CILEDUG,"CILEDUG TENGAH"
698970,533512728449,"PJU ******  **** ***",-6.83036900000000,108.70833620000000,"KAB. CIREBON",GEBANG,GAGASARI
698971,533512729275,"PJU ****** *** *******",-6.84195410000000,108.81216700000000,"KAB. CIREBON",LOSARI,"LOSARI LOR"
698972,533512729283,"PJU ****** *** *******",-6.79545670000000,108.65411880000000,"KAB. CIREBON",PANGENAN,RAWAURIP
698973,533512606527,"PJU ** ******* ********",-6.84310600000000,108.61840500000000,"KAB. CIREBON",LEMAHABANG,LEMAHABANG
698974,533512805720,"PJU ****** *** *******",-6.87388800000000,108.65905730000000,"KAB. CIREBON",KARANGWARENG,KUBANGDELEG
698975,533512874739,"PJU **** ******* ******",-6.86439300000000,108.71322610000000,"KAB. CIREBON",BABAKAN,"BABAKAN GEBANG"
698976,533512412349,"PJU *********",-6.88943140000000,108.76072460000000,"KAB. CIREBON",PABEDILAN,"BABAKAN LOSARI"
698977,533512951907,"PJU ****** *** *******",-6.79289170000000,108.82592830000000,"KAB. CIREBON",LOSARI,TAWANGSARI
698978,533513030896,"PJU **** ****** ***",-6.80552670000000,108.63775830000000,"KAB. CIREBON",PANGENAN,"JAPURA LOR"
698979,533513030888,"PJU **** **** ****",-6.78836000000000,108.66294780000000,"KAB. CIREBON",PANGENAN,RAWAURIP
698980,533512963179,"BAN**** ****",-6.84744670000000,108.61137170000000,"KAB. CIREBON",LEMAHABANG,ASEM
698981,533512951254,"PJU ****** *** *******",-6.87123620000000,108.58972740000000,"KAB. CIREBON",SEDONG,"SEDONG KIDUL"
698982,533512963281,"BAN**** ****",-6.90940640000000,108.75215170000000,"KAB. CIREBON",KARANGWARENG,KARANGWANGI
698983,533512402190,"PJU **** *********",-6.87473470000000,108.78144380000000,"KAB. CIREBON",PABEDILAN,KALIBUNTU
698984,533513140326,"PJU ****** **** *******",-6.95582350000000,108.75257600000000,"KAB. CIREBON",PASALEMAN,TONJONG
698985,533513140318,"PJU ****** **** *******",-6.95580950000000,108.75258880000000,"KAB. CIREBON",PASALEMAN,TONJONG
698986,533513140359,"PJU ****** **** *******",-6.95580950000000,108.75258880000000,"KAB. CIREBON",PASALEMAN,CIGOBANG
698987,533513142546,"PJU ****** **** *******",-6.83928280000000,108.64341800000000,"KAB. CIREBON",LEMAHABANG,LEUWIDINGDING
698988,533513142538,"PJU ****** **** *******",-6.83930560000000,108.64339410000000,"KAB. CIREBON",LEMAHABANG,SARAJAYA
698989,533512945582,"PJU **** ****** *****",-6.90939550000000,108.75212370000000,"KAB. CIREBON",BABAKAN,"SERANG WETAN"
698990,533512951885,"PJU ****** *** *******",-6.84026330000000,108.81009830000000,"KAB. CIREBON",PABEDILAN,TERSANA
698991,533512963265,"BAN**** ****",-6.91307270000000,108.74669280000000,"KAB. CIREBON",KARANGWARENG,JATIPIRING
698992,533512963153,"BAN**** ****",-6.90940570000000,108.75216000000000,"KAB. CIREBON",SEDONG,PUTAT
698993,533512945541,"PJU **** ****** *****",-6.85992270000000,108.70299850000000,"KAB. CIREBON",BABAKAN,"SUMBER KIDUL"
698994,533512953736,"PJU ** ***********",-6.85687720000000,108.63912810000000,"KAB. CIREBON",KARANGWARENG,KUBANGDELEG
698995,533512402211,"PJU **** ***********",-6.88175300000000,108.73254000000000,"KAB. CIREBON",PABUARAN,"HULUBANTENG LOR"
698996,533513129792,"PJU **** ********* *****",-6.88077820000000,108.73973170000000,"KAB. CIREBON",PABEDILAN,"PABEDILAN KIDUL"
698997,533513046085,"PJU **** ***********",-6.85335540000000,108.59035550000000,"KAB. CIREBON","SUSUKAN LEBAK",CIAWIJAPURA
698998,533513045067,"PJU ****** **** *******",-6.90826280000000,108.75148310000000,"KAB. CIREBON",PABEDILAN,KALIBUNTU
698999,533513060048,"PJU **********",-6.80418030000000,108.63328910000000,"KAB. CIREBON",GREGED,"LEBAK MEKAR"
699000,533513060022,"PJU ******** *******",-6.80418630000000,108.63328290000000,"KAB. CIREBON",GREGED,"GUMULUNG TONGGOH"
699001,533513060030,"PJU ******** *****",-6.80417490000000,108.63329520000000,"KAB. CIREBON",GREGED,"GUMULUNG LEBAK"
699002,533512283873,"PJU **** *****",-6.88993470000000,108.69762140000000,"KAB. CIREBON",WALED,CIBOGO
699019,533511057819,"PJU * *******            ",-6.80536696456890,108.59017154546000,,,
699020,533512496755,"PJU *** ****** *",-6.79307666700000,108.64278833300000,"KAB. CIREBON",PANGENAN,ASTANAMUKTI
699021,533512496278,"PJU ***** **** *",-6.90770380000000,108.74914450000000,"KAB. CIREBON",CILEDUG,"CILEDUG TENGAH"
699022,533512496668,"PJU ****** ******",-6.81941030000000,108.80631990000000,"KAB. CIREBON",LOSARI,AMBULU
699023,533512498900,"PJU **** *******",-6.80218666700000,108.63454000000000,"KAB. CIREBON",PANGENAN,"JAPURA LOR"
699024,533512496763,"PJU *** ***** *",-6.79307166700000,108.64284833300000,"KAB. CIREBON",PANGENAN,ASTANAMUKTI
699025,533512496493,"PJU ******* *** *",-6.90496400000000,108.75359940000000,"KAB. CIREBON",CILEDUG,"CILEDUG LOR"
699026,533512496324,"PJU ****** *",-6.90839500000000,108.74855330000000,"KAB. CIREBON",CILEDUG,"CILEDUG KULON"
699027,533512497144,"PJU ****** *",-6.80988820000000,108.61255260000000,"KAB. CIREBON",ASTANAJAPURA,"MERTAPADA KULON"
699028,533512497335,"PJU ***** ***** *",-6.81112260000000,108.61366590000000,"KAB. CIREBON",ASTANAJAPURA,"MERTAPADA KULON"
699029,533512498862,"PJU **** **** *",-6.90732833300000,108.74908330000000,"KAB. CIREBON",CILEDUG,"CILEDUG KULON"
699030,533512398122,"PJU *** * * ** ******",-6.87194700000000,108.65815400000000,"KAB. CIREBON",KARANGWARENG,KARANGANYAR
699032,533512498918,"PJU ****** ***** *",-6.90838000000000,108.74851666700000,"KAB. CIREBON",CILEDUG,"CILEDUG KULON"
699034,533512495945,"PJU ***** ***** *",-6.78910210000000,108.63642850000000,"KAB. CIREBON",ASTANAJAPURA,ASTANAJAPURA
699035,533512497350,"PJU ***** *",-6.80360110000000,108.63407740000000,"KAB. CIREBON",ASTANAJAPURA,"JAPURA KIDUL"
699036,533512497072,"PJU ******* ***** *",-6.80231833300000,108.63448500000000,"KAB. CIREBON",PANGENAN,"JAPURA LOR"
699037,533512496650,"PJU *** ***** *",-6.78910210000000,108.63642850000000,"KAB. CIREBON",ASTANAJAPURA,ASTANAJAPURA
699038,533512497193,"PJU ******** ***** *",-6.81206680000000,108.61403710000000,"KAB. CIREBON",ASTANAJAPURA,"MERTAPADA KULON"
699039,533512496365,"PJU *** ****** *",-6.78910210000000,108.63642850000000,"KAB. CIREBON",ASTANAJAPURA,ASTANAJAPURA
699040,533512496635,"PJU ********* *",-6.91267000000000,108.74698670000000,"KAB. CIREBON",PASALEMAN,CILENGKRANG
699041,533512498719,"PJU ************",-6.90623960000000,108.74580340000000,"KAB. CIREBON",CILEDUG,"CILEDUG KULON"
699043,533512496428,"PJU ****** *",-6.90594970000000,108.74506090000000,"KAB. CIREBON",CILEDUG,"CILEDUG KULON"
699044,533512496797,"PJU *** ****** *",-6.80229330000000,108.63481960000000,"KAB. CIREBON",PANGENAN,"JAPURA LOR"
699046,533512496004,"PJU ******** *",-6.82821010000000,108.81783020000000,"KAB. CIREBON",LOSARI,KALIRAHAYU
699047,533512497392,"PJU ********",-6.86456550000000,108.62071700000000,"KAB. CIREBON","SUSUKAN LEBAK","SUSUKAN AGUNG"
699048,533512497080,"PJU ********",-6.80226166700000,108.63449500000000,"KAB. CIREBON",PANGENAN,"JAPURA LOR"
699049,533512497222,"PJU ********* *",-6.81171770000000,108.61477930000000,"KAB. CIREBON",ASTANAJAPURA,"MERTAPADA KULON"
699050,533512498792,"PJU *** **** ****** ***",-6.90750430000000,108.74617460000000,"KAB. CIREBON",CILEDUG,"CILEDUG KULON"
699051,533512497376,"PJU ****** *",-6.79753710000000,108.61774810000000,"KAB. CIREBON",ASTANAJAPURA,BUNTET
699052,533512498689,"PJU ********** *",-6.80219166700000,108.63451333300000,"KAB. CIREBON",PANGENAN,"JAPURA LOR"
699053,533512495937,"PJU ****** *",-6.83571910000000,108.78998320000000,"KAB. CIREBON",LOSARI,"LOSARI LOR"
699054,533512498983,"PJU *******",-6.90739900000000,108.74877330000000,"KAB. CIREBON",CILEDUG,"CILEDUG KULON"
699055,533513119822,"PJU **** ***** *****",-6.90941830000000,108.75214860000000,"KAB. CIREBON",WALED,"WALED KOTA"
699056,533513119848,"PJU **** ***** *****",-6.90941220000000,108.75214650000000,"KAB. CIREBON",WALED,"WALED DESA"
699057,533513119830,"PJU ***** **** *****",-6.90941780000000,108.75214550000000,"KAB. CIREBON",WALED,"WALED KOTA"
699058,533513119855,"PJU **** ***** *****",-6.90964910000000,108.75343350000000,"KAB. CIREBON",WALED,"WALED DESA"
699062,533512497177,"PJU ***********",-6.85381030000000,108.59362680000000,"KAB. CIREBON","SUSUKAN LEBAK",CIAWIJAPURA
699063,533512498671,"PJU ******** *",-6.90623960000000,108.74580340000000,"KAB. CIREBON",CILEDUG,"CILEDUG KULON"
699064,533512498975,"PJU **** **** *",-6.90834500000000,108.74847166700000,"KAB. CIREBON",CILEDUG,"CILEDUG KULON"
699065,533512498821,"PJU ******** ******",-6.80221166700000,108.63462500000000,"KAB. CIREBON",PANGENAN,"JAPURA LOR"
699066,533512498805,"PJU ****** ***** *",-6.90623960000000,108.74580340000000,"KAB. CIREBON",CILEDUG,"CILEDUG KULON"
699067,533512498870,"PJU **********",-6.80219833300000,108.63458000000000,"KAB. CIREBON",PANGENAN,"JAPURA LOR"
699068,533512495960,"PJU ********** *",-6.82900500000000,108.82431666700000,"KAB. CIREBON",LOSARI,KALIRAHAYU
699069,533512497297,"PJU ********* *",-6.81179130000000,108.61292370000000,"KAB. CIREBON",ASTANAJAPURA,SIDAMULYA
699070,533512496260,"PJU ***** **** *",-6.90496400000000,108.75359940000000,"KAB. CIREBON",CILEDUG,"CILEDUG LOR"
699071,533512496158,"PJU ***** ***** *",-6.79953166700000,108.63737830000000,"KAB. CIREBON",PANGENAN,"JAPURA LOR"
699072,533512497289,"PJU ****** ***** *",-6.90866360000000,108.74914450000000,"KAB. CIREBON",CILEDUG,"CILEDUG KULON"
699073,533512496436,"PJU ***** *",-6.90594970000000,108.74506090000000,"KAB. CIREBON",CILEDUG,"CILEDUG KULON"
699074,533512496444,"PJU ******* *",-6.90444450000000,108.75062950000000,"KAB. CIREBON",CILEDUG,"CILEDUG TENGAH"
699075,533512497263,"PJU ********* *",-6.80988820000000,108.61255260000000,"KAB. CIREBON",ASTANAJAPURA,"MERTAPADA KULON"
699076,533512498926,"PJU ********** *",-6.80355690000000,108.63519070000000,"KAB. CIREBON",PANGENAN,"JAPURA LOR"
699077,533512495911,"PJU *******",-6.91763380000000,108.74097730000000,"KAB. CIREBON",PASALEMAN,CILENGKRANG
699078,533512497319,"PJU **** ****** ***",-6.80229000000000,108.63457666700000,"KAB. CIREBON",PANGENAN,"JAPURA LOR"
699079,533512496771,"PJU *** ***** *",-6.79308833300000,108.64287170000000,"KAB. CIREBON",PANGENAN,ASTANAMUKTI
699080,533512497230,"PJU ****** *",-6.81238650000000,108.61403710000000,"KAB. CIREBON",ASTANAJAPURA,"MERTAPADA WETAN"
699081,533512496564,"PJU ********* *",-6.91270166700000,108.74700000000000,"KAB. CIREBON",PASALEMAN,CILENGKRANG
699082,533512283720,"PJU **** ******",-6.82784010000000,108.72352970000000,"KAB. CIREBON",GEBANG,"GEBANG ILIR"
699083,533512870202,"PJU ****** *** *******",-6.80421000000000,108.63335500000000,"KAB. CIREBON","SUSUKAN LEBAK","SUSUKAN TONGGOH"
699084,533512496332,"PJU ***** *",-6.91265833300000,108.74703500000000,"KAB. CIREBON",PASALEMAN,CILENGKRANG
699085,533512496229,"PJU ******* **** *",-6.91763380000000,108.74097730000000,"KAB. CIREBON",PASALEMAN,CILENGKRANG
699086,533512496357,"PJU *** **** *",-6.82821010000000,108.81783020000000,"KAB. CIREBON",LOSARI,KALIRAHAYU
699087,533512496531,"PJU ****** *",-6.91264333300000,108.74699170000000,"KAB. CIREBON",PASALEMAN,CILENGKRANG
699088,533512496381,"PJU ******* *",-6.90594970000000,108.74506090000000,"KAB. CIREBON",CILEDUG,"CILEDUG KULON"
699089,533512496507,"PJU ****** *",-6.91344390000000,108.74171980000000,"KAB. CIREBON",PASALEMAN,CILENGKRANG
699090,533512497439,"PJU ******** ***** *",-6.81206680000000,108.61403710000000,"KAB. CIREBON",ASTANAJAPURA,"MERTAPADA KULON"
699091,533513054679,"PJU ****** **** *******",-6.88551160000000,108.63796940000000,"KAB. CIREBON",KARANGWARENG,SEUSEUPAN
699092,533513054695,"PJU ****** **** *******",-6.92292340000000,108.72645410000000,"KAB. CIREBON",PASALEMAN,CIGOBANG
699093,533513054687,"PJU ****** *** *******",-6.85137010000000,108.62520690000000,"KAB. CIREBON","SUSUKAN LEBAK",CIAWIJAPURA
699094,533513054709,"PJU ****** **** *******",-6.92293540000000,108.72640500000000,"KAB. CIREBON",WALED,CIUYAH
699095,533513046077,"PJU **** ********",-6.86095530000000,108.57880870000000,"KAB. CIREBON",SEDONG,PANONGAN
699099,533513056898,"PJU ****** **** *******",-6.82632640000000,108.61799140000000,"KAB. CIREBON",LEMAHABANG,"CIPEUJEUH WETAN"
699100,533512447198,"MUS**** ** *********",-6.86457100000000,108.63624500000000,"KAB. CIREBON",KARANGWARENG,KARANGWARENG
699101,533512667764,"PJU **** ******** *******",-6.81607460000000,108.58783360000000,"KAB. CIREBON",GREGED,"GUMULUNG TONGGOH"
699102,533512438159,"PJU ****** ********",-6.87470000000000,108.66707800000000,"KAB. CIREBON",KARANGWARENG,KUBANGDELEG
699103,533512497405,"PJU ***** **** *",-6.84461166700000,108.69031666700000,"KAB. CIREBON",PANGENAN,GETRAKMOYAN
699104,533512495978,"PJU ***** ***** *",-6.78853480000000,108.64335570000000,"KAB. CIREBON",PANGENAN,ASTANAMUKTI
699105,533512498959,"PJU ********** ** *****",-6.80215333300000,108.63460170000000,"KAB. CIREBON",PANGENAN,"JAPURA LOR"
699106,533512498854,"PJU ****** **************",-6.90750430000000,108.74617460000000,"KAB. CIREBON",CILEDUG,"CILEDUG KULON"
699107,533512438610,"PJU ***** *****",-6.82274100000000,108.62937300000000,"KAB. CIREBON",LEMAHABANG,LEMAHABANG
699108,533512694971,"PJU ****** *** *******",-6.93984610000000,108.74386000000000,"KAB. CIREBON",PASALEMAN,TONJONG
699109,533512498663,"PJU ****** ***** *",-6.84462333300000,108.69032500000000,"KAB. CIREBON",PANGENAN,GETRAKMOYAN
699110,533512498888,"PJU ********** *",-6.80222166700000,108.63450170000000,"KAB. CIREBON",PANGENAN,"JAPURA LOR"
699111,533512438142,"PJU ****** ********",-6.80563200000000,108.61485300000000,"KAB. CIREBON",ASTANAJAPURA,"MERTAPADA KULON"
699112,533512870210,"PJU ****** *** *******",-6.80365500000000,108.63354330000000,"KAB. CIREBON","SUSUKAN LEBAK","SUSUKAN AGUNG"
699113,533512781981,"PEN******* *** **** *",-6.90789120000000,108.74882290000000,"KAB. CIREBON",GEBANG,GEBANG
699114,533512805753,"PJU ****** *** *******",-6.87283370000000,108.66283040000000,"KAB. CIREBON",KARANGWARENG,KUBANGDELEG
699115,533512805761,"PJU ****** *** *******",-6.91926870000000,108.68114610000000,"KAB. CIREBON",WALED,CIUYAH
699116,533512805690,"PJU ****** *** *******",-6.91639800000000,108.68280900000000,"KAB. CIREBON",WALED,AMBIT
699117,533512805787,"PJU ****** *** *******",-6.87618410000000,108.67119490000000,"KAB. CIREBON",KARANGWARENG,JATIPIRING
699118,533512803031,"PJU **** ************",-6.84421500000000,108.72375800000000,"KAB. CIREBON",BABAKAN,KARANGWANGUN
699120,533512438134,"PJU ****** ********",-6.86914800000000,108.65773900000000,"KAB. CIREBON",KARANGWARENG,KARANGANYAR
699121,533512505215,"PJU ********* ***** *****",-6.84774600000000,108.61072900000000,"KAB. CIREBON",LEMAHABANG,ASEM
699123,533512805704,"PJU ****** *** *******",-6.83230180000000,108.61272000000000,"KAB. CIREBON",LEMAHABANG,"LEMAHABANG KULON"
699124,533512663039,"PJU ****** ** *** *******",-6.82868957000000,108.77176260000000,"KAB. CIREBON",GEBANG,MELAKASARI
699125,533512658568,"PJU **** ******* *****",-6.90723350000000,108.75285690000000,"KAB. CIREBON",CILEDUG,"CILEDUG WETAN"
699126,533512658592,"PJU **** ********* ***",-6.91071470000000,108.73800740000000,"KAB. CIREBON",CILEDUG,JATISEENG
699127,533512663005,"PJU ****** *** *** ******",-6.82848342500000,108.76887840000000,"KAB. CIREBON",GEBANG,MELAKASARI
699128,533512665919,"PJU ** ********* ***** *",-6.86299700000000,108.69871700000000,"KAB. CIREBON",BABAKAN,GEMBONGAN
699136,533512745943,"DUS** *******",-6.83112390000000,108.77649060000000,"KAB. CIREBON",GEBANG,MELAKASARI
699137,533512796319,"PJU **** ******** *****",-6.84975130000000,108.71313260000000,"KAB. CIREBON",GEBANG,"DOMPYONG KULON"
699138,533512796327,"PJU **** ********* *****",-6.86902000000000,108.75943300000000,"KAB. CIREBON",PABEDILAN,"PABEDILAN KIDUL"
699139,533512799020,"PJU **** ***** *****",-6.80997980000000,108.56987810000000,"KAB. CIREBON",GREGED,"LEBAK MEKAR"
699140,533512796343,"PJU **** ******** *",-6.85899110000000,108.79871760000000,"KAB. CIREBON",PABEDILAN,PASURUAN
699141,533512665927,"PJU ** ***** ******",-6.80190840000000,108.62034590000000,"KAB. CIREBON",ASTANAJAPURA,BUNTET
699142,533512665935,"PJU **  ********* ***** *",-6.84974030000000,108.69588930000000,"KAB. CIREBON",BABAKAN,GEMBONGAN
699143,533512848835,"PJU ****** *** *******",-6.80974820000000,108.56765170000000,"KAB. CIREBON",GREGED,"GUMULUNG LEBAK"
699144,533512664895,"PJU ****** *** ***",-6.88943140000000,108.76072460000000,"KAB. CIREBON",PABEDILAN,"BABAKAN LOSARI"
699145,533512800889,"PJU ****** *** *******",-6.85217006000000,108.61433931000000,"KAB. CIREBON","SUSUKAN LEBAK",SAMPIH
699146,533512800897,"PJU ****** *** *******",-6.85806458000000,108.62878590000000,"KAB. CIREBON","SUSUKAN LEBAK",WILULANG
699147,533512794995,"PJU **** ******* *****",-6.85247200000000,108.76001900000000,"KAB. CIREBON",PABEDILAN,"BABAKAN LOSARI LOR"
699148,533512420542,"PJU **** *****",-6.83099100000000,108.72663400000000,"KAB. CIREBON",GEBANG,GEBANG
699149,533512658519,"PJU **** ******* *****",-6.93045610000000,108.75619820000000,"KAB. CIREBON",CILEDUG,"CILEDUG WETAN"
699151,533512805712,"PJU ****** *** *******",-6.90570650000000,108.70768460000000,"KAB. CIREBON",WALED,"CIKULAK KIDUL"
699152,533512600905,"PJU ******** ***",-6.90142300000000,108.72135800000000,"KAB. CIREBON",PABUARAN,"PABUARAN LOR"
699153,533512600485,"PJU ****** ******",-6.90886100000000,108.73329600000000,"KAB. CIREBON",CILEDUG,"JATISEENG KIDUL"
699154,533512600913,"PJU ************",-6.89753000000000,108.71188300000000,"KAB. CIREBON",PABUARAN,JATIRENGGANG
699155,533512495986,"PJU ******* **** *",-6.82838500000000,108.82036166700000,"KAB. CIREBON",LOSARI,KALIRAHAYU
699156,533512438261,"PJU *******",-6.90509800000000,108.69918100000000,"KAB. CIREBON",WALED,"CIKULAK KIDUL"
699157,533512496079,"PJU ********** *",-6.81194360000000,108.63337900000000,"KAB. CIREBON",ASTANAJAPURA,"JAPURA KIDUL"
699158,533512496818,"PJU *** ****** *",-6.79315333300000,108.64278670000000,"KAB. CIREBON",PANGENAN,ASTANAMUKTI
699159,533512496061,"PJU ********",-6.90540420000000,108.75062950000000,"KAB. CIREBON",CILEDUG,"CILEDUG TENGAH"
699160,533512496789,"PJU ********",-6.85251730000000,108.72984050000000,"KAB. CIREBON",BABAKAN,KARANGWANGUN
699162,533512496748,"PJU ********** *",-6.81937000000000,108.70413500000000,"KAB. CIREBON",GEBANG,KALIPASUNG
699163,533512496316,"PJU *** ****** *",-6.79316500000000,108.64280000000000,"KAB. CIREBON",PANGENAN,ASTANAMUKTI
699164,533512497151,"PJU ******* ***** *",-6.86456550000000,108.62071700000000,"KAB. CIREBON","SUSUKAN LEBAK","SUSUKAN AGUNG"
699165,533512439301,"PJU ****** ******",-6.88205400000000,108.63860600000000,"KAB. CIREBON",KARANGWARENG,BLENDER
699166,533512869013,"KEM******* ***********",-6.81184330000000,108.69159330000000,"KAB. CIREBON",GEBANG,KALIPASUNG
699167,533512663021,"PJU ****** *** *** ****",-6.82773384500000,108.76030620000000,"KAB. CIREBON",GEBANG,PLAYANGAN
699168,533512497185,"PJU ****** ***** ****** *",-6.80231166700000,108.63452830000000,"KAB. CIREBON",PANGENAN,"JAPURA LOR"
699169,533512497110,"PJU ****** ***** ****** *",-6.80232166700000,108.63448500000000,"KAB. CIREBON",PANGENAN,"JAPURA LOR"
699170,533512496211,"PJU ********",-6.91763380000000,108.74097730000000,"KAB. CIREBON",PASALEMAN,CILENGKRANG
699171,533512496053,"PJU ******** ***** *",-6.90901370000000,108.74840200000000,"KAB. CIREBON",CILEDUG,"CILEDUG KULON"
699172,533512801210,"PJU ****** *** *******",-6.86144756000000,108.58714552000000,"KAB. CIREBON",SEDONG,"SEDONG LOR"
699173,533512801307,"PJU **** **********",-6.83275590000000,108.82116660000000,"KAB. CIREBON",LOSARI,KALIRAHAYU
699174,533512800901,"PJU ****** *** *******",-6.81186300000000,108.60016800000000,"KAB. CIREBON",ASTANAJAPURA,MUNJUL
699175,533512803733,"PJU **** ******** *****",-6.90835670000000,108.71721910000000,"KAB. CIREBON",PABUARAN,"PABUARAN KIDUL"
699176,533512796335,"PJU **** ******** *",-6.85912240000000,108.79705780000000,"KAB. CIREBON",PABEDILAN,PASURUAN
699177,533512806365,"PJU **** **********",-6.87924160000000,108.58413000000000,"KAB. CIREBON",SEDONG,KARANGWUNI
699178,533512604373,"PJU ***** ******",-6.86094800000000,108.80340000000000,"KAB. CIREBON",PABEDILAN,DUKUHWIDARA
699179,533512608530,"PJU ** *********** **",-6.87079050000000,108.61365160000000,"KAB. CIREBON","SUSUKAN LEBAK",KARANGAMANGU
699181,533512497421,"PJU ******** ***** *",-6.79311500000000,108.64278830000000,"KAB. CIREBON",PANGENAN,ASTANAMUKTI
699182,533512496549,"PJU ******* *** *",-6.91468600000000,108.75842570000000,,,
699183,533512496580,"PJU ***** *",-6.91259666700000,108.74724000000000,"KAB. CIREBON",PASALEMAN,CILENGKRANG
699184,533512498648,"PJU ********",-6.87610666700000,108.79214500000000,"KAB. CIREBON",PABEDILAN,KALIMUKTI
699185,533512608435,"PJU **** *****",-6.81495100000000,108.69840100000000,"KAB. CIREBON",PANGENAN,ENDER
699186,533512658535,"PJU  ******* *****",-6.90645250000000,108.74729090000000,"KAB. CIREBON",CILEDUG,"CILEDUG KULON"
699187,533512408726,"PJU ******* ******** ****",-6.84453240000000,108.61774810000000,"KAB. CIREBON",LEMAHABANG,ASEM
699188,533512496684,"PJU **********",-6.91257500000000,108.74699333300000,"KAB. CIREBON",PASALEMAN,CILENGKRANG
699189,533512496038,"PJU ***** ***** *",-6.78910210000000,108.63642850000000,"KAB. CIREBON",ASTANAJAPURA,ASTANAJAPURA
699190,533512496294,"PJU ************ *",-6.90496400000000,108.75359940000000,"KAB. CIREBON",CILEDUG,"CILEDUG LOR"
699191,533512496308,"PJU ***** ****",-6.91253666700000,108.74692333300000,"KAB. CIREBON",PASALEMAN,CILENGKRANG
699192,533512496601,"PJU ******* *****",-6.91261833300000,108.75271500000000,"KAB. CIREBON",CILEDUG,"CILEDUG WETAN"
699193,533512496087,"PJU ******* **** *",-6.90594970000000,108.74506090000000,"KAB. CIREBON",CILEDUG,"CILEDUG KULON"
699194,533512496800,"PJU *** **** *** *****",-6.87049833300000,108.71890670000000,"KAB. CIREBON",BABAKAN,"BABAKAN GEBANG"
699195,533512438309,"PJU ************ *",-6.82686000000000,108.61962500000000,"KAB. CIREBON",LEMAHABANG,"CIPEUJEUH WETAN"
699196,533512438279,"PJU ********",-6.79977000000000,108.82242400000000,"KAB. CIREBON",LOSARI,TAWANGSARI
699197,533512525135,"PJU **** **********",-6.90720750000000,108.69506700000000,"KAB. CIREBON",WALED,KARANGSARI
699198,533512658584,"PJU ****** ******",-6.88993470000000,108.69762140000000,"KAB. CIREBON",WALED,CIBOGO
699199,533512702222,"PJU ****** *** *******",-6.93984610000000,108.74386000000000,"KAB. CIREBON",PASALEMAN,TANJUNGANOM
699200,533512702206,"PJU ****** *** *******",-6.93984610000000,108.74386000000000,"KAB. CIREBON",PASALEMAN,TANJUNGANOM
699201,533512702214,"PJU ****** *** *******",-6.95379320000000,108.75238130000000,"KAB. CIREBON",PASALEMAN,TONJONG
699202,533512658550,"PJU **** ******* *****",-6.90349239000000,108.71233010000000,"KAB. CIREBON",WALED,CIKULAK
699203,533512439604,"PJU ****** ********",-6.87483200000000,108.66724600000000,"KAB. CIREBON",KARANGWARENG,KUBANGDELEG
699204,533512438602,"PJU **********",-6.82832000000000,108.69879800000000,"KAB. CIREBON",PANGENAN,ENDER
699205,533512497368,"PJU ***** **** *",-6.80215166700000,108.63460166700000,"KAB. CIREBON",PANGENAN,"JAPURA LOR"
699207,533512496867,"PJU *** ******* *",-6.81194360000000,108.63337900000000,"KAB. CIREBON",ASTANAJAPURA,"JAPURA KIDUL"
699208,533512498967,"PJU ******* ******",-6.90737833300000,108.74900830000000,"KAB. CIREBON",CILEDUG,"CILEDUG KULON"
699209,533512498750,"PJU *********",-6.90849500000000,108.74847666700000,"KAB. CIREBON",CILEDUG,"CILEDUG KULON"
699210,533512497488,"PJU ******** ******* *",-6.81206680000000,108.61403710000000,"KAB. CIREBON",ASTANAJAPURA,"MERTAPADA KULON"
699211,533512667772,"PJU **** ******** *****",-6.81757640000000,108.57989680000000,"KAB. CIREBON",GREGED,"GUMULUNG LEBAK"
699212,533512667749,"PJU ** ******** *******",-6.81565679000000,108.58956650000000,"KAB. CIREBON",GREGED,"GUMULUNG TONGGOH"
699213,533512439534,"PJU ***********",-6.79614400000000,108.65478000000000,"KAB. CIREBON",PANGENAN,RAWAURIP
699214,533512848906,"PJU ****** *** *******",-6.87802882000000,108.62312920000000,"KAB. CIREBON","SUSUKAN LEBAK",KALIGAWE
699215,533512409537,"PJU *** **** *****",-6.81187700000000,108.69154900000000,"KAB. CIREBON",PANGENAN,ENDER
699216,533512658501,"PJU **** **** ********",-6.89211760000000,108.71383090000000,"KAB. CIREBON",KARANGWARENG,JATIPIRING
699217,533512667756,"PJU **** ******** *******",-6.81639350000000,108.58599120000000,"KAB. CIREBON",GREGED,"GUMULUNG TONGGOH"
699218,533512496410,"PJU *********",-6.90594970000000,108.74506090000000,"KAB. CIREBON",CILEDUG,"CILEDUG KULON"
699219,533512497214,"PJU ****** ***** *",-6.81975950000000,108.80557730000000,"KAB. CIREBON",LOSARI,AMBULU
699220,533512496252,"PJU ***** ***** *",-6.84509100000000,108.81114680000000,"KAB. CIREBON",LOSARI,"LOSARI KIDUL"
699221,533512497343,"PJU ************* *",-6.85723440000000,108.67601710000000,"KAB. CIREBON",KARANGSEMBUNG,KARANGTENGAH
699222,533512497206,"PJU ***** **** *",-6.85723440000000,108.67601710000000,"KAB. CIREBON",KARANGSEMBUNG,KARANGTENGAH
699223,533512497327,"PJU ************* *",-6.85723440000000,108.67601710000000,"KAB. CIREBON",KARANGSEMBUNG,KARANGTENGAH
699224,533512439343,"PJU **********",-6.78893400000000,108.64539300000000,"KAB. CIREBON",PANGENAN,PENGARENGAN
699227,533511125936,"PJU ********* ********   ",-6.86764000000000,108.64691000000000,"KAB. CIREBON",KARANGWARENG,KARANGWARENG
699228,533512951262,"PJU ****** *** *******",-6.87344190000000,108.59383350000000,"KAB. CIREBON",SEDONG,KARANGWUNI
699230,533511841100,"PJU *** ***********      ",-6.82595280000000,108.61936560000000,"KAB. CIREBON",LEMAHABANG,"LEMAHABANG KULON"
699235,533511825724,"PJU ********** ***** *** ",-6.83160810000000,108.62108810000000,"KAB. CIREBON",LEMAHABANG,"CIPEUJEUH WETAN"
699236,533511825732,"PJU ******** ***         ",-6.80974600300000,108.68682170000000,"KAB. CIREBON",PANGENAN,PANGENAN
699237,533512665901,"PJU ** ********* ***** *",-6.86304840000000,108.70645420000000,"KAB. CIREBON",BABAKAN,GEMBONGAN
699238,533512667731,"PJU **** ******** *****",-6.80923700000000,108.58195200000000,"KAB. CIREBON",GREGED,"GUMULUNG LEBAK"
699239,533512665897,"PJU **** ********* *****",-6.86177100000000,108.70121000000000,"KAB. CIREBON",BABAKAN,GEMBONGAN
699240,533512436793,"PJU ****** ******",-6.84861300000000,108.64372600000000,"KAB. CIREBON",KARANGSEMBUNG,KARANGSEMBUNG
699241,533512438100,"PJU *****",-6.91472100000000,108.71686800000000,"KAB. CIREBON",WALED,"WALED KOTA"
699242,533512738448,"PJU ****** *** *******",-6.87293400000000,108.72446100000000,"KAB. CIREBON",BABAKAN,"SUMBER LOR"
699243,533512439368,"PJU ***********",-6.87313900000000,108.77985500000000,"KAB. CIREBON",PABEDILAN,KALIBUNTU
699244,533512690884,"PJU ****** *** *******",-6.83092830000000,108.72176880000000,"KAB. CIREBON",GEBANG,"GEBANG ILIR"
699245,533512690868,"PJU ****** *** *******",-6.82232090000000,108.73449510000000,"KAB. CIREBON",PANGENAN,GETRAKMOYAN
699246,533512560793,"PJU ** *********** *",-6.79429600000000,108.65114900000000,"KAB. CIREBON",PANGENAN,PANGENAN
699247,533512560785,"PJU ** *********** *",-6.79367210000000,108.65077850000000,"KAB. CIREBON",PANGENAN,PANGENAN
699248,533512560777,"PJU ** *********** *",-6.79367210000000,108.65077850000000,"KAB. CIREBON",PANGENAN,PANGENAN
699249,533512438118,"PJU *******",-6.89384300000000,108.69729600000000,"KAB. CIREBON",WALED,CIBOGO
699250,533512625141,"PJU ** ******** *****",-6.86782520000000,108.63061390000000,"KAB. CIREBON","SUSUKAN LEBAK","KALIGAWE WETAN"
699251,533512600921,"PJU ************",-6.89606460000000,108.71263300000000,"KAB. CIREBON",PABUARAN,JATIRENGGANG
699252,533512634673,"PJU **** ********",-6.82221980000000,108.72678870000000,"KAB. CIREBON",GEBANG,KALIMARO
699253,533512600260,"PJU ******** *** ***** *",-6.89592650000000,108.75056730000000,"KAB. CIREBON",CILEDUG,"CILEDUG TENGAH"
699254,533512949382,"PJU ****** *** *******",-6.85261670000000,108.59465000000000,"KAB. CIREBON","SUSUKAN LEBAK",CIAWIASIH
699256,533512600939,"PJU ****** *****",-6.84343600000000,108.65080300000000,"KAB. CIREBON",KARANGSEMBUNG,KARANGMEKAR
699257,533512600278,"PJU ******** *** ***** *",-6.89181300000000,108.75262400000000,"KAB. CIREBON",CILEDUG,"CILEDUG TENGAH"
699258,533512439350,"PJU ****** ******",-6.87195700000000,108.64012700000000,"KAB. CIREBON",KARANGWARENG,BLENDER
699259,533512436863,"PJU ****** ********",-6.87137500000000,108.65767400000000,"KAB. CIREBON",KARANGWARENG,KARANGANYAR
699260,533512664887,"PJU ****** *** *** ****",-6.85529110000000,108.79592370000000,"KAB. CIREBON",PABEDILAN,PASURUAN
699265,533512245275,"PJU ***** ***** *** ****",-6.83003255000000,108.62784660000000,"KAB. CIREBON",KARANGSEMBUNG,KARANGSEMBUNG
699267,533512877018,"PJU ****** *** *******",-6.80411730000000,108.63313070000000,"KAB. CIREBON",ASTANAJAPURA,BUNTET
699281,533512439335,"PJU ****** ********",-6.81439400000000,108.61597700000000,"KAB. CIREBON",ASTANAJAPURA,"MERTAPADA KULON"
699282,533512597859,"PJU ********* ******",-6.91145600000000,108.72687100000000,"KAB. CIREBON",CILEDUG,"JATISEENG KIDUL"
699284,533510315236,"PJU ******** * ***       ",-6.90467180000000,108.72130250000000,"KAB. CIREBON",PABUARAN,"PABUARAN KIDUL"
699285,533510315244,"PJU ******** ** ***      ",-6.90467180000000,108.72130250000000,"KAB. CIREBON",PABUARAN,"PABUARAN KIDUL"
699286,533510315251,"PJU ******** *** ***     ",-6.90433117200000,108.72028450000000,"KAB. CIREBON",PABUARAN,"PABUARAN KIDUL"
699287,533510315269,"PJU ******** ** ***      ",-6.90430566000000,108.72079430000000,"KAB. CIREBON",PABUARAN,"PABUARAN LOR"
699288,533510315277,"PJU ******** * ***       ",-6.89995011800000,108.72164350000000,"KAB. CIREBON",PABUARAN,"PABUARAN WETAN"
699289,533510315285,"PJU ************* ***    ",-6.90291648100000,108.73644490000000,"KAB. CIREBON",CILEDUG,"CILEDUG KULON"
699290,533510315293,"PJU ********* * ***      ",-6.90721250000000,108.73930540000000,"KAB. CIREBON",CILEDUG,JATISEENG
699291,533512507866,"PJU ***** *** ****",-6.84840670000000,108.66488220000000,"KAB. CIREBON",KARANGSEMBUNG,KUBANGKARANG
699293,533510315349,"PJU ******* ****** ***   ",-6.90024501200000,108.74942630000000,"KAB. CIREBON",CILEDUG,"CILEDUG TENGAH"
699294,533510315356,"PJU ******* ***          ",-6.87411696500000,108.72111280000000,"KAB. CIREBON",BABAKAN,CANGKUANG
699295,533510315372,"PJU ******** ******* *** ",-6.89993980000000,108.74968980000000,"KAB. CIREBON",CILEDUG,"CILEDUG TENGAH"
699296,533512848876,"PJU ****** *** *******",-6.85703290000000,108.60406700000000,"KAB. CIREBON","SUSUKAN LEBAK",SAMPIH
699297,533512634632,"PJU **** ********",-6.83864100000000,108.71945000000000,"KAB. CIREBON",GEBANG,KALIMARO
699298,533512633008,"PJU **** ***** ****",-6.92699400000000,108.70233300000000,"KAB. CIREBON",PABUARAN,"PABUARAN LOR"
699299,533512349280,"PJU **** ******",-6.81182000000000,108.61215600000000,"KAB. CIREBON",ASTANAJAPURA,SIDAMULYA
699300,533512349298,"PJU **** ********",-6.80776500000000,108.61370000000000,"KAB. CIREBON",ASTANAJAPURA,"MERTAPADA KULON"
699301,533512349302,"PJU ****** ***** ********",-6.88516000000000,108.64039400000000,"KAB. CIREBON",KARANGWARENG,KUBANGDELEG
699302,533512349310,"PJU ****** *****",-6.86758000000000,108.64696300000000,"KAB. CIREBON",KARANGWARENG,KARANGWARENG
699303,533512349344,"PJU **** ***** *** ******",-6.84949000000000,108.64158000000000,"KAB. CIREBON",KARANGSEMBUNG,KARANGSUWUNG
699304,533512349351,"PJU ******** ******",-6.82543000000000,108.81895000000000,"KAB. CIREBON",LOSARI,KALIRAHAYU
699305,533512912873,"PJU ***** **************",-6.88706170000000,108.76916000000000,"KAB. CIREBON",PABEDILAN,"BABAKAN LOSARI LOR"
699341,533512912903,"PJU ***** **************",-6.89116370000000,108.76644840000000,"KAB. CIREBON",PABEDILAN,"BABAKAN LOSARI LOR"
699346,533510315307,"PJU ********* ** ***     ",-6.90703632400000,108.73943090000000,"KAB. CIREBON",CILEDUG,JATISEENG
699347,533510315315,"PJU ********* *** ***    ",-6.91120213800000,108.73814290000000,"KAB. CIREBON",CILEDUG,"JATISEENG KIDUL"
699348,533510315323,"PJU ******** ***         ",-6.91371981500000,108.71897380000000,"KAB. CIREBON",PABUARAN,SUKADANA
699349,533510315331,"PJU ******* ***** ***    ",-6.90639420000000,108.74713690000000,"KAB. CIREBON",CILEDUG,"CILEDUG KULON"
699374,533512498655,"PJU ****** ********",-6.90750430000000,108.74617460000000,"KAB. CIREBON",CILEDUG,"CILEDUG KULON"
699375,533512497169,"PJU ****** ** *********",-6.86616510000000,108.62071700000000,"KAB. CIREBON","SUSUKAN LEBAK","SUSUKAN AGUNG"
699376,533512497128,"PJU ***** ***** *",-6.80786730000000,108.61515040000000,"KAB. CIREBON",ASTANAJAPURA,"MERTAPADA WETAN"
699377,533512496676,"PJU *** ****** *",-6.79315333300000,108.64286000000000,"KAB. CIREBON",PANGENAN,ASTANAMUKTI
699378,533512496722,"PJU ******** *",-6.83973930000000,108.72167370000000,"KAB. CIREBON",GEBANG,KALIMEKAR
699379,533512496706,"PJU ****** ****",-6.86966166700000,108.72180833300000,"KAB. CIREBON",BABAKAN,"BABAKAN GEBANG"
699380,533512498784,"PJU **** ***** ******",-6.90623960000000,108.74580340000000,"KAB. CIREBON",CILEDUG,"CILEDUG KULON"
699381,533512498697,"PJU *********",-6.90750430000000,108.74617460000000,"KAB. CIREBON",CILEDUG,"CILEDUG KULON"
699391,533513136043,"PJU **** *********",-6.87001970000000,108.70708400000000,"KAB. CIREBON",BABAKAN,BABAKAN
699392,533513136084,"PJU **** ****** *****",-6.87499490000000,108.70865050000000,"KAB. CIREBON",BABAKAN,BABAKAN
699393,533513136092,"PJU **** ****** *****",-6.87908020000000,108.73115800000000,"KAB. CIREBON",BABAKAN,BABAKAN
699394,533513136035,"PJU **** *******",-6.87063500000000,108.72311260000000,"KAB. CIREBON",BABAKAN,BABAKAN
699395,533512497064,"PJU ******** ***** *",-6.86827833300000,108.63226666700000,"KAB. CIREBON","SUSUKAN LEBAK","KALIGAWE WETAN"
699396,533512496598,"PJU *****",-6.91344390000000,108.74171980000000,"KAB. CIREBON",PASALEMAN,CILENGKRANG
699397,533512496286,"PJU ***** **** *",-6.91763380000000,108.74097730000000,"KAB. CIREBON",PASALEMAN,CILENGKRANG
699398,533512678694,"PJU ****** *** *** ****",-6.80051967000000,108.67366860000000,"KAB. CIREBON",PANGENAN,BENDUNGAN
699399,533512678686,"PJU ****** * *** ********",-6.81731970000000,108.65077850000000,"KAB. CIREBON",PANGENAN,BERINGIN
699400,533512678678,"PJU ****** *** *** ****",-6.81658504000000,108.68002210000000,"KAB. CIREBON",PANGENAN,PANGENAN
699401,533512496556,"PJU ***** **** *",-6.91261666700000,108.74701000000000,"KAB. CIREBON",PASALEMAN,CILENGKRANG
699402,533512496859,"PJU *** ****** *",-6.81205130000000,108.63346370000000,"KAB. CIREBON",ASTANAJAPURA,"JAPURA KIDUL"
699438,533512498934,"PJU **** ***** ********",-6.80222833300000,108.63463170000000,"KAB. CIREBON",PANGENAN,"JAPURA LOR"
699439,533512496875,"PJU ********",-6.90852666700000,108.74844000000000,"KAB. CIREBON",CILEDUG,"CILEDUG KULON"
699440,533512497136,"PJU ******* ***** *",-6.86619470000000,108.61997480000000,"KAB. CIREBON","SUSUKAN LEBAK","SUSUKAN LEBAK"
699442,533512012823,"PJU ****** ** ******",-6.82013920900000,108.72752156000000,"KAB. CIREBON",GEBANG,"GEBANG ILIR"
699459,533513142001,"PJU ******** ***",-6.85417950000000,108.58254790000000,"KAB. CIREBON",SEDONG,"PANONGAN LOR"
699460,533513141991,"PJU ********",-6.86327160000000,108.57082010000000,"KAB. CIREBON",SEDONG,PANONGAN
699461,533513141983,"PJU **********",-6.86899490000000,108.58621000000000,"KAB. CIREBON",SEDONG,KARANGWUNI
699462,533513140296,"PJU ****** **** *******",-6.83228840000000,108.58391660000000,"KAB. CIREBON",LEMAHABANG,BELAWA
699463,533513140342,"PJU ****** **** *******",-6.84732280000000,108.80332030000000,"KAB. CIREBON",LOSARI,TAWANGSARI
699464,533513140334,"PJU ****** **** *******",-6.83677320000000,108.81710830000000,"KAB. CIREBON",LOSARI,MULYASARI
699465,533513140288,"PJU ****** **** *******",-6.84943240000000,108.75622420000000,"KAB. CIREBON",PABEDILAN,"PABEDILAN KULON"
699466,533513140300,"PJU ****** **** *******",-6.85700170000000,108.63912310000000,"KAB. CIREBON",KARANGSEMBUNG,KALIMEANG
699467,533512951915,"PJU ****** *** *******",-6.84046000000000,108.81002330000000,"KAB. CIREBON",PABEDILAN,SILIHASIH
699468,533512963161,"BAN**** ****",-6.84609270000000,108.61599950000000,"KAB. CIREBON",LEMAHABANG,ASEM
699469,533512963120,"BAN**** ****",-6.91300450000000,108.74680190000000,"KAB. CIREBON",WALED,CIKULAK
699470,533512963386,"BAN**** ****",-6.90940480000000,108.75215970000000,"KAB. CIREBON",KARANGWARENG,KARANGWANGI
699471,533512963216,"BAN**** ****",-6.90940820000000,108.75216020000000,"KAB. CIREBON",KARANGWARENG,KARANGWANGI
699472,533512963232,"BAN**** ****",-6.91307270000000,108.74669280000000,"KAB. CIREBON",KARANGWARENG,JATIPIRING
699473,533512963378,"BAN**** ****",-6.90940570000000,108.75216000000000,"KAB. CIREBON",KARANGWARENG,KARANGWARENG
699474,533512963273,"BAN**** ****",-6.91298830000000,108.74690000000000,"KAB. CIREBON",KARANGWARENG,JATIPIRING
699475,533513140487,"PJU ****** **** *******",-6.90940020000000,108.75211540000000,"KAB. CIREBON",LEMAHABANG,"CIPEUJEUH KULON"
699476,533512940294,"PJU ****** *** *******",-6.86550720000000,108.62468560000000,"KAB. CIREBON","SUSUKAN LEBAK","SUSUKAN LEBAK"
699477,533512940308,"PJU ****** *** *******",-6.80279320000000,108.63553930000000,"KAB. CIREBON",ASTANAJAPURA,"JAPURA KIDUL"
699478,533512940278,"PJU ****** *** *******",-6.86556440000000,108.62422870000000,"KAB. CIREBON","SUSUKAN LEBAK",KARANGAMANGU
699479,533512940332,"PJU ****** *** *******",-6.80086410000000,108.62653610000000,"KAB. CIREBON",ASTANAJAPURA,ASTANAJAPURA
699480,533512940316,"PJU ****** *** *******",-6.86146330000000,108.63444170000000,"KAB. CIREBON","SUSUKAN LEBAK",CURUG
699481,533512945629,"PJU **** *******",-6.85980080000000,108.70310960000000,"KAB. CIREBON",BABAKAN,BABAKAN
699482,533512963195,"BAN**** ****",-6.85457670000000,108.56613170000000,"KAB. CIREBON",SEDONG,PUTAT
699483,533513136114,"PJU ****** ***** *",-6.84924370000000,108.59846400000000,"KAB. CIREBON",GEBANG,"GEBANG KULON"
699484,533513142579,"PJU ****** **** *******",-6.82909510000000,108.61117030000000,"KAB. CIREBON","SUSUKAN LEBAK",CIAWIASIH
699485,533513142587,"PJU ****** **** *******",-6.84211570000000,108.64609550000000,"KAB. CIREBON",KARANGSEMBUNG,KARANGMEKAR
699486,533512496842,"PJU **** * *** *****",-6.90845166700000,108.74837166700000,"KAB. CIREBON",CILEDUG,"CILEDUG KULON"
699488,533512496692,"PJU ******** *",-6.83767000000000,108.71517333300000,"KAB. CIREBON",GEBANG,KALIMARO
699489,533512496190,"PJU ***** ***** *",-6.80360110000000,108.63407740000000,"KAB. CIREBON",ASTANAJAPURA,"JAPURA KIDUL"
699490,533512501352,"PJU ******* *** *",-6.83486000000000,108.62526830000000,"KAB. CIREBON",LEMAHABANG,"CIPEUJEUH WETAN"
699491,533512498630,"PJU ****** ***** *",-6.90623960000000,108.74580340000000,"KAB. CIREBON",CILEDUG,"CILEDUG KULON"
699492,533512803049,"PJU **** ********* *****",-6.87747140000000,108.75654640000000,"KAB. CIREBON",PABEDILAN,"PABEDILAN KIDUL"
699493,533512799038,"PJU **** ***** *****",-6.81117920000000,108.56731980000000,"KAB. CIREBON",GREGED,"LEBAK MEKAR"
699494,533512496834,"PJU ********** *",-6.85251730000000,108.72984050000000,"KAB. CIREBON",BABAKAN,KARANGWANGUN
699495,533512497384,"PJU ******** ******* *",-6.81206680000000,108.61403710000000,"KAB. CIREBON",ASTANAJAPURA,"MERTAPADA KULON"
699496,533512498768,"PJU **********",-6.80215833300000,108.63454833300000,"KAB. CIREBON",PANGENAN,"JAPURA LOR"
699497,533512498896,"PJU ***********",-6.90623960000000,108.74580340000000,"KAB. CIREBON",CILEDUG,"CILEDUG KULON"
699498,533512496402,"PJU *******",-6.90444450000000,108.75062950000000,"KAB. CIREBON",CILEDUG,"CILEDUG TENGAH"
699499,533512496203,"PJU *********** *",-6.91263833300000,108.74726500000000,"KAB. CIREBON",PASALEMAN,CILENGKRANG
699500,533512496133,"PJU ******",-6.81194360000000,108.63337900000000,"KAB. CIREBON",ASTANAJAPURA,"JAPURA KIDUL"
699501,533512496340,"PJU *** ****** *",-6.79315833300000,108.64281670000000,"KAB. CIREBON",PANGENAN,ASTANAMUKTI
699502,533512498743,"PJU ****** *********",-6.90750430000000,108.74617460000000,"KAB. CIREBON",CILEDUG,"CILEDUG KULON"
699503,533512945611,"PJU **** ******",-6.90842160000000,108.74843420000000,"KAB. CIREBON",LOSARI,"LOSARI KIDUL"
699504,533512963544,"BAN**** ****",-6.89015710000000,108.69590880000000,"KAB. CIREBON",WALED,CIKULAK
699505,533513141622,"PJU ****** **** *******",-6.91278890000000,108.74685060000000,"KAB. CIREBON",WALED,KARANGSARI
699506,533513141614,"PJU ****** **** *******",-6.91264100000000,108.74692070000000,"KAB. CIREBON",WALED,AMBIT
699507,533513136504,"LAM** ********** ********",-6.85881450000000,108.76201590000000,"KAB. CIREBON",PABEDILAN,"PABEDILAN KIDUL"
699508,533513140375,"PJU ****** **** *******",-6.83230000000000,108.61116670000000,"KAB. CIREBON",LEMAHABANG,"CIPEUJEUH KULON"
699509,533513140367,"PJU ****** **** *******",-6.80185810000000,108.82645020000000,"KAB. CIREBON",LOSARI,BARISAN
699510,533512963299,"BAN**** ****",-6.90940700000000,108.75215330000000,"KAB. CIREBON",KARANGWARENG,KARANGWANGI
699511,533512963138,"PJU ******* ****",-6.91300440000000,108.74691970000000,"KAB. CIREBON",WALED,CISAAT
699520,533512497575,"PJU ***** *****",-6.84874320000000,108.61060710000000,"KAB. CIREBON",LEMAHABANG,ASEM
699521,533512498776,"PJU ******** *",-6.90835500000000,108.74852330000000,"KAB. CIREBON",CILEDUG,"CILEDUG KULON"
699522,533512498813,"PJU **** ***********",-6.90747666700000,108.74895500000000,"KAB. CIREBON",CILEDUG,"CILEDUG KULON"
699523,533512497248,"PJU ****** ****** *******",-6.81975950000000,108.80557730000000,"KAB. CIREBON",LOSARI,AMBULU
699524,533512496012,"PJU ****** *",-6.83571910000000,108.78998320000000,"KAB. CIREBON",LOSARI,"LOSARI LOR"
699525,533512498942,"PJU ************",-6.80224333300000,108.63456670000000,"KAB. CIREBON",PANGENAN,"JAPURA LOR"
699526,533512496373,"PJU ************ *",-6.91763380000000,108.74097730000000,"KAB. CIREBON",PASALEMAN,CILENGKRANG
699528,533512496627,"PJU ************ *",-6.91763380000000,108.74097730000000,"KAB. CIREBON",PASALEMAN,CILENGKRANG
699529,533512498847,"PJU ********** *",-6.80222000000000,108.63455670000000,"KAB. CIREBON",PANGENAN,"JAPURA LOR"
699530,533512498727,"PJU ******** *",-6.90623960000000,108.74580340000000,"KAB. CIREBON",CILEDUG,"CILEDUG KULON"
699531,533512496245,"PJU ***** ***** *",-6.78998530000000,108.64706700000000,"KAB. CIREBON",PANGENAN,PENGARENGAN
699532,533512497102,"PJU ****** *",-6.81126000000000,108.61362500000000,"KAB. CIREBON",ASTANAJAPURA,"MERTAPADA KULON"
699533,533512945525,"PJU **** ********* *****",-6.85537080000000,108.69680110000000,"KAB. CIREBON",BABAKAN,"GEMBONGAN MEKAR"
699534,533512945558,"PJU **** ******** *****",-6.84978540000000,108.69274600000000,"KAB. CIREBON",GEBANG,"DOMPYONG KULON"
699535,533512945517,"PJU **** *******",-6.90842160000000,108.74843420000000,"KAB. CIREBON",LOSARI,BARISAN
699536,533512945574,"PJU **** **********",-6.84984220000000,108.69293870000000,"KAB. CIREBON",BABAKAN,PAKUSAMBEN
699537,533512946137,"PJU ****** *** *******",-6.88944400000000,108.76402540000000,"KAB. CIREBON",PABEDILAN,"BABAKAN LOSARI"
699538,533513030870,"PJU ** ***** *** ********",-6.81400880000000,108.69644480000000,"KAB. CIREBON",PANGENAN,ENDER
699539,533513136106,"PJU ****** ***** *",-6.86018290000000,108.63959340000000,"KAB. CIREBON",GEBANG,"GEBANG KULON"
699540,533513136068,"PJU **** **************",-6.86036810000000,108.72457600000000,"KAB. CIREBON",BABAKAN,BABAKAN
699541,533513136076,"PJU **** ****** *****",-6.86865460000000,108.69913800000000,"KAB. CIREBON",BABAKAN,BABAKAN
699542,533512956350,"PJU ****** *****",-6.81543670000000,108.60733170000000,"KAB. CIREBON",KARANGWARENG,KARANGANYAR
699543,533512951877,"PJU ****** *** *******",-6.84044000000000,108.81001000000000,"KAB. CIREBON",PABEDILAN,SILIHASIH
699544,533512945533,"PJU **** ****** *****",-6.87121380000000,108.70555660000000,"KAB. CIREBON",BABAKAN,"SERANG KULON"
699545,533512945590,"PJU **** ****** ***",-6.90837140000000,108.74849620000000,"KAB. CIREBON",LOSARI,"LOSARI LOR"
699546,533512951923,"PJU ****** *** *******",-6.84020670000000,108.81047500000000,"KAB. CIREBON",PABEDILAN,"PABEDILAN KIDUL"
699547,533512969953,"PJU **** ** *************",-6.85883910000000,108.76200260000000,"KAB. CIREBON",GEBANG,"GEBANG ILIR"
699548,533513030854,"PJU ** ****** *****",-6.84684000000000,108.81184500000000,"KAB. CIREBON",LOSARI,"LOSARI KIDUL"
699550,533513142553,"PJU ****** **** *******",-6.83510170000000,108.61522500000000,"KAB. CIREBON",LEMAHABANG,SINDANGLAUT
699551,533512938294,"PT ***** *****",-6.88142500000000,108.73966000000000,"KAB. CIREBON",CILEDUG,LEUWEUNGGAJAH
699552,533513034208,"PJU **** *********",-6.86161480000000,108.70848990000000,"KAB. CIREBON",BABAKAN,GEMBONGAN
699553,533513142561,"PJU ****** **** *******",-6.82899810000000,108.64538220000000,"KAB. CIREBON",LEMAHABANG,SIGONG
699554,533513142474,"PJU ****** **** *******",-6.81642140000000,108.80419130000000,"KAB. CIREBON",LOSARI,AMBULU
699555,533513142520,"PJU ****** **** *******",-6.90850690000000,108.73312310000000,"KAB. CIREBON",CILEDUG,"JATISEENG KIDUL"
699556,533513142595,"PJU ****** **** *******",-6.82422830000000,108.62901670000000,"KAB. CIREBON",LEMAHABANG,"LEMAHABANG KULON"
699557,533513142466,"PJU ****** **** *******",-6.82521200000000,108.81782650000000,"KAB. CIREBON",LOSARI,KALIRAHAYU
699558,533512945603,"PJU **** ****** ******",-6.90939550000000,108.75212370000000,"KAB. CIREBON",BABAKAN,BOJONGGEBANG
699559,533512963240,"BAN**** ****",-6.90940700000000,108.75215330000000,"KAB. CIREBON",KARANGWARENG,KARANGWANGI
699560,533512963146,"PJU ******* ****",-6.91296390000000,108.74690140000000,"KAB. CIREBON",WALED,CISAAT
699561,533513030862,"PJU ** *********",-6.84252000000000,108.71247830000000,"KAB. CIREBON",GEBANG,KALIMEKAR
699562,533512012665,"PJU ****** ** ******",-6.81677579500000,108.72346690000000,"KAB. CIREBON",GEBANG,"GEBANG KULON"
699573,533512349639,"PJU **** **********",-6.83178000000000,108.63029800000000,"KAB. CIREBON",LEMAHABANG,LEMAHABANG
699574,533512349647,"PJU ** *** ****** ** **",-6.84381000000000,108.63978000000000,"KAB. CIREBON",KARANGSEMBUNG,KARANGSUWUNG
699575,533512349654,"PJU **** ***********",-6.86027200000000,108.58777100000000,"KAB. CIREBON",SEDONG,PANONGAN
699576,533512349662,"PJU **** ******",-6.85300400000000,108.56533000000000,"KAB. CIREBON",SEDONG,PUTAT
699577,533512349759,"PJU ********* *** ** ***",-6.80996300000000,108.61593000000000,"KAB. CIREBON",ASTANAJAPURA,"MERTAPADA WETAN"
699578,533512349767,"PJU **** *********",-6.81247000000000,108.61452600000000,"KAB. CIREBON",ASTANAJAPURA,"MERTAPADA WETAN"
699579,533512349775,"PJU **** ********",-6.80788080000000,108.68436100000000,"KAB. CIREBON",PANGENAN,PANGENAN
699580,533512349791,"PJU **** ****** *****",-6.78645220000000,108.64952110000000,"KAB. CIREBON",PANGENAN,PENGARENGAN
699581,533512349804,"PJU ******* ****",-6.94254000000000,108.75823000000000,"KAB. CIREBON",PASALEMAN,TANJUNGANOM
699582,533512303178,"PJU ***** ******* *****",-6.88967490000000,108.75991070000000,"KAB. CIREBON",PABEDILAN,"BABAKAN LOSARI"
699583,533512945566,"PJU **** *************",-6.90843750000000,108.74843400000000,"KAB. CIREBON",LOSARI,ASTANALANGGAR
699584,533512633040,"PJU ****** ****** *****",-6.87317250000000,108.66351240000000,"KAB. CIREBON",KARANGWARENG,KUBANGDELEG
699585,533512349812,"PJU ********* *****",-6.83204000000000,108.60628000000000,"KAB. CIREBON",LEMAHABANG,"CIPEUJEUH KULON"
699586,533512349820,"PJU **** ******",-6.83341500000000,108.58124300000000,"KAB. CIREBON",LEMAHABANG,BELAWA
699589,533512349861,"PJU **** ********** **",-6.82945000000000,108.63195800000000,"KAB. CIREBON",LEMAHABANG,LEMAHABANG
699590,533512628969,"PJU ** *******",-6.83757050000000,108.62595850000000,"KAB. CIREBON",LEMAHABANG,ASEM
699591,533512940324,"PJU ****** *** *******",-6.80727300000000,108.62128520000000,"KAB. CIREBON",ASTANAJAPURA,KENDAL
699592,533512633057,"PJU ****** ***** *******",-6.88551930000000,108.64075770000000,"KAB. CIREBON",KARANGWARENG,SUMURKONDANG
699593,533512349377,"PJU ***** *******",-6.88828000000000,108.64172000000000,"KAB. CIREBON",KARANGWARENG,SUMURKONDANG
699594,533512349385,"PJU **** ******** ***",-6.89705000000000,108.72202000000000,"KAB. CIREBON",PABUARAN,"PABUARAN LOR"
699595,533512349414,"PJU **** ******",-6.80709000000000,108.59574000000000,"KAB. CIREBON",GREGED,"GUMULUNG TONGGOH"
699596,533512349422,"PJU ***** ****",-6.92395000000000,108.69568960000000,"KAB. CIREBON",WALED,"WALED ASEM"
699598,533512349489,"PJU **** *******",-6.91444400000000,108.72172200000000,"KAB. CIREBON",PABUARAN,SUKADANA
699599,533512349497,"PJU **** ***********",-6.92466000000000,108.73752000000000,"KAB. CIREBON",PASALEMAN,"CILENGKRANG GIRANG"
699600,533512349501,"PJU *** ** ***** *****",-6.83241100000000,108.62763000000000,"KAB. CIREBON",LEMAHABANG,"LEMAHABANG KULON"
699651,533710562061,"LAM** ***                ",-6.90209610000000,108.51750060000000,"KAB. KUNINGAN",JAPARA,JAPARA
699656,533711170704,"PJU ** ********",-6.87775830000000,108.50120530000000,"KAB. KUNINGAN",CIGANDAMEKAR,PANAWUAN
699659,533711044248,"PJU *** ***********",-6.82063710000000,108.47630700000000,"KAB. KUNINGAN",MANDIRANCAN,MANDIRANCAN
699660,533711128915,"PJU ** ********",-6.82106180000000,108.51794030000000,"KAB. CIREBON",BEBER,CIPINANG
699661,533711141990,"PJU ** *** ********* ***",-6.85088970000000,108.47378610000000,"KAB. KUNINGAN",MANDIRANCAN,RANDOBAWAGIRANG
699662,533711141501,"PJU ****** ** *** * **",-6.80848620000000,108.46913420000000,"KAB. KUNINGAN",MANDIRANCAN,MANDIRANCAN
699663,533711207469,"PJU ****** *** *** * ****",-6.84633440000000,108.51772090000000,"KAB. CIREBON",SEDONG,KERTAWANGUN
699664,533711141489,"PJU ****** ** ****** * *",-6.81200550000000,108.46919180000000,"KAB. KUNINGAN",MANDIRANCAN,MANDIRANCAN
699665,533711142217,"PJU ** * ** *******",-6.92420360000000,108.47439330000000,"KAB. KUNINGAN",JALAKSANA,BABAKANMULYA
699666,533711178354,"PJU ****** *** ******* *",-6.83814200000000,108.54534000000000,"KAB. CIREBON",BEBER,SINDANGKASIH
699667,533711128453,"PJU **** ************* *",-6.82842940000000,108.47527000000000,"KAB. KUNINGAN",MANDIRANCAN,KERTAWINANGUN
699668,533711128590,"PJU **** ************* *",-6.82842940000000,108.47527000000000,"KAB. KUNINGAN",MANDIRANCAN,KERTAWINANGUN
699669,533711044803,"PJU **** **************",-6.88790310000000,108.49307660000000,"KAB. KUNINGAN",CILIMUS,BANDORASAWETAN
699670,533711044725,"PJU **** **********",-6.82114210000000,108.48157640000000,"KAB. KUNINGAN",MANDIRANCAN,RANDOBAWAILIR
699671,533711128517,"PJU **** ****** *",-6.87116108000000,108.49050491000000,"KAB. KUNINGAN",CILIMUS,BOJONG
699672,533711128566,"PJU **** ****** *",-6.87052900000000,108.49358100000000,"KAB. KUNINGAN",CILIMUS,BOJONG
699673,533711008623,"PJU **** ***",-6.86400000000000,108.55129000000000,"KAB. CIREBON",SEDONG,KERTAWANGUN
699674,533711008631,"PJU **** ***",-6.80329811111000,108.51471811111000,"KAB. CIREBON",BEBER,BEBER
699675,533711128611,"PJU **** ****** *",-6.87160800000000,108.49242900000000,"KAB. KUNINGAN",CILIMUS,BOJONG
699676,533711044709,"PJU **** ******",-6.92210210000000,108.55026280000000,"KAB. KUNINGAN",JAPARA,CENGAL
699677,533711044766,"PJU **** *********",-6.80930750000000,108.47341520000000,"KAB. KUNINGAN",MANDIRANCAN,MANDIRANCAN
699678,533711044733,"PJU **** **********",-6.79801030000000,108.48417320000000,"KAB. KUNINGAN",PASAWAHAN,PASAWAHAN
699679,533711044837,"PJU **** *******",-6.90748260000000,108.51647470000000,"KAB. KUNINGAN",JAPARA,SINGKUP
699680,533711044860,"PJU **** ********",-6.69270511111000,108.43302611111000,"KAB. KUNINGAN",JAPARA,CIKELENG
699681,533711044741,"PJU **** ********** *",-6.82060460000000,108.47897960000000,"KAB. KUNINGAN",MANDIRANCAN,RANDOBAWAILIR
699682,533711044852,"PJU **** ******",-6.84268440000000,108.49626390000000,"KAB. KUNINGAN",PANCALANG,SILEBU
699683,533711044782,"PJU **** *******",-6.81380420000000,108.44040130000000,"KAB. KUNINGAN",PASAWAHAN,PANIIS
699684,533711136312,"PJU **** *******",-6.84874960000000,108.50902000000000,"KAB. KUNINGAN",CILIMUS,SAMPORA
699686,533711045303,"PJU ** ****** *",-6.84000000000000,108.51213333333000,"KAB. KUNINGAN",MANDIRANCAN,SUKASARI
699687,533711034670,"PJU ***** **** ******** *",-6.81557300000000,108.40627100000000,"KAB. KUNINGAN",PASAWAHAN,PADABEUNGHAR
699688,533711045146,"PJU ** ****** *",-6.83415290000000,108.53655000000000,"KAB. KUNINGAN",CILIMUS,CILIMUS
699689,533711044230,"PJU ** *************",-6.83984410000000,108.48602810000000,"KAB. KUNINGAN",MANDIRANCAN,RANDOBAWAILIR
699690,533711044222,"PJU ******* *********",-6.82108739277480,108.47687919915000,"KAB. KUNINGAN",PANCALANG,TAJURBUNTU
699691,533711045257,"PJU ** ****** *",-6.83066560000000,108.51331080000000,"KAB. CIREBON",BEBER,HALIMPU
699692,533711047755,"PJU ***** *****",-6.94744590000000,108.48884800000000,"KAB. KUNINGAN",KRAMATMULYA,CILOWA
699693,533711045299,"PJU ** ***** *",-6.84088020000000,108.51644920000000,"KAB. CIREBON",BEBER,SINDANGKASIH
699700,533711068381,"PJU ** *******",-6.90084510000000,108.47336390000000,"KAB. KUNINGAN",JALAKSANA,PEUSING
699701,533711068373,"PJU *** *******",-6.89998920000000,108.47498810000000,"KAB. KUNINGAN",JALAKSANA,PEUSING
699702,533711009201,"PJU **** ***",-6.84635000000000,108.51769000000000,"KAB. CIREBON",BEBER,SINDANGKASIH
699703,533711117636,"PJU ** * *******",-6.90907580000000,108.48309090000000,"KAB. KUNINGAN",JALAKSANA,MANISKIDUL
699704,533711050006,"PJU ***** **** ******* *",-6.86687440000000,108.50050680000000,"KAB. KUNINGAN",CILIMUS,CILIMUS
699705,533711181053,"PJU ** ******* ******",-6.87772110000000,108.49591130000000,"KAB. CIREBON",BEBER,HALIMPU
699706,533711128533,"PJU **** ****** *",-6.87049160000000,108.49249420000000,"KAB. KUNINGAN",CILIMUS,BOJONG
699707,533711008615,"PJU **** ******",-6.82716000000000,108.52496000000000,"KAB. CIREBON",BEBER,BEBER
699708,533711009219,"PJU **** ***",-6.84586000000000,108.51428000000000,"KAB. CIREBON",BEBER,WANAYASA
699709,533711009243,"PJU **** ***",-6.82289000000000,108.51517000000000,"KAB. CIREBON",BEBER,CIPINANG
699710,533711207477,"PJU *** *** ******* ** **",-6.84635500000000,108.51769830000000,"KAB. CIREBON",GREGED,"SINDANG KEMPENG"
699711,533711142233,"PJU ** *** ** **********",-6.92274240000000,108.47897960000000,"KAB. KUNINGAN",JALAKSANA,BABAKANMULYA
699712,533711141422,"PJU ****** ** ***** * **",-6.81039420000000,108.46827580000000,"KAB. KUNINGAN",MANDIRANCAN,MANDIRANCAN
699713,533711128541,"PJU **** ****** *",-6.87052100000000,108.48960300000000,"KAB. KUNINGAN",CILIMUS,BOJONG
699714,533711045273,"PJU ** *************",-6.83500000000000,108.53426666667000,"KAB. CIREBON",BEBER,CIKANCAS
699715,533711128359,"PJU ** ********** *",-6.90111070000000,108.56085370000000,"KAB. KUNINGAN",CIGANDAMEKAR,BUNIGEULIS
699716,533711128603,"PJU **** ************* *",-6.83006960000000,108.47076350000000,"KAB. KUNINGAN",MANDIRANCAN,KERTAWINANGUN
699717,533711128558,"PJU **** ****** *",-6.87049160000000,108.49249420000000,"KAB. KUNINGAN",CILIMUS,BOJONG
699718,533710988497,"TAM** *******",-6.86732230000000,108.49762120000000,"KAB. KUNINGAN",CILIMUS,CILIMUS
699719,533711032563,"PJU ***** ***** ***** ***",-6.81401617111110,108.52545111111000,"KAB. CIREBON",BEBER,BEBER
699720,533711189704,"PJU **** *********",-6.87802000000000,108.49572000000000,"KAB. KUNINGAN",KRAMATMULYA,GANDASOLI
699721,533711150947,"PJU **** ********** *",-6.85825530000000,108.53017670000000,"KAB. CIREBON",BEBER,CIAWIGAJAH
699722,533711150905,"PJU **** ***** *",-6.82424100000000,108.52420320000000,"KAB. CIREBON",BEBER,BEBER
699723,533711128412,"PJU ** ********** *",-6.90126650000000,108.56006020000000,"KAB. KUNINGAN",CIGANDAMEKAR,BUNIGEULIS
699724,533711170617,"PJU ** *********",-6.91743020000000,108.49417180000000,"KAB. KUNINGAN",JALAKSANA,PADAMENAK
699725,533711009235,"PJU **** ***",-6.83837600000000,108.52676000000000,"KAB. CIREBON",BEBER,CIKANCAS
699726,533711161342,"PJU ** ************* *",-6.89097180000000,108.52053030000000,"KAB. KUNINGAN",CIGANDAMEKAR,KARANGMUNCANG
699727,533711170491,"PJU ** ********",-6.87858520000000,108.50220900000000,"KAB. KUNINGAN",CIGANDAMEKAR,PANAWUAN
699728,533711008649,"PJU **** ***",-6.86150000000000,108.55101000000000,"KAB. CIREBON",SEDONG,KERTAWANGUN
699729,533711178321,"PJU ****** *** ******* *",-6.84148500000000,108.52463000000000,"KAB. CIREBON",BEBER,SINDANGKASIH
699730,533711060047,"WAR**** ***** *******",-6.85948920000000,108.50670790000000,"KAB. KUNINGAN",CILIMUS,CARACAS
699731,533711181125,"PJU ** **** ** **********",-6.87727460000000,108.47044750000000,"KAB. KUNINGAN",CILIMUS,SETIANEGARA
699732,533711207451,"PJU *** *** * ***** ****",-6.84635170000000,108.51775830000000,"KAB. CIREBON",SEDONG,KERTAWANGUN
699733,533711128342,"PJU ** ********** *",-6.90157600000000,108.56042950000000,"KAB. KUNINGAN",CIGANDAMEKAR,BUNIGEULIS
699734,533711192922,"PJU ** ****** **********",-6.87788330000000,108.49621000000000,"KAB. KUNINGAN",CIGANDAMEKAR,TIMBANG
699735,533711044774,"PJU **** *********",-6.82111960000000,108.49195040000000,"KAB. KUNINGAN",PANCALANG,PANCALANG
699736,533711044695,"PJU **** **************",-6.88710490000000,108.48899590000000,"KAB. KUNINGAN",CILIMUS,BANDORASAWETAN
699737,533711044886,"PJU **** ****** *",-6.80964666666670,108.51116500000000,"KAB. KUNINGAN",PANCALANG,SAREWU
699738,533711044717,"PJU **** ***********",-6.81138730000000,108.46933470000000,"KAB. KUNINGAN",MANDIRANCAN,MANDIRANCAN
699739,533711044790,"PJU **** ***********",-6.84579020000000,108.48490400000000,"KAB. KUNINGAN",MANDIRANCAN,PAKEMBANGAN
699740,533711044845,"PJU **** *********",-6.80405573111110,108.50159261111000,"KAB. KUNINGAN",PANCALANG,SINDANGKEMPENG
699741,533711044758,"PJU **** ******",-6.79024950000000,108.45375490000000,"KAB. CIREBON",SUMBER,MATANGAJI
699742,533711008545,"PJU **** ******",-6.86628000000000,108.53986000000000,"KAB. CIREBON",SEDONG,KERTAWANGUN
699743,533711009227,"PJU **** ***** ********",-6.82205000000000,108.52175000000000,"KAB. CIREBON",BEBER,BEBER
699744,533711008607,"PJU **** * * **",-6.86355000000000,108.54477000000000,"KAB. CIREBON",SEDONG,KERTAWANGUN
699745,533711045329,"PJU ** ********** *",-6.81857900000000,108.54300800000000,"KAB. CIREBON",GREGED,JATIPANCUR
699746,533711045224,"PJU ** *******",-6.80167740000000,108.51445350000000,"KAB. CIREBON",BEBER,BEBER
699747,533711128525,"PJU **** ****** *",-6.87347020000000,108.49239610000000,"KAB. KUNINGAN",CILIMUS,BOJONG
699748,533711055377,"PJU **** ********* **",-6.80464300000000,108.42927370000000,"KAB. KUNINGAN",PASAWAHAN,PASAWAHAN
699749,533711146009,"PEN******* **** *** **",-6.86530590000000,108.47247640000000,"KAB. KUNINGAN",CILIMUS,SETIANEGARA
699750,533711055471,"PJU **** ********* *",-6.80553000000000,108.43112830000000,"KAB. KUNINGAN",PASAWAHAN,PASAWAHAN
699751,533711008511,"PJU **** ******",-6.86944100000000,108.54087000000000,"KAB. CIREBON",SEDONG,KERTAWANGUN
699752,533711124015,"PJU ** ****** *",-6.79891716111110,108.50935251111000,"KAB. KUNINGAN",PANCALANG,SAREWU
699753,533711045281,"PJU ** ************* *",-6.84132500000000,108.54464790000000,"KAB. CIREBON",GREGED,"KAMARANG LEBAK"
699754,533711134828,"PJU ** *********",-6.93514254500000,108.47052324400000,"KAB. KUNINGAN",KRAMATMULYA,GANDASOLI
699755,533711055489,"PJU **** ********* *",-6.80464300000000,108.42927370000000,"KAB. KUNINGAN",PASAWAHAN,PASAWAHAN
699756,533711150954,"PJU ****** *** *******",-6.79666010000000,108.46154470000000,"KAB. CIREBON",SUMBER,MATANGAJI
699757,533711045161,"PJU ** ***** *",-6.80741223111110,108.51795731111000,"KAB. CIREBON",BEBER,BEBER
699758,533711161296,"PJU ** *******",-6.87016710000000,108.50061530000000,"KAB. KUNINGAN",CILIMUS,CILIMUS
699759,533711124056,"PJU ** ************",-6.89343910000000,108.49974610000000,"KAB. KUNINGAN",PASAWAHAN,PANIIS
699760,533711170666,"PJU ** **********",-6.90974810000000,108.48795560000000,"KAB. KUNINGAN",JALAKSANA,MANISKIDUL
699761,533711147712,"PJU ** **************",-6.82663610000000,108.53685510000000,"KAB. CIREBON",GREGED,"SINDANG KEMPENG"
699762,533711161367,"PJU ** ************* *",-6.89552120000000,108.49444960000000,"KAB. KUNINGAN",CIGANDAMEKAR,KARANGMUNCANG
699763,533710999187,"PJU *** ********* *",-6.87917000000000,108.54875000000000,"KAB. CIREBON",SEDONG,WINDUHAJI
699764,533711112514,"PJU ******* * ********",-6.81818170000000,108.49325930000000,"KAB. KUNINGAN",PANCALANG,SINDANGKEMPENG
699765,533711088243,"PJU ********** ****",-6.86116520000000,108.52943460000000,"KAB. CIREBON",BEBER,CIAWIGAJAH
699766,533711120894,"PJU ** ***********",-6.85351090846890,108.52997288350000,"KAB. CIREBON",BEBER,BEBER
699767,533710257428,"LAM** ***                ",-6.79800300000000,108.52332700000000,"KAB. CIREBON",BEBER,KONDANGSARI
699770,533710257451,"LAM** ***                ",-6.84688100000000,108.54300900000000,"KAB. CIREBON",GREGED,KAMARANG
699771,533710257469,"LAM** ***                ",-6.84673400000000,108.54799400000000,"KAB. CIREBON",GREGED,KAMARANG
699772,533710257477,"LAM** ***                ",-6.84610600000000,108.52271100000000,"KAB. CIREBON",BEBER,SINDANGKASIH
699773,533710257485,"LAM** ***                ",-6.84816600000000,108.52174600000000,"KAB. CIREBON",BEBER,SINDANGKASIH
699774,533710257493,"LAM** ***                ",-6.85282000000000,108.52941400000000,"KAB. CIREBON",BEBER,SINDANGHAYU
699775,533710257507,"LAM** ***                ",-6.85289700000000,108.52972100000000,"KAB. CIREBON",BEBER,SINDANGHAYU
699776,533710312722,"PJU ******* **********   ",-6.84092480000000,108.46567410000000,"KAB. KUNINGAN",MANDIRANCAN,TRIJAYA
699777,533710312730,"PJU ******* ***********  ",-6.84641440000000,108.48483830000000,"KAB. KUNINGAN",MANDIRANCAN,PAKEMBANGAN
699778,533710312748,"PJU ***** ***********    ",-6.83670940000000,108.48140580000000,"KAB. KUNINGAN",MANDIRANCAN,RANDOBAWAILIR
699779,533710312755,"PJU ***** *************  ",-6.83146790000000,108.47284600000000,"KAB. KUNINGAN",MANDIRANCAN,KERTAWINANGUN
699780,533710312763,"PJU ******* *************",-6.83395470000000,108.48120540000000,"KAB. KUNINGAN",MANDIRANCAN,RANDOBAWAILIR
699783,533710246704,"PJU *************        ",-6.83889520000000,108.51710900000000,"KAB. CIREBON",BEBER,CIKANCAS
699785,533710311306,"PJU **** ******          ",-6.94660190000000,108.50615670000000,"KAB. KUNINGAN",KRAMATMULYA,CILAJA
699786,533710311314,"PJU **** ***********     ",-6.92642680000000,108.49901240000000,"KAB. KUNINGAN",KRAMATMULYA,KARANGMANGU
699788,533710311330,"PJU **** **********      ",-6.93872990000000,108.47009710000000,"KAB. KUNINGAN",KRAMATMULYA,RAGAWACANA
699789,533710311348,"PJU **** *********       ",-6.93415460000000,108.47351450000000,"KAB. KUNINGAN",KRAMATMULYA,GANDASOLI
699790,533710311355,"PJU ********* ******     ",-6.93103190000000,108.49604450000000,"KAB. KUNINGAN",KRAMATMULYA,CIKASO
699791,533710319387,"PJU ***** *              ",-6.83214700000000,108.52171300000000,"KAB. CIREBON",BEBER,BEBER
699792,533710319395,"PJU *******              ",-6.79712600000000,108.52021200000000,"KAB. CIREBON",BEBER,PATAPAN
699794,533710319416,"PJU **** ****** ****** * ",-6.93149150000000,108.48410610000000,"KAB. KUNINGAN",KRAMATMULYA,KALAPAGUNUNG
699795,533710319424,"PJU ** ****** ****** *   ",-6.93154170000000,108.48309080000000,"KAB. KUNINGAN",KRAMATMULYA,KALAPAGUNUNG
699796,533710319432,"PJU ** ****** ****** *   ",-6.93226770000000,108.48173060000000,"KAB. KUNINGAN",CILIMUS,BANDORASAKULON
699797,533710319440,"PJU ** ****** ****** *   ",-6.93283400000000,108.48306030000000,"KAB. KUNINGAN",KRAMATMULYA,KALAPAGUNUNG
699798,533710319457,"PJU ** ****** ****** *   ",-6.93283400000000,108.48306030000000,"KAB. KUNINGAN",KRAMATMULYA,KALAPAGUNUNG
699799,533711135223,"PJU ** ******",-6.93495990000000,108.50198030000000,"KAB. KUNINGAN",KRAMATMULYA,CIKASO
699800,533711055406,"PJU **** ********* **",-6.80458890000000,108.43124670000000,"KAB. KUNINGAN",PASAWAHAN,PASAWAHAN
699801,533711150357,"PJU ****** ** *********",-6.80243030000000,108.47749580000000,"KAB. KUNINGAN",PANCALANG,MEKARJAYA
699802,533711150797,"PJU **** *******",-6.79585340000000,108.52275640000000,"KAB. CIREBON",BEBER,PATAPAN
699803,533711150324,"PJU ****** ** ******",-6.94823200000000,108.50678900000000,"KAB. KUNINGAN",KRAMATMULYA,CILAJA
699804,533711089635,"PJU ****** *** ******** *",-6.90808570000000,108.48022140000000,"KAB. KUNINGAN",JALAKSANA,SEMBAWA
699805,533711151350,"PJU ****** ** ******* *",-6.90795800000000,108.51649900000000,"KAB. KUNINGAN",JAPARA,SINGKUP
699806,533711150771,"PJU ** **********",-6.88627100000000,108.46970560000000,"KAB. KUNINGAN",CILIMUS,LINGGASANA
699807,533711068365,"PJU *** **********",-6.94066660000000,108.47156040000000,"KAB. KUNINGAN",KRAMATMULYA,KRAMATMULYA
699808,533711068399,"PJU ****** ** *******",-6.90385680000000,108.48952140000000,"KAB. KUNINGAN",JALAKSANA,MANISLOR
699809,533711089668,"PJU ****** *** ******** *",-6.84895100000000,108.50157400000000,"KAB. KUNINGAN",CILIMUS,SAMPORA
699810,533711088164,"PJU *********** ****",-6.79005500000000,108.53177200000000,"KAB. CIREBON",BEBER,KONDANGSARI
699811,533711150381,"PJU ****** ** *******",-6.85906000000000,108.50588300000000,"KAB. KUNINGAN",CILIMUS,CARACAS
699812,533711089650,"PJU ****** *** ******** *",-6.84945290000000,108.50614150000000,"KAB. KUNINGAN",CILIMUS,SAMPORA
699813,533711088276,"PJU ********** ****",-6.86054340000000,108.53107050000000,"KAB. CIREBON",BEBER,CIAWIGAJAH
699814,533711028137,"PJU **** ****** *******",-6.88118710000000,108.47675380000000,"KAB. KUNINGAN",CILIMUS,LINGGAJATI
699815,533711112492,"PJU ******* *",-6.80804735111110,108.50040511111000,"KAB. KUNINGAN",PANCALANG,SINDANGKEMPENG
699816,533711092852,"PJU ***** **** *******",-6.83865520000000,108.51607820000000,"KAB. CIREBON",BEBER,BEBER
699817,533711065185,"PJU ********",-6.80930050000000,108.47333720000000,"KAB. KUNINGAN",MANDIRANCAN,MANDIRANCAN
699818,533711112548,"PJU *** *********** *",-6.80852606111110,108.50132791111000,"KAB. KUNINGAN",PANCALANG,SINDANGKEMPENG
699819,533711065271,"PJU ****** *********",-6.82146183111110,108.48801411111000,"KAB. KUNINGAN",PANCALANG,PANCALANG
699820,533711068357,"PJU *** **********",-6.94066660000000,108.47156040000000,"KAB. KUNINGAN",KRAMATMULYA,KRAMATMULYA
699821,533711065214,"PJU ***** *****",-6.81968870000000,108.47786670000000,"KAB. KUNINGAN",PANCALANG,TAJURBUNTU
699822,533710985354,"PJU ***** ***** ***** ***",-6.83232160000000,108.52213370000000,"KAB. CIREBON",BEBER,BEBER
699823,533711065319,"PJU ***********",-6.84724220000000,108.48352000000000,"KAB. KUNINGAN",MANDIRANCAN,PAKEMBANGAN
699824,533711146179,"PJU ** ********** **",-6.81965590000000,108.54029310000000,"KAB. CIREBON",GREGED,JATIPANCUR
699825,533711146153,"PJU ** ********** *",-6.81581780000000,108.54353370000000,"KAB. CIREBON",GREGED,JATIPANCUR
699826,533711055497,"PJU **** ********* *",-6.80100900000000,108.42790670000000,"KAB. KUNINGAN",PASAWAHAN,PASAWAHAN
699827,533711055422,"PJU **** ******* *",-6.83598800000000,108.44063350000000,"KAB. KUNINGAN",PASAWAHAN,CIBUNTU
699828,533711055351,"PJU **** ******* *",-6.79672200000000,108.42634430000000,"KAB. KUNINGAN",PASAWAHAN,KADUELA
699829,533711084124,"MCK ***** **** ** **",-6.93534640000000,108.49728340000000,"KAB. KUNINGAN",KRAMATMULYA,CIKASO
699830,533711084199,"TRA**** ***** ******* *",-6.87851000000000,108.49526500000000,"KAB. KUNINGAN",CILIMUS,CARACAS
699831,533711134810,"PJU ** *********",-6.93769490000000,108.46490400000000,"KAB. KUNINGAN",KRAMATMULYA,GANDASOLI
699832,533711008552,"PJU **** ***",-6.88213000000000,108.55805000000000,"KAB. CIREBON",SEDONG,WINDUJAYA
699833,533711055501,"PJU **** ********* *",-6.80469260000000,108.43057710000000,"KAB. KUNINGAN",PASAWAHAN,PASAWAHAN
699834,533711135194,"PJU ****** *** ********",-6.94480700000000,108.48756980000000,"KAB. KUNINGAN",KRAMATMULYA,CIBENTANG
699835,533711014511,"PJU ***** ** *********",-6.82154230000000,108.49167970000000,"KAB. KUNINGAN",PANCALANG,PANCALANG
699836,533711146187,"PJU ** *******",-6.80453600000000,108.55129700000000,"KAB. CIREBON",GREGED,NANGGELA
699837,533711055385,"PJU **** ********* *",-6.80458890000000,108.43124670000000,"KAB. KUNINGAN",PASAWAHAN,PASAWAHAN
699838,533711161359,"PJU ** **********",-6.93729890000000,108.47168120000000,"KAB. KUNINGAN",KRAMATMULYA,RAGAWACANA
699840,533711180856,"PJU ** *******",-6.79684500000000,108.51735700000000,"KAB. KUNINGAN",CILIMUS,CARACAS
699841,533711058279,"PJU ***** ****** ********",-6.89856330000000,108.47482520000000,"KAB. KUNINGAN",JALAKSANA,PEUSING
699842,533711058707,"PJU **** ***********",-6.82063710000000,108.47630700000000,"KAB. KUNINGAN",MANDIRANCAN,MANDIRANCAN
699843,533711123962,"PJU ** ****** *",-6.81460670000000,108.45451550000000,"KAB. KUNINGAN",CILIMUS,LINGGASANA
699844,533711124072,"PJU ** *******",-6.90327630000000,108.52777760000000,"KAB. KUNINGAN",JAPARA,GARATENGAH
699845,533711055455,"PJU **** ********* **",-6.80516240000000,108.43160590000000,"KAB. KUNINGAN",PASAWAHAN,PASAWAHAN
699846,533711055430,"PJU **** ********* *",-6.80310950000000,108.42696010000000,"KAB. KUNINGAN",PASAWAHAN,PASAWAHAN
699847,533710317453,"PJU *** ****** *******   ",-6.87063370000000,108.50041700000000,"KAB. KUNINGAN",CILIMUS,CILIMUS
699849,533710312706,"PJU ******* *********    ",-6.80524162016810,108.42843865044000,"KAB. KUNINGAN",PASAWAHAN,PASAWAHAN
699850,533710312714,"PJU ******* *********    ",-6.79608350000000,108.44708160000000,"KAB. KUNINGAN",PASAWAHAN,CIDAHU
699851,533710320853,"PJU ** ****              ",-6.82809500000000,108.52206600000000,"KAB. CIREBON",BEBER,BEBER
699852,533711151319,"PJU ****** ** ******* *",-6.90889370000000,108.51770560000000,"KAB. KUNINGAN",JAPARA,SINGKUP
699853,533711150826,"PJU **** *******",-6.84322600000000,108.51167300000000,"KAB. CIREBON",BEBER,HALIMPU
699854,533711170746,"PJU ** ************",-6.90327120000000,108.50123830000000,"KAB. KUNINGAN",CIGANDAMEKAR,SANGKANMULYA
699855,533711150166,"PJU ****** *********",-6.79190980000000,108.46334500000000,"KAB. CIREBON",SUMBER,MATANGAJI
699856,533711161221,"PJU ** ************",-6.89301690000000,108.50940020000000,"KAB. KUNINGAN",CIGANDAMEKAR,SANGKANMULYA
699857,533711178347,"PJU ****** *** ******* *",-6.82596600000000,108.57958200000000,"KAB. CIREBON",BEBER,CIKANCAS
699861,533710262234,"LAM** ***                ",-6.83667800000000,108.54387070000000,"KAB. CIREBON",GREGED,"KAMARANG LEBAK"
699862,533710262242,"LAM** ***                ",-6.82481970000000,108.53425790000000,"KAB. CIREBON",GREGED,DURAJAYA
699863,533710262259,"LAM** ***                ",-6.81163833111110,108.51763951111000,"KAB. CIREBON",BEBER,BEBER
699864,533710262267,"LAM** ***                ",-6.80028580000000,108.52386940000000,"KAB. CIREBON",BEBER,KONDANGSARI
699866,533710263890,"LAM** ***                ",-6.87997100000000,108.55674300000000,"KAB. CIREBON",SEDONG,WINDUJAYA
699867,533710263904,"LAM** ***                ",-6.83415290000000,108.53655000000000,"KAB. CIREBON",GREGED,GREGED
699870,533710263938,"LAM** ***                ",-6.87942370000000,108.55318070000000,"KAB. CIREBON",SEDONG,WINDUJAYA
699871,533710263946,"LAM** ***                ",-6.86122700000000,108.54823200000000,"KAB. CIREBON",SEDONG,KERTAWANGUN
699872,533710263953,"LAM** ***                ",-6.86668000000000,108.54882200000000,"KAB. CIREBON",SEDONG,KERTAWANGUN
699874,533710263979,"LAM** ***                ",-6.87481880000000,108.49196370000000,"KAB. KUNINGAN",CILIMUS,BOJONG
699875,533710268922,"PJU                      ",-6.86931010000000,108.49976510000000,"KAB. KUNINGAN",CILIMUS,CILIMUS
699877,533710310847,"PJU *********            ",-6.80613810000000,108.47267330000000,"KAB. KUNINGAN",MANDIRANCAN,NANGGELA
699878,533710310854,"PJU ***** ****           ",-6.80342060000000,108.48394140000000,"KAB. KUNINGAN",PANCALANG,MEKARJAYA
699879,533710310862,"PJU *********            ",-6.79764340000000,108.50335150000000,"KAB. KUNINGAN",PANCALANG,TARIKOLOT
699880,533710310870,"PJU ******               ",-6.80103388111110,108.51014791111000,"KAB. KUNINGAN",PANCALANG,SAREWU
699883,533710317205,"PJU *** ***** ***** *    ",-6.92909580000000,108.51236820000000,"KAB. KUNINGAN",JAPARA,DUKUHDALEM
699884,533710317213,"PJU *** ***** ***** *    ",-6.92909580000000,108.51236820000000,"KAB. KUNINGAN",JAPARA,DUKUHDALEM
699885,533710317221,"PJU *** ***** ***** *    ",-6.92909580000000,108.51236820000000,"KAB. KUNINGAN",JAPARA,DUKUHDALEM
699886,533710317239,"PJU *** ***** ***** *    ",-6.92909580000000,108.51236820000000,"KAB. KUNINGAN",JAPARA,DUKUHDALEM
699888,533710317254,"PJU *** ***** ***** *    ",-6.92909580000000,108.51236820000000,"KAB. KUNINGAN",JAPARA,DUKUHDALEM
699890,533710355413,"PJU *** ************     ",-6.93226770000000,108.48173060000000,"KAB. KUNINGAN",CILIMUS,BANDORASAKULON
699894,533710264014,"LAN** ***                ",-6.85188750000000,108.47596490000000,"KAB. KUNINGAN",CILIMUS,CIBEUREUM
699895,533710264022,"LAM** ***                ",-6.87727460000000,108.47044750000000,"KAB. KUNINGAN",CILIMUS,CIBEUREUM
699897,533710302175,"LAM** ***                ",-6.86893910000000,108.48133320000000,"KAB. KUNINGAN",CILIMUS,LINGGAINDAH
699898,533710310888,"PJU **********           ",-6.81476776111110,108.50192481111000,"KAB. KUNINGAN",PANCALANG,DANALAMPAH
699899,533710310896,"PJU ***** ******         ",-6.82469710000000,108.49595100000000,"KAB. KUNINGAN",PANCALANG,SUMBAKELING
699900,533710310900,"PJU *********            ",-6.83310760000000,108.50209740000000,"KAB. KUNINGAN",PANCALANG,PATALAGAN
699902,533710310926,"PJU ***** *****          ",-6.80424600000000,108.48825390000000,"KAB. KUNINGAN",PANCALANG,TENJOLAYAR
699905,533710310959,"PJU ********** ****      ",-6.80672040000000,108.46599610000000,"KAB. KUNINGAN",MANDIRANCAN,SUKASARI
699906,533711124222,"PJU ** ***** *",-6.80678210000000,108.46013820000000,"KAB. KUNINGAN",MANDIRANCAN,CIREA
699907,533711080380,"PJU ** ***** ***** ******",-6.81171000000000,108.47733000000000,"KAB. CIREBON",BEBER,BEBER
699908,533711172717,"PJU ** ***********",-6.83924810000000,108.48491510000000,"KAB. KUNINGAN",MANDIRANCAN,SALAKADOMAS
699909,533710332562,"PJU **************** *   ",-6.92990030000000,108.50828720000000,"KAB. KUNINGAN",JALAKSANA,SINDANGBARANG
699910,533710332570,"PJU **************** **  ",-6.92990030000000,108.50828720000000,"KAB. KUNINGAN",JALAKSANA,SINDANGBARANG
699911,533710250845,"LAM** ***                ",-6.79165400000000,108.52294600000000,"KAB. CIREBON",BEBER,PATAPAN
699914,533710312988,"PJU ********* *******    ",-6.79672200000000,108.42634430000000,"KAB. KUNINGAN",PASAWAHAN,KADUELA
699919,533710311397,"PJU *********** ******** ",-6.86253920000000,108.48677000000000,"KAB. KUNINGAN",CILIMUS,KALIAREN
699920,533710311400,"PJU ********* ***********",-6.88050240000000,108.47786670000000,"KAB. KUNINGAN",CILIMUS,CILIMUS
699921,533710311418,"PJU ******* ***********  ",-6.88045950000000,108.48018990000000,"KAB. KUNINGAN",CILIMUS,LINGGAMEKAR
699922,533710311426,"PJU **** **********      ",-6.88464560000000,108.47092220000000,"KAB. KUNINGAN",CILIMUS,LINGGASANA
699923,533710311434,"PJU ********* ***********",-6.87734830000000,108.46859270000000,"KAB. KUNINGAN",CILIMUS,SETIANEGARA
699924,533710331000,"PJU **** ******          ",-6.93301790000000,108.49682130000000,"KAB. KUNINGAN",KRAMATMULYA,CIKASO
699925,533710331018,"PJU **************       ",-6.93755730000000,108.48753730000000,"KAB. KUNINGAN",KRAMATMULYA,CILOWA
699930,533710331067,"PJU *** *********        ",-6.83910140000000,108.48862490000000,"KAB. KUNINGAN",PANCALANG,KAHIYANGAN
699931,533710332588,"PJU **************** *** ",-6.93253120000000,108.51459420000000,"KAB. KUNINGAN",JALAKSANA,SINDANGBARANG
699934,533710243532,"PJU ***** **** *****     ",-6.84129130000000,108.54465750000000,"KAB. CIREBON",GREGED,"KAMARANG LEBAK"
699936,533710311442,"PJU ***** ************** ",-6.88755630000000,108.48491660000000,"KAB. KUNINGAN",CILIMUS,BANDORASAKULON
699937,533710311459,"PJU ******* *********    ",-6.85306570000000,108.47584900000000,"KAB. KUNINGAN",CILIMUS,CIBEUREUM
699940,533710311483,"PJU ******* ***********  ",-6.87078520000000,108.49678650000000,"KAB. KUNINGAN",CILIMUS,CILIMUS
699941,533710311491,"PJU ******* ***********  ",-6.89238170000000,108.50123830000000,"KAB. KUNINGAN",CIGANDAMEKAR,SANGKANURIP
699944,533710311521,"PJU **** ***** ******* * ",-6.84823120000000,108.50929710000000,"KAB. KUNINGAN",CILIMUS,SAMPORA
699945,533710313006,"PJU ********* *******    ",-6.81261180000000,108.43717670000000,"KAB. KUNINGAN",PASAWAHAN,SINGKUP
699946,533710313014,"PJU ******* *************",-6.79109190000000,108.43224110000000,"KAB. KUNINGAN",PASAWAHAN,PADAMATANG
699947,533710313022,"PJU ***** ************   ",-6.80292390000000,108.40159020000000,"KAB. KUNINGAN",PASAWAHAN,PADABEUNGHAR
699948,533710313030,"PJU ******** *********** ",-6.82349460000000,108.49493150000000,"KAB. KUNINGAN",PANCALANG,SUMBAKELING
699949,533710314701,"PJU *** *******          ",-6.90821130000000,108.51741400000000,"KAB. KUNINGAN",JAPARA,SINGKUP
699951,533710703654,"PJU                      ",-6.80582380000000,108.40295680000000,"KAB. KUNINGAN",PASAWAHAN,PADABEUNGHAR
699952,533711135351,"PJU ** ******",-6.93391560000000,108.49609040000000,"KAB. KUNINGAN",KRAMATMULYA,CIKASO
699953,533711045179,"PJU ** ************** *",-6.80852530000000,108.46615970000000,"KAB. KUNINGAN",MANDIRANCAN,CIREA
699954,533711045216,"PJU ** ************** *",-6.80852530000000,108.46615970000000,"KAB. KUNINGAN",MANDIRANCAN,CIREA
699955,533711046831,"PJU ** ***********",-6.92642680000000,108.49901240000000,"KAB. KUNINGAN",KRAMATMULYA,KARANGMANGU
699956,533711045352,"PJU ** ********",-6.80874550000000,108.55551710000000,"KAB. CIREBON",GREGED,NANGGELA
699957,533711045138,"PJU ** ******** *",-6.82436800000000,108.52563260000000,"KAB. CIREBON",GREGED,DURAJAYA
699958,533711045240,"PJU ** ******** *",-6.84681620000000,108.51199720000000,"KAB. CIREBON",BEBER,WANAYASA
699959,533711045265,"PJU ** ******** *",-6.86162576079370,108.54596433230000,"KAB. CIREBON",SEDONG,KERTAWANGUN
699960,533711204725,"PJU ****** **** *********",-6.84168670000000,108.51002000000000,"KAB. CIREBON",BEBER,HALIMPU
699961,533711044811,"PJU **** ***********",-6.88170090000000,108.52783930000000,"KAB. KUNINGAN",CIGANDAMEKAR,TIMBANG
699962,533711045311,"PJU ** ********",-6.83415290000000,108.53655000000000,"KAB. CIREBON",GREGED,JATIPANCUR
699963,533711045195,"PJU ** ********* *",-6.87807810000000,108.56134110000000,"KAB. KUNINGAN",JAPARA,CENGAL
699964,533711034718,"PJU ***** **** ******** *",-6.81557300000000,108.40627100000000,"KAB. KUNINGAN",PASAWAHAN,PADABEUNGHAR
699966,533710720900,"PJU *** ********         ",-6.88110660092730,108.50128786010000,"KAB. KUNINGAN",CILIMUS,BANDORASAKULON
699967,533710699731,"PJU **********           ",-6.81628950000000,108.44300100000000,"KAB. KUNINGAN",PASAWAHAN,SINGKUP
699968,533710698199,"PJU **** ******          ",-6.79616650000000,108.44833810000000,"KAB. KUNINGAN",PASAWAHAN,CIDAHU
699969,533710699850,"LAM** *** ************   ",-6.80686740000000,108.40516530000000,"KAB. KUNINGAN",PASAWAHAN,PADABEUNGHAR
699970,533710703186,"LAM** ***                ",-6.80719080000000,108.46191920000000,"KAB. KUNINGAN",MANDIRANCAN,SUKASARI
699971,533711028145,"PJU **** ******",-6.79578800000000,108.45931900000000,"KAB. CIREBON",SUMBER,MATANGAJI
699973,533710706651,"PJU   ******  *          ",-6.90055660000000,108.46488320000000,"KAB. KUNINGAN",JALAKSANA,SAYANA
699974,533710706669,"PJU   ******  **         ",-6.90055660000000,108.46488320000000,"KAB. KUNINGAN",JALAKSANA,SAYANA
699976,533710706685,"PJU  ******  **          ",-6.89961040000000,108.46451230000000,"KAB. KUNINGAN",JALAKSANA,SAYANA
699977,533710706693,"PJU    ******  **        ",-6.89961040000000,108.46451230000000,"KAB. KUNINGAN",JALAKSANA,SAYANA
699978,533710706707,"PJU  ****** *            ",-6.89961040000000,108.46451230000000,"KAB. KUNINGAN",JALAKSANA,SAYANA
699979,533711088219,"PJU ******* ****",-6.83050390000000,108.51339050000000,"KAB. CIREBON",BEBER,HALIMPU
699980,533711088149,"PJU ***** ****",-6.82165890000000,108.52364460000000,"KAB. CIREBON",BEBER,BEBER
699981,533711088198,"PJU *** ********** ****",-6.81025710000000,108.52238540000000,"KAB. CIREBON",BEBER,BEBER
699982,533711088292,"PJU ********** ****",-6.81900400000000,108.53574200000000,"KAB. CIREBON",GREGED,JATIPANCUR
699983,533711088268,"PJU **** ***** *** ****",-6.81610200000000,108.54410800000000,"KAB. CIREBON",GREGED,JATIPANCUR
699984,533711088521,"PJU ******** ****",-6.82465800000000,108.51560400000000,"KAB. CIREBON",BEBER,CIPINANG
699986,533710693823,"PJU **** **************  ",-6.81937260000000,108.46710930000000,"KAB. KUNINGAN",MANDIRANCAN,NANGGERANGJAYA
699988,533710698788,"LAM** ***                ",-6.83384760000000,108.45658210000000,"KAB. KUNINGAN",MANDIRANCAN,SEDA
699989,533710698796,"LAM** ***                ",-6.80812550000000,108.46634250000000,"KAB. KUNINGAN",CILIMUS,BOJONG
699990,533710702119,"LAM** ***                ",-6.83024360000000,108.49534280000000,"KAB. KUNINGAN",PANCALANG,PATALAGAN
699997,533710701842,"LAM** ***                ",-6.84641440000000,108.48483830000000,"KAB. KUNINGAN",MANDIRANCAN,RANDOBAWAILIR
699999,533710701867,"LAM** ***                ",-6.79966760000000,108.48268930000000,"KAB. KUNINGAN",PANCALANG,TENJOLAYAR
700004,533711112522,"PJU ******* *",-6.81011073111110,108.49950941111000,"KAB. KUNINGAN",PANCALANG,SINDANGKEMPENG
700005,533711094617,"PJU ***** ***** *******",-6.88597850000000,108.51964140000000,"KAB. KUNINGAN",CIGANDAMEKAR,TIMBANG
700006,533711065098,"PJU ***********",-6.84724220000000,108.48352000000000,"KAB. KUNINGAN",MANDIRANCAN,PAKEMBANGAN
700007,533711065110,"PJU **** ** ******",-6.87944700000000,108.52775120000000,"KAB. KUNINGAN",CIGANDAMEKAR,BABAKANJATI
700008,533711065102,"PJU ***** ******",-6.89513430000000,108.51576800000000,"KAB. KUNINGAN",JAPARA,JAPARA
700009,533711065248,"PJU *** * *********",-6.82080664111110,108.48927521111000,"KAB. KUNINGAN",PANCALANG,PANCALANG
700010,533711088284,"PJU ******** ***",-6.84980730000000,108.51465910000000,"KAB. CIREBON",BEBER,WANAYASA
700011,533711088180,"PJU ******** ***",-6.84355960000000,108.51456580000000,"KAB. CIREBON",BEBER,WANAYASA
700012,533711150913,"PJU **** ****** *",-6.83402270000000,108.55659650000000,"KAB. CIREBON",GREGED,GREGED
700013,533711150800,"PJU **** ***** *",-6.84579740000000,108.51348120000000,"KAB. CIREBON",BEBER,BEBER
700014,533710750558,"PJU **** ******* *       ",-6.85915300000000,108.50442710000000,"KAB. KUNINGAN",CILIMUS,CARACAS
700015,533710750566,"PJU **** ******* **      ",-6.85911180000000,108.50669030000000,"KAB. KUNINGAN",CILIMUS,CARACAS
700017,533711065151,"PJU ***** *****",-6.82114210000000,108.48157640000000,"KAB. KUNINGAN",MANDIRANCAN,RANDOBAWAILIR
700018,533711094690,"PJU ********** ****** ***",-6.88088960000000,108.46943560000000,"KAB. KUNINGAN",CILIMUS,LINGGAJATI
700020,533711065136,"PJU ******* ****** ******",-6.88106570000000,108.51199720000000,"KAB. KUNINGAN",CIGANDAMEKAR,TIMBANG
700021,533711065169,"PJU *** ***********",-6.89468660000000,108.55577800000000,"KAB. KUNINGAN",CIGANDAMEKAR,JAMBUGEULIS
700022,533711067243,"PJU *** *********",-6.89084590000000,108.49344000000000,"KAB. KUNINGAN",CIGANDAMEKAR,JAMBUGEULIS
700023,533512585806,"PJU ****** ***********",-6.89721800000000,108.60592800000000,"KAB. CIREBON",SEDONG,KARANGWUNI
700024,533711065177,"PJU ****** *****",-6.91914410000000,108.55102800000000,"KAB. KUNINGAN",JAPARA,CENGAL
700025,533711065222,"PJU ******",-6.87781620000000,108.49588080000000,"KAB. KUNINGAN",CILIMUS,BOJONG
700026,533711065289,"PJU ******",-6.89698660000000,108.51698230000000,"KAB. KUNINGAN",JAPARA,JAPARA
700027,533711065206,"PJU ****** ** *********",-6.81352341111110,108.50139771111000,"KAB. KUNINGAN",PANCALANG,SAREWU
700028,533711112484,"PJU ****** ************",-6.80969097111110,108.49954431111000,"KAB. KUNINGAN",PANCALANG,SINDANGKEMPENG
700029,533711056901,"PJU **** ********",-6.90542010000000,108.59877610000000,"KAB. KUNINGAN",JAPARA,KALIMATI
700030,533711058287,"PJU ***** ****** *******",-6.90084510000000,108.47336390000000,"KAB. KUNINGAN",JALAKSANA,PEUSING
700031,533711065301,"PJU ** ******",-6.90106630000000,108.56057760000000,"KAB. KUNINGAN",CIGANDAMEKAR,BUNIGEULIS
700032,533711065297,"PJU **** ** *******",-6.82437120000000,108.49482430000000,"KAB. KUNINGAN",PANCALANG,SUMBAKELING
700033,533711170625,"PJU ** ***** *****",-6.90777860000000,108.48595200000000,"KAB. KUNINGAN",JALAKSANA,MANISKIDUL
700034,533711161318,"PJU ** ******",-6.93394100000000,108.49892080000000,"KAB. KUNINGAN",KRAMATMULYA,CIKASO
700035,533711176724,"PJU ****** *** ******* *",-6.81200700000000,108.52032900000000,"KAB. CIREBON",GREGED,NANGGELA
700036,533711147720,"PJU ** ********** ***",-6.80838710000000,108.55355170000000,"KAB. CIREBON",GREGED,JATIPANCUR
700037,533711068572,"PJU ** ***************",-6.84477870000000,108.51496520000000,"KAB. KUNINGAN",CILIMUS,SAMPORA
700038,533711150332,"PJU ****** ** **********",-6.79109190000000,108.43224110000000,"KAB. KUNINGAN",PASAWAHAN,PADAMATANG
700039,533711065263,"PJU ******** *******",-6.80607110000000,108.43166730000000,"KAB. KUNINGAN",PASAWAHAN,PASAWAHAN
700040,533711065230,"PJU *** *******",-6.85916260000000,108.50465410000000,"KAB. KUNINGAN",CILIMUS,CARACAS
700041,533711088250,"PJU ******** ****",-6.83302540000000,108.52090130000000,"KAB. CIREBON",BEBER,CIKANCAS
700042,533711150834,"PJU **** ***** *",-6.83436380000000,108.51941730000000,"KAB. CIREBON",BEBER,BEBER
700043,533711150939,"PJU **** ********",-6.83448910000000,108.53615180000000,"KAB. CIREBON",BEBER,CIKANCAS
700044,533710791764,"PJU **** ***** ***** **",-6.90663900000000,108.48406660000000,"KAB. KUNINGAN",JALAKSANA,MANISKIDUL
700045,533710791772,"PJU **** ***** ***** *",-6.90663900000000,108.48406660000000,"KAB. KUNINGAN",JALAKSANA,MANISKIDUL
700046,533711257423,"PJU ****** **** ********",-6.92859620000000,108.46121750000000,"KAB. KUNINGAN",JALAKSANA,SUKAMUKTI
700047,533711098951,"PJU ********* ****** *",-6.90907580000000,108.48309090000000,"KAB. KUNINGAN",JALAKSANA,JALAKSANA
700048,533711098902,"PJU ********* *",-6.90890430000000,108.48262870000000,"KAB. KUNINGAN",JALAKSANA,JALAKSANA
700049,533711098928,"PJU ********* ****** *",-6.90942640000000,108.48285740000000,"KAB. KUNINGAN",JALAKSANA,JALAKSANA
700050,533711098936,"PJU ********* ****** *",-6.90942640000000,108.48285740000000,"KAB. KUNINGAN",JALAKSANA,JALAKSANA
700051,533711150340,"PJU ****** ** ********",-6.92250000000000,108.52387900000000,"KAB. KUNINGAN",JAPARA,RAJADANU
700052,533711150891,"PJU **** ********",-6.80962390000000,108.55777160000000,"KAB. CIREBON",GREGED,NANGGELA
700053,533711151343,"PJU ****** ** ******* *",-6.90908700000000,108.51723500000000,"KAB. KUNINGAN",JAPARA,SINGKUP
700054,533711141463,"PJU ****** ** ***** * **",-6.80847590000000,108.46884400000000,"KAB. KUNINGAN",MANDIRANCAN,MANDIRANCAN
700055,533711141406,"PJU ****** *** ***** ****",-6.81091780000000,108.46984120000000,"KAB. KUNINGAN",MANDIRANCAN,MANDIRANCAN
700056,533711150842,"PJU **** ******",-6.83937400000000,108.55454900000000,"KAB. CIREBON",GREGED,GREGED
700057,533711151335,"PJU ****** ** *********",-6.93743100000000,108.47230200000000,"KAB. KUNINGAN",KRAMATMULYA,GANDASOLI
700058,533711150859,"PJU **** ********** *",-6.85806000000000,108.52799333300000,"KAB. CIREBON",BEBER,CIAWIGAJAH
700059,533711147738,"PJU ** ******* ******* **",-6.82018570000000,108.56245690000000,"KAB. CIREBON",GREGED,"SINDANG KEMPENG"
700061,533710766991,"PJU **** *********** *   ",-6.88361280000000,108.48158640000000,"KAB. KUNINGAN",CILIMUS,LINGGAJATI
700064,533711098944,"PJU ********* ****** *",-6.91140370000000,108.48119740000000,"KAB. KUNINGAN",JALAKSANA,JALAKSANA
700065,533711098985,"PJU ********* ****** *",-6.90988450000000,108.48172250000000,"KAB. KUNINGAN",JALAKSANA,JALAKSANA
700066,533711098910,"PJU ********* ****** *",-6.90942640000000,108.48285740000000,"KAB. KUNINGAN",JALAKSANA,JALAKSANA
700067,533711065128,"PJU ****** ***** ** **",-6.92061660000000,108.55061030000000,"KAB. KUNINGAN",JAPARA,CENGAL
700068,533710744653,"PJU *** ***** ***** ***  ",-6.92508040000000,108.52461140000000,"KAB. KUNINGAN",JAPARA,DUKUHDALEM
700070,533710744679,"PJU *** ***** ***** **   ",-6.92508040000000,108.52461140000000,"KAB. KUNINGAN",JAPARA,DUKUHDALEM
700072,533710744695,"PJU **** ***** ***** *   ",-6.92381370000000,108.52424040000000,"KAB. KUNINGAN",JAPARA,DUKUHDALEM
700074,533711257394,"PJU ****** **** ********",-6.93751450000000,108.47598070000000,"KAB. KUNINGAN",JAPARA,RAJADANU
700075,533711117261,"PJU ****** *** ********",-6.86268970000000,108.49898680000000,"KAB. KUNINGAN",CILIMUS,CARACAS
700076,533711257337,"PJU ****** **** ********",-6.93761430000000,108.45909170000000,"KAB. KUNINGAN",KRAMATMULYA,PAJAMBON
700077,533711257386,"PJU ****** **** ********",-6.92771430000000,108.52210900000000,"KAB. KUNINGAN",JAPARA,RAJADANU
700078,533711036881,"PJU *** ***********",-6.87727460000000,108.47044750000000,"KAB. KUNINGAN",CILIMUS,LINGGAJATI
700079,533711147704,"PJU ** ******",-6.80813110000000,108.46265750000000,"KAB. CIREBON",GREGED,JATIPANCUR
700080,533711141448,"PJU ****** ** **** * *",-6.81091780000000,108.46984120000000,"KAB. KUNINGAN",MANDIRANCAN,MANDIRANCAN
700081,533711117253,"PJU ****** *** ******** *",-6.90835020000000,108.51611730000000,"KAB. KUNINGAN",JAPARA,GARATENGAH
700082,533711218906,"PJU ****** ***********",-6.87783330000000,108.49612830000000,"KAB. KUNINGAN",PANCALANG,SUMBAKELING
700083,533711116978,"PJU **** ** ***********",-6.79752380000000,108.47282420000000,"KAB. KUNINGAN",MANDIRANCAN,NANGGELA
700084,533711150399,"PJU ****** **** ******",-6.79590800000000,108.44195300000000,"KAB. KUNINGAN",PASAWAHAN,CIWIRU
700085,533711028129,"PJU **** *********",-6.82076327111110,108.48981421111000,"KAB. KUNINGAN",PANCALANG,PANCALANG
700086,533711218892,"PJU ****** ** * *********",-6.87769830000000,108.49631670000000,"KAB. KUNINGAN",PANCALANG,SUMBAKELING
700087,533711218922,"PJU ****** ***** *",-6.87783330000000,108.49612830000000,"KAB. KUNINGAN",PANCALANG,SUMBAKELING
700088,533711151327,"PJU ****** ** ******* *",-6.90880190000000,108.51538830000000,"KAB. KUNINGAN",JAPARA,SINGKUP
700089,533711150875,"PJU **** ******** *****",-6.84132500000000,108.54464790000000,"KAB. CIREBON",GREGED,"KAMARANG LEBAK"
700090,533711257415,"PJU ****** **** ********",-6.93804790000000,108.45920550000000,"KAB. KUNINGAN",KRAMATMULYA,PAJAMBON
700091,533212953468,"PJU *** **** ** *******",-7.05787600000000,108.75806600000000,"KAB. KUNINGAN",CIAWIGEBANG,SUKADANA
700092,533711258512,"PJU ****** **** ********",-6.79864330000000,108.47193680000000,"KAB. KUNINGAN",MANDIRANCAN,NANGGELA
700093,533711279823,"PJU **********",-6.82702780000000,108.53962340000000,"KAB. CIREBON",GREGED,JATIPANCUR
700094,533711283893,"PJU **** ************",-6.88689210000000,108.50347490000000,"KAB. KUNINGAN",CIGANDAMEKAR,SANGKANURIP
700096,533711286199,"PJU ****** **** ********",-6.88771180000000,108.50442930000000,"KAB. KUNINGAN",CIGANDAMEKAR,SANGKANURIP
700097,533711154133,"PJU ******* ****** ******",-6.91338140000000,108.48754070000000,"KAB. KUNINGAN",JALAKSANA,SADAMANTRA
700098,533711045112,"PJU ** ************** *",-6.81601100000000,108.56069200000000,"KAB. CIREBON",GREGED,"SINDANG KEMPENG"
700099,533711045337,"PJU ** ***** *****",-6.85763833333330,108.53137666667000,"KAB. CIREBON",BEBER,CIAWIGAJAH
700100,533711088201,"PJU ********** ****",-6.85846240000000,108.53158180000000,"KAB. CIREBON",BEBER,CIAWIGAJAH
700101,533711033884,"PJU ***** **** *******",-6.84945290000000,108.50614150000000,"KAB. KUNINGAN",CILIMUS,SAMPORA
700102,533711218876,"PJU ****** ******* ******",-6.87769830000000,108.49631670000000,"KAB. KUNINGAN",PANCALANG,SUMBAKELING
700103,533711065255,"PJU *********",-6.82416370000000,108.49418960000000,"KAB. KUNINGAN",PANCALANG,SUMBAKELING
700104,533711150373,"PJU ****** ** **********",-6.90425170000000,108.50237500000000,"KAB. KUNINGAN",JAPARA,GARATENGAH
700105,533711150365,"PJU ****** ** ***********",-6.89554630000000,108.50661870000000,"KAB. KUNINGAN",CIGANDAMEKAR,SANGKANMULYA
700106,533711088227,"PJU ********** ****",-6.86246700000000,108.53227800000000,"KAB. CIREBON",BEBER,CIAWIGAJAH
700107,533711257345,"PJU ****** **** ********",-6.93716150000000,108.46659220000000,"KAB. KUNINGAN",KRAMATMULYA,GANDASOLI
700108,533711308109,"PJU **** ******",-6.94354360000000,108.51010480000000,"KAB. KUNINGAN",KRAMATMULYA,CILAJA
700109,533710727438,"PJU *** ************     ",-6.89475480000000,108.51458110000000,"KAB. KUNINGAN",CIGANDAMEKAR,SANGKANMULYA
700110,533711309143,"PJU *******",-6.84074710000000,108.51094680000000,"KAB. CIREBON",BEBER,HALIMPU
700111,533711141414,"PJU ****** ** ****** * *",-6.81200550000000,108.46919180000000,"KAB. KUNINGAN",MANDIRANCAN,MANDIRANCAN
700112,533711141455,"PJU ** ******** * *",-6.80951430000000,108.46437640000000,"KAB. KUNINGAN",MANDIRANCAN,MANDIRANCAN
700113,533711089643,"PJU ****** *** ******** *",-6.90616880000000,108.47359660000000,"KAB. KUNINGAN",JALAKSANA,SEMBAWA
700114,533711141385,"PJU ****** ** ***** * *",-6.80702570000000,108.46636700000000,"KAB. KUNINGAN",MANDIRANCAN,MANDIRANCAN
700115,533711141471,"PJU ****** ** **** * *",-6.81091780000000,108.46984120000000,"KAB. KUNINGAN",MANDIRANCAN,MANDIRANCAN
700117,533710702828,"LAM** ***                ",-6.80310950000000,108.42696010000000,"KAB. KUNINGAN",PASAWAHAN,PASAWAHAN
700118,533711257378,"PJU ****** **** ********",-6.92766560000000,108.46095290000000,"KAB. KUNINGAN",JALAKSANA,SUKAMUKTI
700119,533710700815,"LAM** ***                ",-6.83910140000000,108.48862490000000,"KAB. KUNINGAN",PANCALANG,KAHIYANGAN
700120,533710717193,"PJU ****** ******** **   ",-6.88166650000000,108.51624150000000,"KAB. KUNINGAN",CIGANDAMEKAR,TIMBANG
700121,533710717206,"PJU ******* ****         ",-6.87579130000000,108.46747990000000,"KAB. KUNINGAN",CILIMUS,SETIANEGARA
700123,533710717151,"PJU *** *********        ",-6.93664890000000,108.46812820000000,"KAB. KUNINGAN",KRAMATMULYA,RAGAWACANA
700124,533710717169,"PJU ***** **** ********  ",-6.87776840000000,108.49961530000000,"KAB. KUNINGAN",CIGANDAMEKAR,PANAWUAN
700127,533710733540,"PJU ***** **********     ",-6.88191670000000,108.48883800000000,"KAB. KUNINGAN",CILIMUS,LINGGASANA
700128,533710677277,"PJU                      ",-6.81109660000000,108.46859270000000,"KAB. KUNINGAN",MANDIRANCAN,RANDOBAWAILIR
700129,533710677285,"PJU                      ",-6.80496290000000,108.42927370000000,"KAB. KUNINGAN",PASAWAHAN,PASAWAHAN
700130,533710695836,"PJU ***** **** ******    ",-6.79393000000000,108.45091310000000,"KAB. KUNINGAN",PASAWAHAN,CIMARA
700131,533710695885,"LAM** ***                ",-6.79402840000000,108.45026860000000,"KAB. KUNINGAN",PASAWAHAN,CIMARA
700133,533710716939,"PJU *** ******* **       ",-6.90055660000000,108.46488320000000,"KAB. KUNINGAN",JALAKSANA,SAYANA
700134,533711218914,"PJU ****** ***** *",-6.87771000000000,108.49634170000000,"KAB. KUNINGAN",PANCALANG,SUMBAKELING
700135,533711161288,"PJU ** ***********",-6.92679870000000,108.50066780000000,"KAB. KUNINGAN",KRAMATMULYA,KARANGMANGU
700136,533711008560,"PJU **** *********",-6.88086000000000,108.55053000000000,"KAB. CIREBON",SEDONG,WINDUHAJI
700137,533711009172,"PJU **** *******",-6.79180900000000,108.52214690000000,"KAB. CIREBON",BEBER,KONDANGSARI
700138,533711124064,"PJU ****** ****** *",-6.81428730000000,108.45471860000000,"KAB. KUNINGAN",PASAWAHAN,PANIIS
700139,533711123988,"PJU ** ******* ******",-6.84997530000000,108.49060580000000,"KAB. KUNINGAN",CILIMUS,SAMPORA
700140,533711124110,"PJU ** *****",-6.80678210000000,108.46013820000000,"KAB. KUNINGAN",JAPARA,GARATENGAH
700141,533711124049,"PJU ** ****** *",-6.81252400000000,108.44967280000000,"KAB. KUNINGAN",CILIMUS,LINGGASANA
700142,533711075143,"PJU ***** **** ******* *",-6.85851710000000,108.50539920000000,"KAB. KUNINGAN",CILIMUS,CILIMUS
700143,533711075135,"PJU ***** **** ******* *",-6.87072200000000,108.50643220000000,"KAB. KUNINGAN",CILIMUS,CILIMUS
700144,533711075101,"PJU ***** **** ******* *",-6.89130550000000,108.50929520000000,"KAB. KUNINGAN",CILIMUS,CILIMUS
700145,533711075127,"PJU ***** **** ******* *",-6.88548100000000,108.51014100000000,"KAB. KUNINGAN",CILIMUS,CILIMUS
700146,533711170641,"PJU ** ******",-6.94823840000000,108.50569410000000,"KAB. KUNINGAN",KRAMATMULYA,CILAJA
700149,533710675310,"PJU **** ****            ",-6.81109660000000,108.46859270000000,"KAB. KUNINGAN",MANDIRANCAN,RANDOBAWAILIR
700150,533710700546,"LAM** ***                ",-6.84706440000000,108.48342590000000,"KAB. KUNINGAN",MANDIRANCAN,PAKEMBANGAN
700151,533710695582,"PJU **** *********       ",-6.79203100000000,108.46224300000000,"KAB. CIREBON",SUMBER,MATANGAJI
700152,533710697242,"PJU ******* * *********  ",-6.80678210000000,108.46013820000000,"KAB. KUNINGAN",MANDIRANCAN,CIREA
700154,533710713774,"PJU *** ********** **    ",-6.81423710000000,108.47007660000000,"KAB. KUNINGAN",MANDIRANCAN,MANDIRANCAN
700155,533710713782,"PJU *** ********** *     ",-6.81423710000000,108.47007660000000,"KAB. KUNINGAN",MANDIRANCAN,MANDIRANCAN
700156,533710716947,"PJU *** ****** *         ",-6.90055660000000,108.46488320000000,"KAB. KUNINGAN",JALAKSANA,SAYANA
700157,533710716954,"PJU *** ****** **        ",-6.90055660000000,108.46488320000000,"KAB. KUNINGAN",JALAKSANA,SAYANA
700158,533710695694,"PJU ** ********          ",-6.83076780000000,108.50176180000000,"KAB. KUNINGAN",PANCALANG,PATALAGAN
700159,533710695708,"LAM** ***                ",-6.83076780000000,108.50176180000000,"KAB. KUNINGAN",PANCALANG,PATALAGAN
700161,533711045208,"PJU ** ******** * *******",-6.84747610000000,108.54572750000000,"KAB. CIREBON",GREGED,KAMARANG
700162,533711161383,"PJU ** ********",-6.93766050000000,108.45749130000000,"KAB. KUNINGAN",KRAMATMULYA,PAJAMBON
700163,533711174467,"PJU ** ********",-6.93801980000000,108.45825150000000,"KAB. KUNINGAN",KRAMATMULYA,PAJAMBON
700164,533711161375,"PJU ** *********",-6.92286130000000,108.47908530000000,"KAB. KUNINGAN",JALAKSANA,JALAKSANA
700165,533711060183,"PJU ** ************",-6.95270240000000,108.51774270000000,"KAB. KUNINGAN",KRAMATMULYA,CIKUBANGSARI
700166,533711046823,"PJU ** *************",-6.93352630000000,108.51657690000000,"KAB. KUNINGAN",JALAKSANA,SINDANGBARANG
700167,533711012557,"PJU **** ***********",-6.88662090000000,108.49410560000000,"KAB. KUNINGAN",CILIMUS,BANDORASAWETAN
700168,533711170547,"PJU ** ****** *",-6.88549700000000,108.55058900000000,"KAB. KUNINGAN",CIGANDAMEKAR,KOREAK
700172,533710788164,"PJU **** * *********",-6.91744140000000,108.49419810000000,"KAB. KUNINGAN",JALAKSANA,NANGGERANG
700173,533711008586,"PJU **** *** * * * *",-6.82730000000000,108.52263000000000,"KAB. CIREBON",BEBER,BEBER
700174,533711161270,"PJU ** ******",-6.88482920000000,108.54652290000000,"KAB. KUNINGAN",CIGANDAMEKAR,KOREAK
700175,533711161205,"PJU ** ************",-6.88984760000000,108.49996350000000,"KAB. KUNINGAN",CIGANDAMEKAR,SANGKANURIP
700176,533711161262,"PJU ** *********",-6.92827030000000,108.46896370000000,"KAB. KUNINGAN",JALAKSANA,SIDAMULYA
700177,533711014473,"PJU ***** ** *******",-6.86748310000000,108.49795780000000,"KAB. KUNINGAN",CILIMUS,CILIMUS
700178,533711055336,"PJU **** ********* **",-6.80310950000000,108.42696010000000,"KAB. KUNINGAN",PASAWAHAN,PASAWAHAN
700179,533711170690,"PJU ** **********",-6.90636020000000,108.48205100000000,"KAB. KUNINGAN",JALAKSANA,MANISKIDUL
700180,533711181046,"PJU ** ***********",-6.88076360000000,108.50773980000000,"KAB. CIREBON",SEDONG,PANAMBANGAN
700181,533711146146,"PJU ** ******** *",-6.80866820000000,108.55280050000000,"KAB. CIREBON",GREGED,NANGGELA
700182,533711055369,"PJU **** ******* *",-6.83598800000000,108.44063350000000,"KAB. KUNINGAN",PASAWAHAN,CIBUNTU
700183,533711076535,"PJU ****** ** ******",-6.79664990000000,108.44433100000000,"KAB. KUNINGAN",PASAWAHAN,CIDAHU
700184,533711161213,"PJU ** *********",-6.79952270000000,108.47823770000000,"KAB. KUNINGAN",PANCALANG,MEKARJAYA
700185,533711124031,"PJU ****** ********** *",-6.81313105111110,108.50296141111000,"KAB. KUNINGAN",PANCALANG,DANALAMPAH
700186,533711124169,"PJU ** ***** ***********",-6.80678210000000,108.46013820000000,"KAB. KUNINGAN",MANDIRANCAN,CIREA
700187,533711124144,"PJU ** ******* *",-6.87685360000000,108.49715740000000,"KAB. KUNINGAN",CILIMUS,LINGGASANA
700188,533711123996,"PJU ****** *********** *",-6.84714550000000,108.48665980000000,"KAB. KUNINGAN",MANDIRANCAN,PAKEMBANGAN
700189,533711055344,"PJU **** ********* *",-6.80430850000000,108.42964470000000,"KAB. KUNINGAN",PASAWAHAN,PASAWAHAN
700190,533711172263,"PJU ** ***********",-6.93965120000000,108.48690340000000,"KAB. KUNINGAN",KRAMATMULYA,KRAMATMULYA
700191,533711008656,"PJU **** ***",-6.84575000000000,108.51217000000000,"KAB. CIREBON",BEBER,WANAYASA
700192,533711058261,"PJU **** **** *******",-6.90070820000000,108.47195480000000,"KAB. KUNINGAN",JALAKSANA,PEUSING
700193,533711045187,"PJU ** ********",-6.82042780000000,108.51299200000000,"KAB. CIREBON",BEBER,CIPINANG
700194,533710999240,"PJU *** ********* *",-6.87951000000000,108.55265000000000,"KAB. CIREBON",SEDONG,WINDUHAJI
700195,533711075150,"PJU ***** **** ******* *",-6.87790040000000,108.50506890000000,"KAB. KUNINGAN",CILIMUS,CILIMUS
700196,533711075119,"PJU ***** **** ******* *",-6.86687440000000,108.50050680000000,"KAB. KUNINGAN",CILIMUS,CILIMUS
700197,533711075168,"PJU ***** **** ******* *",-6.88548100000000,108.51014100000000,"KAB. KUNINGAN",CILIMUS,CILIMUS
700198,533711150818,"PJU **** *****",-6.81863400000000,108.52430730000000,"KAB. CIREBON",BEBER,BEBER
700199,533711008578,"PJU **** ***",-6.87946000000000,108.55473000000000,"KAB. CIREBON",SEDONG,WINDUHAJI
700200,533711161391,"PJU ** **********",-6.92133450000000,108.49067390000000,"KAB. KUNINGAN",JALAKSANA,NANGGERANG
700201,533711161254,"PJU ** **************",-6.80676461111110,108.49992491111000,"KAB. KUNINGAN",PANCALANG,SINDANGKEMPENG
700202,533711161326,"PJU ** ********",-6.91550710000000,108.55827480000000,"KAB. KUNINGAN",JAPARA,CIKELENG
700203,533711181133,"PJU ** ********",-6.89316140000000,108.49973930000000,"KAB. KUNINGAN",CIGANDAMEKAR,SANGKANURIP
700204,533711045378,"PJU ** ********** *",-6.81445070000000,108.54575990000000,"KAB. CIREBON",GREGED,JATIPANCUR
700205,533711045345,"PJU ** ******* *****",-6.84406666666660,108.52226666667000,"KAB. CIREBON",BEBER,SINDANGHAYU
700206,533711045120,"PJU ** ***** **** *",-6.87930520000000,108.55614900000000,"KAB. CIREBON",SEDONG,WINDUJAYA
700207,533711044878,"PJU **** ************",-6.88169166666670,108.52606500000000,"KAB. KUNINGAN",CIGANDAMEKAR,TIMBANG
700208,533711055414,"PJU **** ********* *",-6.80464300000000,108.42927370000000,"KAB. KUNINGAN",PASAWAHAN,PASAWAHAN
700209,533711055448,"PJU **** ******* *",-6.79672200000000,108.42634430000000,"KAB. KUNINGAN",PASAWAHAN,KADUELA
700210,533711055393,"PJU *** *********",-6.80277460000000,108.42767200000000,"KAB. KUNINGAN",PASAWAHAN,PASAWAHAN
700211,533711055463,"PJU **** ********* *",-6.80496290000000,108.42927370000000,"KAB. KUNINGAN",PASAWAHAN,PASAWAHAN
700212,533711009164,"PJU **** *****",-6.84474000000000,108.51887000000000,"KAB. CIREBON",BEBER,SINDANGKASIH
700213,533711170674,"PJU ** ************* **",-6.92675060000000,108.50757800000000,"KAB. KUNINGAN",JALAKSANA,SINDANGBARANG
700214,533711141430,"PJU ** *********** * **",-6.80822520000000,108.47134650000000,"KAB. KUNINGAN",MANDIRANCAN,MANDIRANCAN
700218,533710744774,"PJU **** *********** *** ",-6.80827870000000,108.46963460000000,"KAB. KUNINGAN",MANDIRANCAN,MANDIRANCAN
700220,533710744790,"PJU **** *********** **  ",-6.80833330000000,108.47128110000000,"KAB. KUNINGAN",MANDIRANCAN,MANDIRANCAN
700221,533710331075,"PJU *** ***********      ",-6.93641900000000,108.48598150000000,"KAB. KUNINGAN",KRAMATMULYA,KALAPAGUNUNG
700222,533710345759,"PJU **** *************   ",-6.93088640000000,108.49117240000000,"KAB. KUNINGAN",JALAKSANA,SINDANGBARANG
700223,533710256106,"LAM** ***                ",-6.86253920000000,108.48677000000000,"KAB. KUNINGAN",CILIMUS,KALIAREN
700226,533710263165,"LAM** ***                ",-6.86736900000000,108.53986300000000,"KAB. CIREBON",SEDONG,KERTAWANGUN
700227,533710263173,"LAM** ***                ",-6.86596350000000,108.53973670000000,"KAB. CIREBON",SEDONG,KERTAWANGUN
700228,533710263181,"LAM** ***                ",-6.88078600000000,108.55856000000000,"KAB. CIREBON",SEDONG,WINDUJAYA
700229,533710263199,"LAM** ***                ",-6.88439173116550,108.57121293607000,"KAB. CIREBON",SEDONG,WINDUJAYA
700230,533710304901,"PJU *** **** *******     ",-6.84878003979330,108.50809128488000,"KAB. KUNINGAN",CILIMUS,SAMPORA
700231,533710311539,"PJU **** ***** ******* * ",-6.84804090000000,108.50750190000000,"KAB. KUNINGAN",CILIMUS,SAMPORA
700232,533710311547,"PJU **** ***** ******* * ",-6.84823120000000,108.50929710000000,"KAB. KUNINGAN",CILIMUS,SAMPORA
700233,533710311554,"PJU ********* ********   ",-6.87942270000000,108.52988160000000,"KAB. KUNINGAN",CIGANDAMEKAR,BABAKANJATI
700234,533710311562,"PJU ******* **** ******* ",-6.88317410000000,108.51750060000000,"KAB. KUNINGAN",CIGANDAMEKAR,TIMBANG
700235,533710311570,"PJU ********* ********** ",-6.88807480000000,108.52111170000000,"KAB. KUNINGAN",CIGANDAMEKAR,KARANGMUNCANG
700236,533710311588,"PJU ***** ****** ******* ",-6.84477870000000,108.51496520000000,"KAB. KUNINGAN",CIGANDAMEKAR,CIBUNTU
700237,533710311596,"PJU ********* ******     ",-6.88574310000000,108.54724400000000,"KAB. KUNINGAN",CIGANDAMEKAR,KOREAK
700238,533710311609,"PJU ******* ***********  ",-6.89420210000000,108.55607260000000,"KAB. KUNINGAN",CIGANDAMEKAR,JAMBUGEULIS
700239,533710316476,"PJU *** ****** ******    ",-6.93327810000000,108.48265120000000,"KAB. KUNINGAN",KRAMATMULYA,KALAPAGUNUNG
700241,533710334384,"PJU ***** ********* *    ",-6.80426170000000,108.47972160000000,"KAB. KUNINGAN",PANCALANG,MEKARJAYA
700242,533710334392,"PJU **** ********* **    ",-6.80930750000000,108.47341520000000,"KAB. KUNINGAN",MANDIRANCAN,MANDIRANCAN
700243,533710334405,"PJU **** ********* ***   ",-6.80870630000000,108.47870450000000,"KAB. KUNINGAN",PANCALANG,RAJAWETAN
700244,533710243715,"PJU ******* * ********   ",-6.84582900000000,108.51010300000000,,,
700246,533710263202,"LAM** ***                ",-6.81061950000000,108.56046110000000,"KAB. CIREBON",GREGED,NANGGELA
700247,533710263210,"LAM** ***                ",-6.83387700000000,108.51912500000000,"KAB. CIREBON",BEBER,HALIMPU
700248,533710263228,"LAM** ***                ",-6.86129580000000,108.53181860000000,"KAB. CIREBON",BEBER,CIAWIGAJAH
700249,533710263236,"LAM** ***                ",-6.84715070000000,108.54890660000000,"KAB. CIREBON",GREGED,KAMARANG
700250,533710263244,"LAM** ***                ",-6.84124700000000,108.54451600000000,"KAB. CIREBON",GREGED,"KAMARANG LEBAK"
700251,533710263251,"LAM** ***                ",-6.83089270000000,108.53688910000000,"KAB. CIREBON",BEBER,CIKANCAS
700252,533710263269,"LAM** ***                ",-6.83671400000000,108.53159400000000,"KAB. CIREBON",BEBER,CIKANCAS
700253,533710263277,"LAM** ***                ",-6.82227570000000,108.53388690000000,"KAB. CIREBON",GREGED,DURAJAYA
700254,533710263285,"LAM** ***                ",-6.80708300000000,108.52023200000000,"KAB. CIREBON",BEBER,BEBER
700256,533710272312,"LAM** ***                ",-6.86351600000000,108.53342600000000,"KAB. CIREBON",BEBER,CIAWIGAJAH
700260,533710311625,"PJU ******* *************",-6.89991390000000,108.55963910000000,"KAB. KUNINGAN",CIGANDAMEKAR,BUNIGEULIS
700261,533710311633,"PJU **** **********      ",-6.87236530000000,108.51322510000000,"KAB. KUNINGAN",CIGANDAMEKAR,INDAPATRA
700262,533710311641,"PJU **** ********        ",-6.87879190000000,108.50128730000000,"KAB. KUNINGAN",CIGANDAMEKAR,PANAWUAN
700263,533710311658,"PJU **** ************    ",-6.89236140000000,108.50425570000000,"KAB. KUNINGAN",CIGANDAMEKAR,SANGKANMULYA
700264,533710311666,"PJU **** ***********     ",-6.88276970000000,108.51447940000000,"KAB. KUNINGAN",CIGANDAMEKAR,TIMBANG
700266,533710311682,"PJU **** ***********     ",-6.88317410000000,108.51750060000000,"KAB. KUNINGAN",CIGANDAMEKAR,TIMBANG
700267,533710314896,"PJU ************         ",-6.85210760000000,108.47551260000000,"KAB. KUNINGAN",CILIMUS,CIBEUREUM
700268,533710314900,"PJU ************         ",-6.85307520000000,108.47570360000000,"KAB. KUNINGAN",CILIMUS,CIBEUREUM
700269,533710314918,"PJU ************         ",-6.85233280000000,108.47612710000000,"KAB. KUNINGAN",CILIMUS,CIBEUREUM
700274,533710256587,"LAM** ***                ",-6.84629770000000,108.51767550000000,"KAB. CIREBON",BEBER,SINDANGKASIH
700275,533710272664,"LAM** ***                ",-6.83429200000000,108.54491000000000,"KAB. CIREBON",GREGED,"KAMARANG LEBAK"
700276,533710272672,"LAM** ***                ",-6.84649300000000,108.54653100000000,"KAB. CIREBON",GREGED,KAMARANG
700277,533710272680,"LAM** ***                ",-6.80513900000000,108.52339600000000,"KAB. CIREBON",BEBER,KONDANGSARI
700280,533710258412,"PJU ***** ***********    ",-6.79394970000000,108.52238540000000,"KAB. CIREBON",BEBER,KONDANGSARI
700282,533710301809,"PEN******* *****         ",-6.80695080000000,108.46638690000000,"KAB. KUNINGAN",MANDIRANCAN,SUKASARI
700286,533710312079,"PJU ******* **********   ",-6.90663900000000,108.48406660000000,"KAB. KUNINGAN",JALAKSANA,MANISKIDUL
700288,533710312095,"PJU ********* *********  ",-6.91840530000000,108.48940570000000,"KAB. KUNINGAN",JALAKSANA,PADAMENAK
700289,533710312109,"PJU ********* *******    ",-6.90245290000000,108.52969560000000,"KAB. KUNINGAN",JAPARA,CITAPEN
700290,533710312117,"PJU ******************   ",-6.90700500000000,108.46345790000000,"KAB. KUNINGAN",JALAKSANA,SANGKANERANG
700291,533710312125,"PJU ********* ********   ",-6.90542010000000,108.59877610000000,"KAB. KUNINGAN",JAPARA,KALIMATI
700292,533710312133,"PJU ********* *******    ",-6.90822140000000,108.51639120000000,"KAB. KUNINGAN",PASAWAHAN,SINGKUP
700293,533710312141,"PJU ******** **********  ",-6.90799090000000,108.51583800000000,"KAB. KUNINGAN",PASAWAHAN,SINGKUP
700294,533710312158,"PJU **********           ",-6.92671690000000,108.51988190000000,"KAB. KUNINGAN",JAPARA,DUKUHDALEM
700295,533710312166,"PJU **** ******          ",-6.89501640000000,108.51772240000000,"KAB. KUNINGAN",JAPARA,JAPARA
700296,533710313724,"PJU ***** *******        ",-6.82506490000000,108.49567350000000,"KAB. KUNINGAN",PANCALANG,SUMBAKELING
700297,533710313732,"PJU ***** *******        ",-6.82472490000000,108.49602230000000,"KAB. KUNINGAN",PANCALANG,SUMBAKELING
700302,533710742314,"PJU **** *********** *   ",-6.87346440000000,108.49381860000000,"KAB. KUNINGAN",CILIMUS,BOJONG
700303,533710742322,"PJU ***** ***** ******* *",-6.87630290000000,108.50068890000000,"KAB. KUNINGAN",CILIMUS,CILIMUS
700304,533710742330,"PJU ***** ***** ******* *",-6.87575050000000,108.50049090000000,"KAB. KUNINGAN",CILIMUS,CILIMUS
700305,533710742348,"PJU ***** ***** ******* *",-6.87575050000000,108.50049090000000,"KAB. KUNINGAN",CILIMUS,CILIMUS
700306,533710742355,"PJU **** *********** *   ",-6.87346440000000,108.49381860000000,"KAB. KUNINGAN",CILIMUS,BOJONG
700307,533710742363,"PJU **** ****** ***** *  ",-6.87346440000000,108.49381860000000,"KAB. KUNINGAN",CILIMUS,BOJONG
700310,533710336155,"PJU ******* ******       ",-6.85755175042050,108.49419238225000,"KAB. KUNINGAN",CILIMUS,SAMPORA
700311,533710263825,"LAM** ***                ",-6.85806000000000,108.52799333300000,"KAB. CIREBON",BEBER,CIAWIGAJAH
700313,533710263841,"LAM** ***                ",-6.89151170000000,108.51910320000000,"KAB. KUNINGAN",CIGANDAMEKAR,KARANGMUNCANG
700314,533710263858,"LAM** ***                ",-6.88839650000000,108.48237200000000,"KAB. KUNINGAN",CILIMUS,BANDORASAKULON
700316,533710263874,"LAM** ***                ",-6.88413120000000,108.51320670000000,"KAB. KUNINGAN",CIGANDAMEKAR,TIMBANG
700317,533710263882,"LAM** ***                ",-6.87945500000000,108.55435300000000,"KAB. CIREBON",SEDONG,WINDUHAJI
700319,533710267199,"LAM** ***                ",-6.82103190000000,108.51490340000000,"KAB. CIREBON",BEBER,CIPINANG
700320,533710317184,"PJU ******** ***** *     ",-6.93315720000000,108.51496520000000,"KAB. KUNINGAN",JAPARA,DUKUHDALEM
700321,533710317192,"PJU *** ***** ***** *    ",-6.92909580000000,108.51236820000000,"KAB. KUNINGAN",JAPARA,DUKUHDALEM
700323,533710312286,"PJU **** ********        ",-6.91698580000000,108.55770490000000,"KAB. KUNINGAN",JAPARA,CIKELENG
700324,533710312294,"PJU ********* ********   ",-6.92291210000000,108.52275640000000,"KAB. KUNINGAN",JAPARA,RAJADANU
700326,533710320448,"PJU ****** ****** *      ",-6.93151770000000,108.48316690000000,"KAB. KUNINGAN",KRAMATMULYA,KALAPAGUNUNG
700327,533710320455,"PJU ** ****** ****** *   ",-6.93243470000000,108.48276210000000,"KAB. KUNINGAN",KRAMATMULYA,KALAPAGUNUNG
700331,533710263293,"LAM** ***                ",-6.80911440000000,108.54969250000000,"KAB. CIREBON",GREGED,JATIPANCUR
700332,533710263307,"LAM** ***                ",-6.80958200000000,108.55742300000000,"KAB. CIREBON",GREGED,NANGGELA
700333,533710263315,"LAM** ***                ",-6.84808820000000,108.52023960000000,"KAB. CIREBON",BEBER,SINDANGKASIH
700338,533710316600,"PJU *** ***** ******* ***",-6.85465100000000,108.49196370000000,"KAB. KUNINGAN",CILIMUS,CARACAS
700339,533710316618,"PJU *** ***** ******* ***",-6.85465100000000,108.49196370000000,"KAB. KUNINGAN",CILIMUS,CARACAS
700340,533710316626,"PJU **************** *   ",-6.88812160000000,108.52047300000000,"KAB. KUNINGAN",CIGANDAMEKAR,KARANGMUNCANG
700342,533710316642,"PJU **************** *   ",-6.88169190000000,108.51961160000000,"KAB. KUNINGAN",CIGANDAMEKAR,KARANGMUNCANG
700343,533710321640,"PJU* **** *************  ",-6.93214240000000,108.51311750000000,"KAB. KUNINGAN",JALAKSANA,SINDANGBARANG
700344,533710321657,"PJU* **** *************  ",-6.92917020000000,108.51051320000000,"KAB. KUNINGAN",JALAKSANA,SINDANGBARANG
700345,533710261671,"LAM** ***                ",-6.85385700000000,108.53262700000000,"KAB. CIREBON",BEBER,SINDANGHAYU
700346,533710261689,"LAM** ***                ",-6.86097400000000,108.53300600000000,"KAB. CIREBON",BEBER,CIAWIGAJAH
700347,533710272656,"LAM** ***                ",-6.82892500000000,108.52361800000000,"KAB. CIREBON",BEBER,BEBER
700349,533710307023,"PJU* **** ******* *****  ",-6.92274240000000,108.47897960000000,"KAB. KUNINGAN",JALAKSANA,BABAKANMULYA
700350,533710321665,"PJU* **** *************  ",-6.93241060000000,108.51401310000000,"KAB. KUNINGAN",JALAKSANA,SINDANGBARANG
700351,533710321673,"PJU **** *************   ",-6.93315720000000,108.51496520000000,"KAB. KUNINGAN",JALAKSANA,SINDANGBARANG
700352,533711065072,"PJU ***********",-6.87942270000000,108.52988160000000,"KAB. KUNINGAN",CIGANDAMEKAR,BABAKANJATI
700353,533710892669,"PJU ******** ***********",-6.87748350000000,108.47215080000000,"KAB. KUNINGAN",CILIMUS,LINGGAJATI
700354,533710892685,"PJU *** **********",-6.88093333300000,108.47581666700000,"KAB. KUNINGAN",CILIMUS,LINGGAJATI
700355,533710892693,"PJU  ****** *********** *",-6.88151666700000,108.49348333300000,"KAB. KUNINGAN",CILIMUS,BOJONG
700356,533710892707,"PJU ****** *********** *",-6.88390000000000,108.48208333333000,"KAB. KUNINGAN",CILIMUS,LINGGASANA
700357,533710892715,"PJU ***** **** **********",-6.88228333300000,108.48978333300000,"KAB. KUNINGAN",CILIMUS,LINGGASANA
700358,533710892723,"PJU ******** ************",-6.88365000000000,108.48403333333000,"KAB. KUNINGAN",CILIMUS,LINGGASANA
700364,533710892731,"PJU ****** ***** **** ***",-6.86687440000000,108.50050680000000,"KAB. KUNINGAN",CILIMUS,CILIMUS
700365,533710892749,"PJU *********** *******",-6.87105370000000,108.49599300000000,"KAB. KUNINGAN",CILIMUS,CILIMUS
700366,533710892756,"PJU ********* *****",-6.88676490000000,108.49099740000000,"KAB. KUNINGAN",CILIMUS,BANDORASAWETAN
700367,533710892764,"PJU *** *******",-6.85911180000000,108.50669030000000,"KAB. KUNINGAN",CILIMUS,CARACAS
700368,533710892780,"PJU *** ********",-6.87549510000000,108.50028630000000,"KAB. KUNINGAN",CILIMUS,CILIMUS
700373,533710804120,"PJU ******** ****** *****",-6.89377170000000,108.49281280000000,"KAB. KUNINGAN",CILIMUS,BANDORASAWETAN
700374,533710834375,"PJU *** *******",-6.86670750000000,108.49883860000000,"KAB. KUNINGAN",CILIMUS,CILIMUS
700375,533710834412,"PJU **** *******",-6.85255030000000,108.50028860000000,"KAB. KUNINGAN",CILIMUS,SAMPORA
700377,533710827079,"PJU **** ******* **",-6.93335370000000,108.47634310000000,"KAB. KUNINGAN",KRAMATMULYA,GANDASOLI
700379,533710827095,"PJU **** ******* *",-6.93335370000000,108.47634310000000,"KAB. KUNINGAN",KRAMATMULYA,GANDASOLI
700380,533710827109,"PJU **** ******* *",-6.93335370000000,108.47634310000000,"KAB. KUNINGAN",KRAMATMULYA,GANDASOLI
700381,533710827117,"PJU **** *******  *",-6.93335370000000,108.47634310000000,"KAB. KUNINGAN",KRAMATMULYA,GANDASOLI
700382,533710827125,"PJU **** ******* *",-6.93335370000000,108.47634310000000,"KAB. KUNINGAN",KRAMATMULYA,GANDASOLI
700383,533710827141,"PJU **** ******* *",-6.93335370000000,108.47634310000000,"KAB. KUNINGAN",KRAMATMULYA,GANDASOLI
700384,533710841958,"PJU ********************",-6.79569530000000,108.44195410000000,"KAB. KUNINGAN",PASAWAHAN,CIWIRU
700385,533710841966,"PJU ***** *** *********",-6.79651230000000,108.46120950000000,"KAB. CIREBON",SUMBER,MATANGAJI
700386,533710874539,"PJU ******* **** **** *",-6.95186610011870,108.50221881730000,"KAB. KUNINGAN",KRAMATMULYA,GEREBA
700387,533711029976,"PJU *** ****** *******",-6.87904200000000,108.49644650000000,"KAB. KUNINGAN",CILIMUS,LINGGAJATI
700388,533711015107,"PJU **** **************",-6.81043113111110,108.50170031111000,"KAB. KUNINGAN",PANCALANG,SINDANGKEMPENG
700389,533710812202,"PJU *** ********* *****",-6.83456540000000,108.48194740000000,"KAB. KUNINGAN",MANDIRANCAN,RANDOBAWAILIR
700390,533710812210,"PJU *** ********* ***** *",-6.83111890000000,108.48009250000000,"KAB. KUNINGAN",MANDIRANCAN,RANDOBAWAILIR
700391,533710812228,"PJU **** ***** *****",-6.82022620000000,108.48046350000000,"KAB. KUNINGAN",MANDIRANCAN,RANDOBAWAILIR
700395,533710812269,"PJU ******* * *********",-6.79644690000000,108.46205840000000,"KAB. CIREBON",SUMBER,MATANGAJI
700397,533710812285,"PJU *************** *** *",-6.89377170000000,108.49281280000000,"KAB. KUNINGAN",CILIMUS,BANDORASAWETAN
700399,533710836728,"PJU ********** ******",-6.93236600000000,108.51270440000000,"KAB. KUNINGAN",KRAMATMULYA,KARANGMANGU
700400,533710874513,"PJU *********** **** *",-6.95186406900000,108.50222273500000,"KAB. KUNINGAN",KRAMATMULYA,GEREBA
700403,533710812315,"PJU **** ******* *",-6.85519080000000,108.50154690000000,"KAB. KUNINGAN",CILIMUS,CARACAS
700404,533710812323,"PJU ******* *",-6.85519080000000,108.50154690000000,"KAB. KUNINGAN",CILIMUS,CARACAS
700406,533710812349,"PJU **** ******* *",-6.85495760000000,108.49744790000000,"KAB. KUNINGAN",CILIMUS,SAMPORA
700407,533710812356,"PJU **** ******* *",-6.85569740000000,108.50203500000000,"KAB. KUNINGAN",CILIMUS,SAMPORA
700408,533710812364,"PJU ******** ***********",-6.81127050000000,108.47230230000000,"KAB. KUNINGAN",MANDIRANCAN,MANDIRANCAN
700412,533710549371,"PJU **************       ",-6.93080900000000,108.48836150000000,"KAB. KUNINGAN",KRAMATMULYA,KRAMATMULYA
700418,533710562970,"LAM** ***                ",-6.90803520000000,108.48030730000000,"KAB. KUNINGAN",JALAKSANA,SEMBAWA
700419,533711008594,"PJU **** ***",-6.82111640000000,108.52275640000000,"KAB. CIREBON",BEBER,SINDANGHAYU
700422,533710825415,"PJU **** ****** ***** *",-6.88744140000000,108.48945500000000,"KAB. KUNINGAN",CILIMUS,BANDORASAWETAN
700423,533710827158,"PJU **** ******* *",-6.93335370000000,108.47634310000000,"KAB. KUNINGAN",KRAMATMULYA,GANDASOLI
700425,533710827174,"PJU **** ******* *",-6.93335370000000,108.47634310000000,"KAB. KUNINGAN",KRAMATMULYA,GANDASOLI
700427,533710842067,"PJU **** ****** *",-6.94660760000000,108.50722270000000,"KAB. KUNINGAN",KRAMATMULYA,CILAJA
700428,533710842075,"PJU **** *******",-6.87065590000000,108.49775530000000,"KAB. KUNINGAN",CILIMUS,CILIMUS
700429,533710842083,"PJU **** ****** *",-6.94652690000000,108.50731230000000,"KAB. KUNINGAN",KRAMATMULYA,CILAJA
700430,533710878745,"PJU **** ***********",-6.87807480000000,108.46769270000000,"KAB. KUNINGAN",CILIMUS,SETIANEGARA
700431,533710878752,PJU************,-6.86804890000000,108.47310860000000,"KAB. KUNINGAN",CILIMUS,LINGGAJATI
700436,533710812165,"PJU **** ***********",-6.84999700000000,108.48825390000000,"KAB. KUNINGAN",PANCALANG,PATALAGAN
700437,533710812173,"PJU *** *****************",-6.85766760000000,108.49729000000000,"KAB. KUNINGAN",CILIMUS,SAMPORA
700440,533710825456,"PJU **** ****** ***** *",-6.89078430000000,108.49175540000000,"KAB. KUNINGAN",CILIMUS,BANDORASAWETAN
700441,533710825464,"PJU **** ****** ***** *",-6.88689490000000,108.48980970000000,"KAB. KUNINGAN",CILIMUS,BANDORASAWETAN
700443,533710825480,"PJU **** ****** ***** *",-6.88794750000000,108.49196370000000,"KAB. KUNINGAN",CILIMUS,BANDORASAKULON
700448,533710834773,"PJU **** *******",-6.86481200000000,108.51728860000000,"KAB. KUNINGAN",CIGANDAMEKAR,CIBUNTU
700449,533711065193,"PJU **********",-6.83913670000000,108.49491280000000,"KAB. KUNINGAN",PASAWAHAN,PASAWAHAN
700450,533711197289,"PJU ****** *** *** * ****",-6.78543093111110,108.51422351111000,"KAB. CIREBON",BEBER,BEBER
700452,533710812401,"PJU ******** ******* *",-6.81127050000000,108.47230230000000,"KAB. KUNINGAN",MANDIRANCAN,MANDIRANCAN
700456,533710816322,"PJU **** **************",-6.80681520000000,108.46570090000000,"KAB. KUNINGAN",MANDIRANCAN,SUKASARI
700457,533710816330,"PJU **** *******",-6.90716250000000,108.47719320000000,"KAB. KUNINGAN",JALAKSANA,SEMBAWA
700458,533710820136,"PJU **** ******* **",-6.85569740000000,108.50203500000000,"KAB. KUNINGAN",CILIMUS,SAMPORA
700459,533710820151,"PJU **** ******* *",-6.85085380000000,108.50353100000000,"KAB. KUNINGAN",CILIMUS,SAMPORA
700460,533710823988,"PJU **** ********",-6.86003830000000,108.48581900000000,"KAB. KUNINGAN",CILIMUS,BANDORASAWETAN
700462,533710835073,"PJU ** ***** *** **** *",-6.88810040000000,108.52050560000000,"KAB. KUNINGAN",CIGANDAMEKAR,KARANGMUNCANG
700463,533710835081,"PJU ** ***** *** **** *",-6.88737280000000,108.52054610000000,"KAB. KUNINGAN",CIGANDAMEKAR,KARANGMUNCANG
700464,533710835099,"PJU ** ***** *** **** *",-6.88810040000000,108.52050560000000,"KAB. KUNINGAN",CIGANDAMEKAR,KARANGMUNCANG
700469,533711128438,"PJU **** ************* *",-6.82906950000000,108.46935200000000,"KAB. KUNINGAN",MANDIRANCAN,KERTAWINANGUN
700470,533711128509,"PJU **** ************* *",-6.82906950000000,108.46935200000000,"KAB. KUNINGAN",MANDIRANCAN,KERTAWINANGUN
700471,533711128495,"PJU **** ************* *",-6.82842940000000,108.47527000000000,"KAB. KUNINGAN",MANDIRANCAN,KERTAWINANGUN
700472,533711128479,"PJU **** *********** *",-6.82675960000000,108.47023580000000,"KAB. KUNINGAN",MANDIRANCAN,KERTAWINANGUN
700473,533711128446,"PJU **** *********** *",-6.82675960000000,108.47023580000000,"KAB. KUNINGAN",MANDIRANCAN,KERTAWINANGUN
700474,533711128582,"PJU **** *********** *",-6.82675960000000,108.47023580000000,"KAB. KUNINGAN",MANDIRANCAN,KERTAWINANGUN
700475,533711222552,"PJU *********** * ******",-6.87767310000000,108.49619690000000,"KAB. KUNINGAN",CILIMUS,CIBEUREUM
700476,533711028111,"PJU **** ***** *****",-6.90437210000000,108.48732870000000,"KAB. KUNINGAN",JALAKSANA,MANISLOR
700477,533711124214,"PJU ** ****** *",-6.81278460000000,108.44897790000000,"KAB. KUNINGAN",PASAWAHAN,PANIIS
700478,533711128334,"PJU ** ********** *",-6.90157600000000,108.56042950000000,"KAB. KUNINGAN",CIGANDAMEKAR,BUNIGEULIS
700479,533711128404,"PJU ** ********** *",-6.90157600000000,108.56042950000000,"KAB. KUNINGAN",CIGANDAMEKAR,BUNIGEULIS
700480,533711128574,"PJU **** ****** *",-6.87068000000000,108.49215900000000,"KAB. KUNINGAN",CILIMUS,BOJONG
700481,533711036873,"PJU *** *********",-6.93698520000000,108.47143940000000,"KAB. KUNINGAN",KRAMATMULYA,RAGAWACANA
700482,533711222578,"PJU ****** * *******",-6.87776320000000,108.49630570000000,"KAB. KUNINGAN",CILIMUS,BOJONG
700483,533711170738,"PJU ** ************* *",-6.92873650000000,108.50263560000000,"KAB. KUNINGAN",JALAKSANA,SINDANGBARANG
700485,533710948596,"PJU ****** *",-6.94660000000000,108.48983333300000,"KAB. KUNINGAN",KRAMATMULYA,CILOWA
700486,533710948609,"PJU ****** *",-6.94798333300000,108.48958333300000,"KAB. KUNINGAN",KRAMATMULYA,CILOWA
700487,533710969219,"SPA** *****  **********",-6.84761666666660,108.50980000000000,"KAB. KUNINGAN",CILIMUS,SAMPORA
700488,533710985425,"PJU* ****** *** ******",-6.80992270000000,108.45806850000000,"KAB. KUNINGAN",PASAWAHAN,PANIIS
700489,533710948617,"PJU ****** *",-6.94658333300000,108.49033333300000,"KAB. KUNINGAN",KRAMATMULYA,CILOWA
700490,533710900653,"PJU ******* ** ******* *",-6.91015000000000,108.48411666667000,"KAB. KUNINGAN",JALAKSANA,MANISKIDUL
700491,533710900661,"PJU ******* ** ******* *",-6.91055000000000,108.48303333300000,"KAB. KUNINGAN",JALAKSANA,MANISKIDUL
700492,533710900679,"PJU ******* ** ******* *",-6.90986666700000,108.48458333300000,"KAB. KUNINGAN",JALAKSANA,MANISKIDUL
700494,533710910300,"PJU **** ******",-6.88318830000000,108.49085080000000,"KAB. KUNINGAN",CILIMUS,LINGGAJATI
700495,533710912106,"PJU ***** *********** **",-6.79969400000000,108.52406000000000,"KAB. CIREBON",BEBER,KONDANGSARI
700496,533710912114,"PJU ***** *********** **",-6.79972400000000,108.52397200000000,"KAB. CIREBON",BEBER,KONDANGSARI
700497,533710912122,"PJU ***** *********** **",-6.79951900000000,108.52356300000000,"KAB. CIREBON",BEBER,KONDANGSARI
700498,533710912130,"PJU ***** *********** *",-6.79945000000000,108.52368333333000,"KAB. CIREBON",BEBER,KONDANGSARI
700499,533710912148,"PJU ***** *********** ***",-6.79990700000000,108.52407000000000,"KAB. CIREBON",BEBER,KONDANGSARI
700500,533710912155,"PJU ***** *********** *",-6.79970800000000,108.52355100000000,"KAB. CIREBON",BEBER,KONDANGSARI
700501,533710912163,"PJU ***** *********** ***",-6.79942400000000,108.52405800000000,"KAB. CIREBON",BEBER,KONDANGSARI
700502,533711161300,"PJU ** *******",-6.85879740000000,108.50518680000000,"KAB. KUNINGAN",CILIMUS,CARACAS
700503,533711085452,"PJU **** ****",-6.90595700000000,108.52990580000000,"KAB. KUNINGAN",JAPARA,WANO
700504,533711112530,"PJU **************",-6.80719421111110,108.49833031111000,"KAB. KUNINGAN",PANCALANG,SINDANGKEMPENG
700505,533711299195,"PJU **********",-6.91362340000000,108.47789940000000,"KAB. KUNINGAN",JALAKSANA,SADAMANTRA
700506,533711170554,"PJU ** ************",-6.90481350000000,108.50272230000000,"KAB. KUNINGAN",CIGANDAMEKAR,SANGKANMULYA
700507,533711170505,"PJU ** ********** **",-6.90157600000000,108.56042950000000,"KAB. KUNINGAN",CIGANDAMEKAR,BUNIGEULIS
700508,533710894147,"PJU ******* *****",-6.80996180000000,108.47304420000000,"KAB. KUNINGAN",MANDIRANCAN,MANDIRANCAN
700509,533710922793,"PJU *** ***********",-6.88679340000000,108.49326490000000,"KAB. KUNINGAN",CILIMUS,BANDORASAWETAN
700510,533711170483,"PJU ** ********** *",-6.90145400000000,108.56045940000000,"KAB. KUNINGAN",CIGANDAMEKAR,BUNIGEULIS
700511,533710894290,"PJU ****************",-6.94094150000000,108.47055600000000,"KAB. KUNINGAN",KRAMATMULYA,RAGAWACANA
700512,533710894304,"PJU ********",-6.94168333333330,108.49666666667000,"KAB. KUNINGAN",KRAMATMULYA,CIKASO
700513,533710894312,"PJU *** *****",-6.95303080000000,108.50361500000000,"KAB. KUNINGAN",KRAMATMULYA,GEREBA
700514,533710894320,"PJU ******* ***** ******",-6.91943333300000,108.56053333300000,"KAB. KUNINGAN",JAPARA,CIKELENG
700515,533710922822,"PJU ** ****** ******",-6.93220246808610,108.48736801169000,"KAB. KUNINGAN",KRAMATMULYA,KALAPAGUNUNG
700516,533711128420,"PJU ** ********** *",-6.90088150000000,108.56080700000000,"KAB. KUNINGAN",CIGANDAMEKAR,BUNIGEULIS
700517,533711128375,"PJU ** ********** *",-6.90105730000000,108.56054930000000,"KAB. KUNINGAN",CIGANDAMEKAR,BUNIGEULIS
700518,533711128383,"PJU ** ********** **",-6.90028660000000,108.55985950000000,"KAB. KUNINGAN",CIGANDAMEKAR,BUNIGEULIS
700519,533711128367,"PJU ** ********** *",-6.90105730000000,108.56054930000000,"KAB. KUNINGAN",CIGANDAMEKAR,BUNIGEULIS
700520,533711128629,"PJU **** ****** *",-6.87064970000000,108.49207070000000,"KAB. KUNINGAN",CILIMUS,BOJONG
700521,533711086206,"PJU ****** *** ******** *",-6.84295300000000,108.48666100000000,"KAB. KUNINGAN",MANDIRANCAN,MANDIRANCAN
700522,533711085445,"PJU ********* ****** ****",-6.90742700000000,108.50558200000000,"KAB. KUNINGAN",JAPARA,GARATENGAH
700523,533711304516,"PJU **** *******",-6.88531000000000,108.51685330000000,"KAB. KUNINGAN",CIGANDAMEKAR,TIMBANG
700524,533711161239,"PJU ** *********",-6.83348040000000,108.50940020000000,"KAB. KUNINGAN",PANCALANG,PATALAGAN
700525,533711086271,"PJU ****** *** ******** *",-6.84408200000000,108.48657500000000,"KAB. KUNINGAN",MANDIRANCAN,MANDIRANCAN
700526,533711086193,"PJU **** ******** *",-6.91015400000000,108.56134370000000,"KAB. KUNINGAN",JAPARA,CIKELENG
700527,533711086222,"PJU ****** ******** *",-6.84838200000000,108.48539700000000,"KAB. KUNINGAN",MANDIRANCAN,MANDIRANCAN
700528,533711086297,"PJU ****** *** ********",-6.84999700000000,108.48825390000000,"KAB. KUNINGAN",MANDIRANCAN,MANDIRANCAN
700529,533711085460,"PJU **** ****",-6.90526940000000,108.53133540000000,"KAB. KUNINGAN",JAPARA,WANO
700530,533711085429,"PJU **** ********",-6.90670020000000,108.50209830000000,"KAB. KUNINGAN",JAPARA,GARATENGAH
700531,533711085437,"PJU **** ***********",-6.88148160000000,108.52753580000000,"KAB. KUNINGAN",JAPARA,JAPARA
700535,533710837626,"PJU ******* **** ***** **",-6.83258300000000,108.52331800000000,"KAB. CIREBON",BEBER,BEBER
700536,533710837634,"PJU ******* **** ***** **",-6.83343500000000,108.52315800000000,"KAB. CIREBON",BEBER,BEBER
700537,533710837642,"PJU ******* **** ***** **",-6.83344700000000,108.52318400000000,"KAB. CIREBON",BEBER,BEBER
700538,533710837659,"PJU ******* **** ***** **",-6.83313300000000,108.52331900000000,"KAB. CIREBON",BEBER,BEBER
700539,533710837667,"PJU ******* **** ***** **",-6.83195700000000,108.52277700000000,"KAB. CIREBON",BEBER,BEBER
700540,533710837675,"PJU ******* **** ***** **",-6.83223400000000,108.52323600000000,"KAB. CIREBON",BEBER,BEBER
700541,533710837683,"PJU ******* **** ***** **",-6.83240000000000,108.52359900000000,"KAB. CIREBON",BEBER,BEBER
700542,533710837691,"PJU ***** ***** ****** **",-6.89252950000000,108.49752840000000,"KAB. KUNINGAN",CILIMUS,BANDORASAWETAN
700543,533710837705,"PJU ***** ***** ****** **",-6.89252950000000,108.49752840000000,"KAB. KUNINGAN",CILIMUS,BANDORASAWETAN
700544,533710979910,"PJU **** **** *",-6.95471926000000,108.49743879000000,"KAB. KUNINGAN",KRAMATMULYA,GEREBA
700545,533710894353,"PJU ******* * ***********",-6.86475490000000,108.48381960000000,"KAB. KUNINGAN",KRAMATMULYA,KRAMATMULYA
700546,533710894379,"PJU ******* * *********",-6.91945000000000,108.56055000000000,"KAB. KUNINGAN",JAPARA,CIKELENG
700547,533710894387,"PJU ************",-6.93303333300000,108.47326666700000,"KAB. KUNINGAN",KRAMATMULYA,GANDASOLI
700548,533710894395,"PJU ******* * *********",-6.94626666700000,108.50416666700000,"KAB. KUNINGAN",KRAMATMULYA,BOJONG
700549,533710894408,"PJU *********",-6.94708630000000,108.50553530000000,"KAB. KUNINGAN",KRAMATMULYA,CILAJA
700550,533710915448,"PJU **** ***********",-6.87432910000000,108.46658710000000,"KAB. KUNINGAN",CILIMUS,SETIANEGARA
700551,533710948418,"PJU ****** *",-6.94576360000000,108.49106350000000,"KAB. KUNINGAN",KRAMATMULYA,CILOWA
700552,533710948426,"PJU ****** *",-6.94661666666660,108.49010000000000,"KAB. KUNINGAN",KRAMATMULYA,CILOWA
700555,533710948483,"PJU ****** *",-6.94726666666660,108.49001666667000,"KAB. KUNINGAN",KRAMATMULYA,CILOWA
700556,533710948491,"PJU ****** *",-6.94725000000000,108.49030000000000,"KAB. KUNINGAN",KRAMATMULYA,CILOWA
700558,533710837739,"PJU ***** ***** ********",-6.89252950000000,108.49752840000000,"KAB. KUNINGAN",CILIMUS,BANDORASAWETAN
700560,533710837747,"PJU ***** ***** ****** **",-6.89252950000000,108.49752840000000,"KAB. KUNINGAN",CILIMUS,BANDORASAWETAN
700561,533710837754,"PJU ***** ***** ****** **",-6.89252950000000,108.49752840000000,"KAB. KUNINGAN",CILIMUS,BANDORASAWETAN
700562,533710837762,"PJU ***** ***** ****** **",-6.89252950000000,108.49752840000000,"KAB. KUNINGAN",CILIMUS,BANDORASAWETAN
700563,533710837770,"PJU ***** ***** ****** **",-6.89252950000000,108.49752840000000,"KAB. KUNINGAN",CILIMUS,BANDORASAWETAN
700564,533710837788,"PJU ***** ***** ****** **",-6.89252950000000,108.49752840000000,"KAB. KUNINGAN",CILIMUS,BANDORASAWETAN
700565,533710837796,"PJU ********** ****** **",-6.89252950000000,108.49752840000000,"KAB. KUNINGAN",CILIMUS,BANDORASAWETAN
700566,533710837809,"PJU ***** ***** ****** **",-6.89252950000000,108.49752840000000,"KAB. KUNINGAN",CILIMUS,BANDORASAWETAN
700567,533710837492,"PJU *** **********",-6.91582672105820,108.48789441831000,"KAB. KUNINGAN",JALAKSANA,MANISLOR
700568,533710837506,"PJU *** *********",-6.92326138564700,108.48723045542000,"KAB. KUNINGAN",JALAKSANA,JALAKSANA
700569,533711065080,"PJU *** *****",-6.81681786111110,108.50297261111000,"KAB. KUNINGAN",PANCALANG,SAREWU
700570,533711065144,"PJU *********",-6.82111960000000,108.49195040000000,"KAB. KUNINGAN",PANCALANG,PANCALANG
700571,533711128487,"PJU **** ************* **",-6.83006960000000,108.47076350000000,"KAB. KUNINGAN",MANDIRANCAN,KERTAWINANGUN
700572,533711086335,"PJU **** ******** *",-6.91550710000000,108.55827480000000,"KAB. KUNINGAN",JAPARA,CIKELENG
700573,533711086230,"PJU **** ******** *",-6.91630480000000,108.55135250000000,"KAB. KUNINGAN",JAPARA,CIKELENG
700574,533711086177,"PJU **** ******** *",-6.91388950000000,108.55900170000000,"KAB. KUNINGAN",JAPARA,CIKELENG
700575,533711086263,"PJU ****** *** ******** *",-6.86953090000000,108.47193140000000,"KAB. KUNINGAN",CILIMUS,SETIANEGARA
700576,533711086319,"PJU ****** *** ******** *",-6.84757300000000,108.48548200000000,"KAB. KUNINGAN",MANDIRANCAN,MANDIRANCAN
700577,533711086185,"PJU **** ******** *",-6.91630480000000,108.55135250000000,"KAB. KUNINGAN",JAPARA,CIKELENG
700578,533711086327,"PJU **** ******** *",-6.91578510000000,108.55870280000000,"KAB. KUNINGAN",JAPARA,CIKELENG
700579,533711086301,"PJU **** ******** *",-6.91411740000000,108.55881900000000,"KAB. KUNINGAN",JAPARA,CIKELENG
700580,533711086368,"PJU ****** *** ******** *",-6.84633800000000,108.48580400000000,"KAB. KUNINGAN",MANDIRANCAN,MANDIRANCAN
700581,533711086214,"PJU ****** *** ******** *",-6.84508200000000,108.48612500000000,"KAB. KUNINGAN",MANDIRANCAN,MANDIRANCAN
700582,533711086343,"PJU ****** *** ********",-6.84058900000000,108.48704700000000,"KAB. KUNINGAN",MANDIRANCAN,MANDIRANCAN
700583,533711086255,"PJU ****** *** ******** *",-6.86953090000000,108.47193140000000,"KAB. KUNINGAN",CILIMUS,SETIANEGARA
700584,533711086350,"PJU **** ******** *",-6.91504080000000,108.55845030000000,"KAB. KUNINGAN",JAPARA,CIKELENG
700585,533711086248,"PJU **** ******** *",-6.90157600000000,108.56042950000000,"KAB. KUNINGAN",JAPARA,CIKELENG
700586,533711086289,"PJU ****** *** ******** *",-6.84174000000000,108.48644600000000,"KAB. KUNINGAN",MANDIRANCAN,MANDIRANCAN
700588,533710803119,"PJU ****** ***** *",-6.93755730000000,108.48753730000000,"KAB. KUNINGAN",KRAMATMULYA,KALAPAGUNUNG
700592,533710803150,"PJU ******* * ** ********",-6.93957290000000,108.47081740000000,"KAB. KUNINGAN",KRAMATMULYA,RAGAWACANA
700593,533710803168,"PJU ******* * ** ********",-6.91765420000000,108.48602810000000,"KAB. KUNINGAN",JALAKSANA,SADAMANTRA
700595,533710803184,"PJU ** ***** ****** *****",-6.93088640000000,108.49117240000000,"KAB. KUNINGAN",KRAMATMULYA,KRAMATMULYA
700596,533710803192,"PJU ****** ***** *",-6.93755730000000,108.48753730000000,"KAB. KUNINGAN",KRAMATMULYA,KALAPAGUNUNG
700597,533710848410,"PJU * ******** **** ***",-6.79109787200000,108.52202655300000,"KAB. CIREBON",BEBER,PATAPAN
700598,533710848451,"PJU * ******** **** ***",-6.79012840427360,108.52123213701000,"KAB. CIREBON",BEBER,PATAPAN
700599,533710848469,"PJU ******** **** ****",-6.78998132900000,108.52207873500000,"KAB. CIREBON",BEBER,PATAPAN
700604,533710803247,"PJU ***** *** ******",-6.93301790000000,108.49682130000000,"KAB. KUNINGAN",KRAMATMULYA,CIKASO
700605,533710820462,"PJU **** ****** * *",-6.85766760000000,108.49729000000000,"KAB. KUNINGAN",CILIMUS,SAMPORA
700606,533710820470,"PJU **** ****** * *",-6.85766760000000,108.49729000000000,"KAB. KUNINGAN",CILIMUS,SAMPORA
700607,533710820488,"PJU **** ****** * *",-6.85766760000000,108.49729000000000,"KAB. KUNINGAN",CILIMUS,SAMPORA
700608,533711294414,"CV ********* ****",-6.92873401358970,108.50299794227000,"KAB. KUNINGAN",KRAMATMULYA,KARANGMANGU
700609,533710837597,"PJU ******* **** ***** **",-6.83199700000000,108.52270900000000,"KAB. CIREBON",BEBER,BEBER
700610,533710837600,"PJU ******* **** ***** **",-6.83348400000000,108.52313400000000,"KAB. CIREBON",BEBER,BEBER
700611,533710837618,"PJU ******* **** ***** **",-6.83266600000000,108.52355300000000,"KAB. CIREBON",BEBER,BEBER
700613,533710843123,"PJU **************",-6.84987700000000,108.54976200000000,"KAB. CIREBON",GREGED,KAMARANG
700614,533710843131,"PJU *** ********",-6.84327300000000,108.51493900000000,"KAB. CIREBON",BEBER,WANAYASA
700615,533710843156,"PJU ************ *",-6.88298800000000,108.56063700000000,"KAB. CIREBON",SEDONG,WINDUJAYA
700616,533710843164,"PJU ******** **** *",-6.88036100000000,108.55870900000000,"KAB. CIREBON",SEDONG,WINDUJAYA
700617,533711292443,"PJU ***** **** *********",-6.80228180000000,108.50147550000000,"KAB. KUNINGAN",PANCALANG,TARIKOLOT
700618,533711231679,"PJU ****** *** *******",-6.83089870000000,108.54153490000000,"KAB. CIREBON",BEBER,CIKANCAS
700619,533710834205,"PJU ********* **********",-6.88162670000000,108.52761450000000,"KAB. KUNINGAN",CIGANDAMEKAR,TIMBANG
700621,533710834221,"PJU **** ********** ****",-6.86670750000000,108.49883860000000,"KAB. KUNINGAN",CILIMUS,CILIMUS
700623,533710834247,"PJU ** ***********",-6.88236970000000,108.48946310000000,"KAB. KUNINGAN",CILIMUS,LINGGASANA
700624,533710837817,"PJU ***** ***** ****** **",-6.87688310000000,108.49641550000000,"KAB. KUNINGAN",CILIMUS,BANDORASAWETAN
700625,533710837825,"PJU ***** ***** ****** **",-6.89252950000000,108.49752840000000,"KAB. KUNINGAN",CILIMUS,BANDORASAWETAN
700626,533710828757,"PJU **** ***** ***** *",-6.88849920000000,108.49075610000000,"KAB. KUNINGAN",CILIMUS,BANDORASAWETAN
700627,533710832409,"PJU ** ********* ********",-6.94036250000000,108.48714100000000,"KAB. KUNINGAN",KRAMATMULYA,KRAMATMULYA
700629,533710834318,"PJU **** ******",-6.94635920000000,108.50415810000000,"KAB. KUNINGAN",KRAMATMULYA,BOJONG
700630,533710834326,"PJU ** ******",-6.88678980000000,108.55025740000000,"KAB. KUNINGAN",CIGANDAMEKAR,JAMBUGEULIS
700631,533710834334,"PJU ** ************",-6.95112480000000,108.51888130000000,"KAB. KUNINGAN",KRAMATMULYA,CIKUBANGSARI
700634,533710834367,"PJU ****************",-6.88529160000000,108.52646650000000,"KAB. KUNINGAN",CIGANDAMEKAR,JAMBUGEULIS
700636,533711201702,"PJU ** ******** ********",-6.87841960000000,108.49640130000000,"KAB. CIREBON",BEBER,WANAYASA
700637,533711112555,"PJU ******* * **** *****",-6.81209919111110,108.50084531111000,"KAB. KUNINGAN",PANCALANG,SINDANGKEMPENG
700638,533711231695,"PJU ****** *** *******",-6.79770086111110,108.51946021111000,"KAB. CIREBON",BEBER,PATAPAN
700639,533711112506,"PJU *** *********** *",-6.80898893111110,108.50253541111000,"KAB. KUNINGAN",PANCALANG,SINDANGKEMPENG
700640,533711161334,"PJU ** *************",-6.93413842000000,108.51703080000000,"KAB. KUNINGAN",JALAKSANA,SINDANGBARANG
700641,533711170720,"PJU ** ******",-6.94571160000000,108.49296730000000,"KAB. KUNINGAN",KRAMATMULYA,CILOWA
700642,533711170633,"PJU ** *********** *",-6.92885120000000,108.48635030000000,"KAB. KUNINGAN",KRAMATMULYA,KRAMATMULYA
700643,533711170596,"PJU ** ****** *",-6.93429600000000,108.49456060000000,"KAB. KUNINGAN",KRAMATMULYA,CIKASO
700644,533711170609,"PJU ** ********* *****",-6.89549500000000,108.49443350000000,"KAB. KUNINGAN",CILIMUS,BANDORASAWETAN
700645,533711020257,"PJU ***** *****",-6.81318374111110,108.50196571111000,"KAB. KUNINGAN",PANCALANG,DANALAMPAH
700646,533711170562,"PJU ** ****** **",-6.88625500000000,108.55010600000000,"KAB. KUNINGAN",CIGANDAMEKAR,KOREAK
700647,533711161956,"PJU ** ********",-6.87866860000000,108.50232880000000,"KAB. KUNINGAN",CIGANDAMEKAR,PANAWUAN
700648,533711236879,"PJU ****** *** *******",-6.87954060000000,108.57004170000000,"KAB. CIREBON",SEDONG,WINDUJAYA
700649,533711156152,"PJU ****** *** ********",-6.84331940000000,108.49314030000000,"KAB. KUNINGAN",PANCALANG,SILEBU
700650,533711161247,"PJU ** ************",-6.93177530000000,108.48555070000000,"KAB. KUNINGAN",KRAMATMULYA,KARANGMANGU
700651,533711300599,"PJU **** ****** **",-6.95380470000000,108.50350020000000,"KAB. KUNINGAN",KRAMATMULYA,GEREBA
700652,533710979898,"PJU **** **** *",-6.95460319500000,108.49747896200000,"KAB. KUNINGAN",KRAMATMULYA,GEREBA
700653,533711170712,"PJU ** ************* ***",-6.92990030000000,108.50828720000000,"KAB. KUNINGAN",JALAKSANA,SINDANGBARANG
700654,533711170539,"PJU ** ****** **",-6.93429600000000,108.49456060000000,"KAB. KUNINGAN",KRAMATMULYA,CIKASO
700655,533711170570,"PJU ** ****** *",-6.94162800000000,108.49581300000000,"KAB. KUNINGAN",KRAMATMULYA,CILOWA
700656,533711170658,"PJU ** ***********",-6.87796930000000,108.46754390000000,"KAB. KUNINGAN",CILIMUS,SETIANEGARA
700657,533711170761,"PJU ** ******",-6.94606310000000,108.50751420000000,"KAB. KUNINGAN",KRAMATMULYA,CILAJA
700658,533711170475,"PJU ** ***********",-6.87902900000000,108.49556590000000,"KAB. KUNINGAN",CILIMUS,SETIANEGARA
700659,533711170753,"PJU ** ***********",-6.93119600000000,108.48732680000000,"KAB. KUNINGAN",KRAMATMULYA,KRAMATMULYA
700660,533711288982,"PJU **** ***** ******",-6.84081150000000,108.51902760000000,"KAB. CIREBON",BEBER,SINDANGKASIH
700661,533711123913,"PJU ** ********** *",-6.90525660000000,108.50058950000000,"KAB. KUNINGAN",JAPARA,GARATENGAH
700662,533711123954,"PJU ** ***********",-6.88979360000000,108.49956570000000,"KAB. KUNINGAN",JAPARA,GARATENGAH
700663,533711124136,"PJU ** ********** ***** *",-6.80639883111110,108.50093961111000,"KAB. KUNINGAN",PANCALANG,SINDANGKEMPENG
700664,533711124007,"PJU ** ****** *",-6.81441540000000,108.45416400000000,"KAB. KUNINGAN",CILIMUS,LINGGASANA
700665,533711123921,"PJU ****** ********** *",-6.81696592111110,108.50374931111000,"KAB. KUNINGAN",PANCALANG,DANALAMPAH
700666,533711124151,"PJU ****** *********** *",-6.83984410000000,108.48602810000000,"KAB. KUNINGAN",MANDIRANCAN,PAKEMBANGAN
700667,533711124023,"PJU ** ****** *",-6.80170280000000,108.51047280000000,"KAB. KUNINGAN",PANCALANG,SAREWU
700668,533711124098,"PJU ** ********** *",-6.88566930000000,108.46975830000000,"KAB. KUNINGAN",CILIMUS,LINGGASANA
700669,533711124080,"PJU ** **************",-6.80472174111110,108.50143431111000,"KAB. KUNINGAN",PANCALANG,SAREWU
700670,533711197271,"PJU ****** *** *** * ***",-6.87776500000000,108.49626500000000,"KAB. CIREBON",BEBER,HALIMPU
700671,533711197263,"PJU ****** *** *** * ****",-6.78825748111110,108.51257231111000,"KAB. CIREBON",BEBER,BEBER
700672,533711222560,"PJU ****** * **********",-6.87770330000000,108.49638670000000,"KAB. KUNINGAN",CILIMUS,LINGGASANA
700673,533711281243,"RUM** ******* ******* * *",-6.85229340000000,108.49021450000000,"KAB. KUNINGAN",CILIMUS,SAMPORA
700674,533711257360,"PJU ****** **** ********",-6.95821500000000,108.51087500000000,"KAB. KUNINGAN",KRAMATMULYA,CILAJA
700675,533711119847,"PJU ****** *** ******** *",-6.93382600000000,108.47489600000000,"KAB. KUNINGAN",KRAMATMULYA,GANDASOLI
700676,533711123939,"PJU ****** ****** *",-6.81428730000000,108.45471860000000,"KAB. KUNINGAN",PASAWAHAN,PANIIS
700677,533711119854,"PJU ****** *** ********",-6.93723510000000,108.47160580000000,"KAB. KUNINGAN",KRAMATMULYA,GANDASOLI
700678,533711123970,"PJU ****** ********",-6.80696000000000,108.46149600000000,"KAB. KUNINGAN",MANDIRANCAN,SUKASARI
700679,533711291752,"LAM** ***** **** ********",-6.87761960000000,108.49620500000000,"KAB. KUNINGAN",PANCALANG,PATALAGAN
700680,533711287509,"PJU *****",-6.87763330000000,108.49618920000000,"KAB. KUNINGAN",CILIMUS,SAMPORA
700681,533711257352,"PJU ****** **** ********",-6.93339990000000,108.47262870000000,"KAB. KUNINGAN",KRAMATMULYA,GANDASOLI
700682,533711300602,"PJU **** ******",-6.95413540000000,108.50373510000000,"KAB. KUNINGAN",KRAMATMULYA,GEREBA
700683,533711258490,"PJU ****** **** ********",-6.79881570000000,108.47176600000000,"KAB. KUNINGAN",MANDIRANCAN,NANGGELA
700684,533711309135,"PJU ********",-6.83724330000000,108.53584670000000,"KAB. CIREBON",BEBER,CIKANCAS
700685,533711309296,"PJU ****** **** *******",-6.87781500000000,108.49647170000000,"KAB. CIREBON",BEBER,BEBER
700686,533711279815,"PJU ********",-6.80721960000000,108.54980520000000,"KAB. CIREBON",GREGED,NANGGELA
700687,533711258504,"PJU ****** **** ********",-6.78380620000000,108.44934700000000,"KAB. KUNINGAN",PASAWAHAN,CIMARA
700688,533711124206,"PJU ** ********** *",-6.88474340000000,108.47446090000000,"KAB. KUNINGAN",CILIMUS,LINGGASANA
700689,533711222586,"PJU ********** * * ******",-6.87764720000000,108.49620930000000,"KAB. KUNINGAN",CILIMUS,CIBEUREUM
700690,533711123905,"PJU ** ******* *",-6.90327630000000,108.52777760000000,"KAB. KUNINGAN",JAPARA,CITAPEN
700691,533711124185,"PJU ** ********** *",-6.89864440000000,108.49678650000000,"KAB. KUNINGAN",JAPARA,GARATENGAH
700692,533711124102,"PJU ****** ****** *",-6.81278460000000,108.44897790000000,"KAB. KUNINGAN",PASAWAHAN,PANIIS
700693,533711124193,"PJU ** *******",-6.87149350000000,108.49740260000000,"KAB. KUNINGAN",CILIMUS,LINGGASANA
700694,533711122617,"PJU ****** *** ********",-6.88573450000000,108.55040920000000,"KAB. KUNINGAN",CIGANDAMEKAR,KOREAK
700695,533711231687,"PJU ****** *** *******",-6.85001770000000,108.53074960000000,"KAB. CIREBON",BEBER,SINDANGHAYU
700696,533711258520,"PJU ****** **** ********",-6.79227440000000,108.48961650000000,"KAB. KUNINGAN",PANCALANG,TAJURBUNTU
700699,533711124128,"PJU ** **********",-6.88552670000000,108.47069700000000,"KAB. KUNINGAN",CILIMUS,LINGGASANA
700700,533711124177,"PJU ** *********** ******",-6.89187240000000,108.49979070000000,"KAB. KUNINGAN",CIGANDAMEKAR,SANGKANURIP
700701,533711122753,"PJU **** *********",-6.87932314400000,108.54853136200000,"KAB. CIREBON",SEDONG,WINDUHAJI
700702,533711123947,"PJU ** ******* *",-6.87770833300000,108.49639833300000,"KAB. KUNINGAN",CILIMUS,LINGGASANA
700703,533711243026,"PJU ****** *** *******",-6.87763000000000,108.49635330000000,"KAB. CIREBON",SUMBER,MATANGAJI
700704,533711246421,"PJU *** **** *** *******",-6.87771670000000,108.49623000000000,"KAB. KUNINGAN",JAPARA,CENGAL
700705,533711249237,"PJU *** **** *** *******",-6.93452840000000,108.45989230000000,"KAB. KUNINGAN",JALAKSANA,SUKAMUKTI
700706,533711251669,"PJU *** **** ** *******",-6.84281960000000,108.49293820000000,"KAB. KUNINGAN",PANCALANG,SILEBU
700707,533711249797,"PJU *** **** ** *******",-6.79370000000000,108.43408000000000,"KAB. KUNINGAN",PASAWAHAN,PADAMATANG
700708,533711247871,"PJU *** **** *** ******",-6.89240800000000,108.55397500000000,"KAB. KUNINGAN",CIGANDAMEKAR,JAMBUGEULIS
700709,533711247656,"PJU *** **** *** ******",-6.87340370000000,108.51039260000000,"KAB. KUNINGAN",CIGANDAMEKAR,INDAPATRA
700710,533711247927,"PJU *** **** ** *******",-6.89102670000000,108.48882000000000,"KAB. KUNINGAN",CILIMUS,BANDORASAWETAN
700711,533711247806,"PJU *** **** *** ******",-6.87863910000000,108.50508810000000,"KAB. KUNINGAN",CIGANDAMEKAR,PANAWUAN
700712,533711247992,"PJU *** **** *** ******",-6.90141410000000,108.55882970000000,"KAB. KUNINGAN",CIGANDAMEKAR,BUNIGEULIS
700713,533711247793,"PJU *** **** *** *******",-6.89467830000000,108.50278830000000,"KAB. KUNINGAN",CIGANDAMEKAR,SANGKANURIP
700714,533711247744,"PJU *** **** ** ******",-6.88840190000000,108.55238110000000,"KAB. KUNINGAN",CIGANDAMEKAR,JAMBUGEULIS
700715,533711247728,"PJU *** **** *******",-6.87863210000000,108.50167640000000,"KAB. KUNINGAN",CIGANDAMEKAR,PANAWUAN
700716,533711247121,"PJU ****** **** ********",-6.83074050000000,108.48248270000000,"KAB. KUNINGAN",MANDIRANCAN,NANGGERANGJAYA
700717,533711247607,"PJU *** **** *** ******",-6.88843010000000,108.55240370000000,"KAB. KUNINGAN",CIGANDAMEKAR,JAMBUGEULIS
700718,533711251914,"PJU *** **** *******",-6.87658140000000,108.48223770000000,"KAB. KUNINGAN",CILIMUS,LINGGAMEKAR
700719,533711250389,"PJU *** **** *******",-6.94953340000000,108.52132800000000,"KAB. KUNINGAN",KRAMATMULYA,WIDARASARI
700720,533711249842,"PJU *** **** *** ********",-6.81561170000000,108.44344700000000,"KAB. KUNINGAN",PASAWAHAN,PANIIS
700721,533711246518,"PJU *** **** ** *******",-6.87933830000000,108.49767500000000,"KAB. KUNINGAN",JAPARA,WANO
700722,533711246741,"PJU *** **** *** *******",-6.87774170000000,108.49622330000000,"KAB. KUNINGAN",JAPARA,CITAPEN
700723,533711250633,"PJU *** **** *** *******",-6.93506170000000,108.47612000000000,"KAB. KUNINGAN",KRAMATMULYA,CIBENTANG
700724,533711251651,"PJU *** **** ** *******",-6.88568510000000,108.49380900000000,"KAB. KUNINGAN",CILIMUS,BANDORASAWETAN
700725,533711251906,"PJU *** **** *******",-6.88487300000000,108.47330690000000,"KAB. KUNINGAN",CILIMUS,LINGGASANA
700726,533711251602,"PJU *** **** *** ********",-6.80657500000000,108.47717670000000,"KAB. KUNINGAN",PANCALANG,RAJAWETAN
700727,533711247217,"PJU ****** **** ********",-6.80714090000000,108.46564540000000,"KAB. KUNINGAN",MANDIRANCAN,SUKASARI
700728,533711248704,"PJU *** **** *** *******",-6.93139670000000,108.51685830000000,"KAB. KUNINGAN",JALAKSANA,NANGGERANG
700729,533711249211,"PJU ******* ****** ******",-6.88138890000000,108.47468480000000,"KAB. KUNINGAN",CILIMUS,LINGGAJATI
700730,533711252007,"PJU *** **** *******",-6.88806100000000,108.48386890000000,"KAB. KUNINGAN",CILIMUS,BANDORASAKULON
700731,533711249921,"PJU *** **** *******",-6.79620940000000,108.44499310000000,"KAB. KUNINGAN",PASAWAHAN,CIDAHU
700732,533711251118,"PJU *** **** ** *******",-6.95825180000000,108.51043160000000,"KAB. KUNINGAN",CILIMUS,LINGGASANA
700733,533711249278,"PJU *** **** *** *******",-6.91646110000000,108.49201290000000,"KAB. KUNINGAN",JALAKSANA,PADAMENAK
700734,533711249095,"PJU *** **** *** *******",-6.89902700000000,108.47470420000000,"KAB. KUNINGAN",JALAKSANA,PEUSING
700735,533711247751,"PJU *** **** *** ******",-6.89756300000000,108.55538680000000,"KAB. KUNINGAN",CIGANDAMEKAR,JAMBUGEULIS
700736,533711247552,"PJU *** **** *******",-6.89680230000000,108.50882190000000,"KAB. KUNINGAN",CIGANDAMEKAR,SANGKANMULYA
700737,533711247702,"PJU *** **** ** *******",-6.89319110000000,108.48504530000000,"KAB. KUNINGAN",CILIMUS,BANDORASAKULON
700738,533711247139,"PJU ****** **** ********",-6.80681250000000,108.46190750000000,"KAB. KUNINGAN",MANDIRANCAN,SUKASARI
700739,533711248641,"PJU *** **** *** *******",-6.92409230000000,108.47795310000000,"KAB. KUNINGAN",JALAKSANA,BABAKANMULYA
700740,533711246612,"PJU *** **** ******",-6.87778330000000,108.49631830000000,"KAB. KUNINGAN",JAPARA,RAJADANU
700741,533711247170,"PJU ****** **** ********",-6.81071990000000,108.45195410000000,"KAB. KUNINGAN",PASAWAHAN,PANIIS
700742,533711246447,"PJU *** **** *** *******",-6.87774500000000,108.49630830000000,"KAB. KUNINGAN",JAPARA,GARATENGAH
700743,533711251599,"PJU *** **** ** *******",-6.80495000000000,108.48604170000000,"KAB. KUNINGAN",PANCALANG,MEKARJAYA
700744,533711249913,"PJU *** **** *******",-6.79599830000000,108.44019330000000,"KAB. KUNINGAN",PASAWAHAN,CIWIRU
700745,533711249038,"PJU *** **** *** *******",-6.91501740000000,108.48045190000000,"KAB. KUNINGAN",JALAKSANA,SADAMANTRA
700746,533711246496,"PJU *** **** *** *******",-6.87775830000000,108.49639000000000,"KAB. KUNINGAN",JAPARA,DUKUHDALEM
700747,533711246542,"PJU *** **** *** *******",-6.87743000000000,108.49639330000000,"KAB. KUNINGAN",JAPARA,KALIMATI
700748,533711241907,"BAN**** ****",-6.87768830000000,108.49631500000000,"KAB. CIREBON",GREGED,KAMARANG
700749,533711246575,"PJU *** **** ** *******",-6.87765830000000,108.49646000000000,"KAB. KUNINGAN",JAPARA,JAPARA
700750,533711250554,"PJU *** **** ** *******",-6.94593360000000,108.49173780000000,"KAB. KUNINGAN",KRAMATMULYA,CILOWA
700751,533711250426,"PJU *** **** *** *******",-6.93517950000000,108.47605390000000,"KAB. KUNINGAN",KRAMATMULYA,PAJAMBON
700752,533711251167,"PJU *** **** ** *******",-6.88479380000000,108.47680580000000,"KAB. KUNINGAN",CILIMUS,LINGGASANA
700753,533711251876,"PJU *** **** *******",-6.85353280000000,108.47686760000000,"KAB. KUNINGAN",CILIMUS,CIBEUREUM
700754,533711250459,"PJU *** **** *******",-6.95150320000000,108.50452210000000,"KAB. KUNINGAN",KRAMATMULYA,GEREBA
700755,533711251557,"PJU *** **** ** *******",-6.81512337111110,108.50256861111000,"KAB. KUNINGAN",PANCALANG,DANALAMPAH
700756,533711247649,"PJU *** **** *** ******",-6.88195220000000,108.55294160000000,"KAB. KUNINGAN",CIGANDAMEKAR,KOREAK
700757,533711249954,"PJU *** **** *******",-6.79646900000000,108.42527970000000,"KAB. KUNINGAN",PASAWAHAN,KADUELA
700758,533711251100,"PJU *** **** *** *******",-6.86677510000000,108.48344840000000,"KAB. KUNINGAN",CILIMUS,KALIAREN
700759,533711247545,"PJU *** **** ** ******",-6.87914880000000,108.53432590000000,"KAB. KUNINGAN",CIGANDAMEKAR,BABAKANJATI
700760,533711249332,"PJU *** **** *** *******",-6.90548300000000,108.46313460000000,"KAB. KUNINGAN",JALAKSANA,SAYANA
700761,533711248547,"PJU *** **** *******",-6.93132150000000,108.51676010000000,"KAB. KUNINGAN",JALAKSANA,NANGGERANG
700762,533711250314,"PJU *** **** *** *******",-6.92520000000000,108.49758280000000,"KAB. KUNINGAN",KRAMATMULYA,KARANGMANGU
700763,533711251411,"PJU *** **** ** *******",-6.87452080000000,108.48754910000000,"KAB. KUNINGAN",CILIMUS,BOJONG
700764,533711251850,"PJU *** **** *******",-6.82747820000000,108.49569170000000,"KAB. KUNINGAN",PANCALANG,SUMBAKELING
700765,533711251892,"PJU *** **** *******",-6.80972950000000,108.49961310000000,"KAB. KUNINGAN",PANCALANG,SINDANGKEMPENG
700766,533711250292,"PJU *** **** *** *******",-6.95141210000000,108.52075850000000,"KAB. KUNINGAN",KRAMATMULYA,CIKUBANGSARI
700767,533711246583,"PJU *** **** ** *******",-6.87770340000000,108.49632180000000,"KAB. KUNINGAN",JAPARA,KALIMATI
700768,533711248753,"PJU *** **** *** *******",-6.90473520000000,108.48674140000000,"KAB. KUNINGAN",JALAKSANA,MANISLOR
700769,533711246500,"PJU *** **** *******",-6.87776500000000,108.49640830000000,"KAB. KUNINGAN",JAPARA,WANO
700770,533711249117,"PJU *** **** *** *******",-6.91425180000000,108.47674810000000,"KAB. KUNINGAN",JALAKSANA,SADAMANTRA
700771,533711247769,"PJU *** **** ** ******",-6.87761330000000,108.49617150000000,"KAB. KUNINGAN",CIGANDAMEKAR,KOREAK
700772,533711246454,"PJU *** **** *** *******",-6.87771670000000,108.49623000000000,"KAB. KUNINGAN",JAPARA,CENGAL
700773,533711251054,"PJU *** **** *** *******",-6.82226170000000,108.49163720000000,"KAB. KUNINGAN",PANCALANG,PANCALANG
700774,533711250513,"PJU *** **** ** *******",-6.93291000000000,108.47963330000000,"KAB. KUNINGAN",KRAMATMULYA,KALAPAGUNUNG
700775,533711249020,"PJU *** **** *** *******",-6.90094500000000,108.47183670000000,"KAB. KUNINGAN",JALAKSANA,PEUSING
700776,533711249676,"PJU *** **** *******",-6.81455970000000,108.43983800000000,"KAB. KUNINGAN",PASAWAHAN,SINGKUP
700777,533711247623,"PJU *** **** *** ******",-6.90591220000000,108.55970180000000,"KAB. KUNINGAN",CIGANDAMEKAR,BUNIGEULIS
700778,533711247736,"PJU *** **** *** ******",-6.89796130000000,108.55612240000000,"KAB. KUNINGAN",CIGANDAMEKAR,JAMBUGEULIS
700779,533711251253,"PJU *** **** *** *******",-6.87516330000000,108.48708670000000,"KAB. KUNINGAN",CILIMUS,LINGGAMEKAR
700780,533711247162,"PJU ****** **** ********",-6.81206750000000,108.45165720000000,"KAB. KUNINGAN",PASAWAHAN,PANIIS
700781,533711249324,"PJU *** **** *** *******",-6.91677500000000,108.47750330000000,"KAB. KUNINGAN",JALAKSANA,SADAMANTRA
700782,533711246413,"PJU *** **** *** *******",-6.87771500000000,108.49639330000000,"KAB. KUNINGAN",JAPARA,CENGAL
700783,533711247672,"PJU *** **** *** ******",-6.89501660000000,108.50347760000000,"KAB. KUNINGAN",CIGANDAMEKAR,SANGKANMULYA
700784,533711249087,"PJU *** **** *** *******",-6.92344170000000,108.48248330000000,"KAB. KUNINGAN",JALAKSANA,JALAKSANA
700785,533711248674,"PJU *** **** *** *******",-6.90459620000000,108.48583880000000,"KAB. KUNINGAN",JALAKSANA,MANISLOR
700786,533711249166,"PJU *** **** *** *******",-6.89519990000000,108.47506710000000,"KAB. KUNINGAN",JALAKSANA,PEUSING
700787,533711249399,"PJU ******* ****** ******",-6.81615840000000,108.44455110000000,"KAB. KUNINGAN",PASAWAHAN,PANIIS
700788,533711252803,"PJU *** ******** **",-6.92780020000000,108.46439260000000,"KAB. KUNINGAN",JALAKSANA,SIDAMULYA
700789,533711250418,"PJU *** **** ** *******",-6.95160160000000,108.50183890000000,"KAB. KUNINGAN",KRAMATMULYA,GEREBA
700790,533711250483,"PJU *** **** *******",-6.94095670000000,108.47006160000000,"KAB. KUNINGAN",KRAMATMULYA,RAGAWACANA
700791,533711250609,"PJU *** **** *******",-6.92806070000000,108.50009130000000,"KAB. KUNINGAN",KRAMATMULYA,KARANGMANGU
700792,533711250434,"PJU *** **** *******",-6.93100000000000,108.49275830000000,"KAB. KUNINGAN",KRAMATMULYA,KRAMATMULYA
700793,533711251220,"PJU *** **** *** *******",-6.86268610000000,108.48458430000000,"KAB. KUNINGAN",CILIMUS,KALIAREN
700794,533711247631,"PJU *** **** *** *******",-6.88035640000000,108.51080760000000,"KAB. KUNINGAN",CIGANDAMEKAR,TIMBANG
700795,533711249867,"PJU *** **** ** *******",-6.79810430000000,108.42888670000000,"KAB. KUNINGAN",PASAWAHAN,PASAWAHAN
700796,533711249859,"PJU *** **** *** ********",-6.83335220000000,108.44039010000000,"KAB. KUNINGAN",PASAWAHAN,CIBUNTU
700797,533711246470,"PJU *** **** *** *******",-6.87767480000000,108.49642850000000,"KAB. KUNINGAN",JAPARA,WANO
700798,533711251021,"PJU *** **** *** *******",-6.82121320000000,108.47789140000000,"KAB. KUNINGAN",PANCALANG,TAJURBUNTU
700799,533711252049,"PJU *** **** *******",-6.88681530000000,108.49050160000000,"KAB. KUNINGAN",CILIMUS,BANDORASAWETAN
700800,533711251685,"PJU *** **** *** ********",-6.81294870000000,108.50148100000000,"KAB. KUNINGAN",PANCALANG,DANALAMPAH
700801,533711248761,"PJU *** **** ** *******",-6.92742000000000,108.46273310000000,"KAB. KUNINGAN",JALAKSANA,SIDAMULYA
700802,533711248795,"PJU *** **** *******",-6.90101360000000,108.47323000000000,"KAB. KUNINGAN",JALAKSANA,PEUSING
700803,533711247196,"PJU ****** **** ********",-6.79382690000000,108.43143340000000,"KAB. KUNINGAN",PASAWAHAN,PADAMATANG
700804,533711251540,"PJU *** **** *** ********",-6.85082130000000,108.48979640000000,"KAB. KUNINGAN",PANCALANG,SILEBU
700805,533711251175,"PJU *** **** ** *******",-6.87677770000000,108.48168020000000,"KAB. KUNINGAN",CILIMUS,LINGGAMEKAR
700806,533711250547,"PJU *** **** *******",-6.93613410000000,108.47567950000000,"KAB. KUNINGAN",KRAMATMULYA,CIBENTANG
700807,533711249053,"PJU *** **** *** *******",-6.89697030000000,108.47033240000000,"KAB. KUNINGAN",JALAKSANA,PEUSING
700808,533711247863,"PJU *** **** *** ******",-6.88170520000000,108.52603600000000,"KAB. KUNINGAN",CIGANDAMEKAR,BABAKANJATI
700809,533711243848,"PJU *** **** *******",-6.87775330000000,108.49623330000000,"KAB. KUNINGAN",CIGANDAMEKAR,SANGKANMULYA
700810,533711246534,"PJU *** **** *** *******",-6.87778330000000,108.49631830000000,"KAB. KUNINGAN",JAPARA,RAJADANU
700811,533711249357,"PJU ******* ****** ******",-6.89900170000000,108.46627330000000,"KAB. KUNINGAN",JALAKSANA,PEUSING
700812,533711251930,"PJU *** **** *******",-6.80349170000000,108.48395000000000,"KAB. KUNINGAN",PANCALANG,MEKARJAYA
700813,533711251287,"PJU *** **** *** *******",-6.89396000000000,108.47731170000000,"KAB. KUNINGAN",CILIMUS,BANDORASAKULON
700814,533711250400,"PJU *** **** *******",-6.93844720000000,108.45708810000000,"KAB. KUNINGAN",KRAMATMULYA,PAJAMBON
700815,533711252790,"PJU *** ******** **",-6.93704940000000,108.47763490000000,"KAB. KUNINGAN",JALAKSANA,PADAMENAK
700816,533711252894,"PJU *** ******** **",-6.80472220000000,108.45998120000000,"KAB. KUNINGAN",MANDIRANCAN,CIREA
700817,533711249141,"PJU *** **** *** *******",-6.91439230000000,108.48009030000000,"KAB. KUNINGAN",JALAKSANA,SADAMANTRA
700818,533711249875,"PJU *** **** *** ********",-6.79447530000000,108.44914810000000,"KAB. KUNINGAN",PASAWAHAN,CIDAHU
700819,533711250306,"PJU *** **** *** *******",-6.95109670000000,108.52076300000000,"KAB. KUNINGAN",KRAMATMULYA,WIDARASARI
700820,533711248562,"PJU *** **** *** *******",-6.93135500000000,108.51684670000000,"KAB. KUNINGAN",JALAKSANA,NANGGERANG
700821,533711251096,"PJU *** **** *** *******",-6.86816730000000,108.48293350000000,"KAB. KUNINGAN",CILIMUS,LINGGAINDAH
700822,533711249706,"PJU *** **** *******",-6.80473540000000,108.42721490000000,"KAB. KUNINGAN",PASAWAHAN,PASAWAHAN
700823,533711251382,"PJU *** **** ** *******",-6.81767690000000,108.47924650000000,"KAB. KUNINGAN",PANCALANG,TAJURBUNTU
700824,533711250235,"PJU *** **** *** *******",-6.94674490000000,108.50569640000000,"KAB. KUNINGAN",KRAMATMULYA,CILAJA
700825,533711250570,"PJU *** **** *** *******",-6.94552120000000,108.50086480000000,"KAB. KUNINGAN",KRAMATMULYA,BOJONG
700826,533711250475,"PJU *** **** *******",-6.94610340000000,108.50730020000000,"KAB. KUNINGAN",KRAMATMULYA,CILAJA
700827,533711249755,"PJU *** **** *******",-6.80581620000000,108.40057900000000,"KAB. KUNINGAN",PASAWAHAN,PADABEUNGHAR
700828,533711249771,"PJU *** **** *** ********",-6.78787030000000,108.43213650000000,"KAB. KUNINGAN",PASAWAHAN,PADAMATANG
700829,533711250284,"PJU *** **** *** *******",-6.94060560000000,108.50540320000000,"KAB. KUNINGAN",KRAMATMULYA,CIKASO
700830,533711249714,"PJU *** **** ** *******",-6.83222330000000,108.44137330000000,"KAB. KUNINGAN",PASAWAHAN,CIBUNTU
700831,533711251628,"PJU *** **** *** ********",-6.84075600000000,108.49088070000000,"KAB. KUNINGAN",PANCALANG,KAHIYANGAN
700832,533711170682,"PJU ** **********",-6.90636020000000,108.48205100000000,"KAB. KUNINGAN",JALAKSANA,MANISKIDUL
700833,533710912267,"WAR**** ***** ***** ***",-6.86698333300000,108.49810000000000,"KAB. KUNINGAN",CILIMUS,CILIMUS
700834,533711243656,"PJU *** **** ******",-6.87768000000000,108.49634500000000,"KAB. KUNINGAN",CIGANDAMEKAR,SANGKANMULYA
700835,533711243785,"PJU *** **** *******",-6.87773670000000,108.49633830000000,"KAB. KUNINGAN",CILIMUS,CARACAS
700836,533711243976,"PJU *** **** *******",-6.87775000000000,108.49633170000000,"KAB. KUNINGAN",CIGANDAMEKAR,PANAWUAN
700837,533711243680,"PJU *** **** *******",-6.87768000000000,108.49634500000000,"KAB. KUNINGAN",CIGANDAMEKAR,SANGKANMULYA
700838,533711243702,"PJU *** **** *******",-6.87768000000000,108.49634500000000,"KAB. KUNINGAN",CIGANDAMEKAR,SANGKANMULYA
700839,533711243943,"PJU *** **** *******",-6.87775000000000,108.49633170000000,"KAB. KUNINGAN",CIGANDAMEKAR,PANAWUAN
700840,533711243465,"PJU *** **** *******",-6.87769000000000,108.49642000000000,"KAB. KUNINGAN",CILIMUS,CILIMUS
700841,533711243822,"PJU *** **** ** *******",-6.87775000000000,108.49633170000000,"KAB. KUNINGAN",CIGANDAMEKAR,BABAKANJATI
700842,533711247968,"PJU *** **** ** ******",-6.87996630000000,108.51007740000000,"KAB. KUNINGAN",CIGANDAMEKAR,TIMBANG
700843,533711248994,"PJU *** **** *** *******",-6.92297430000000,108.47640110000000,"KAB. KUNINGAN",JALAKSANA,BABAKANMULYA
700844,533711248625,"PJU *** **** *******",-6.92780170000000,108.48883670000000,"KAB. KUNINGAN",JALAKSANA,JALAKSANA
700845,533711248865,"PJU *** **** ** *******",-6.93276880000000,108.46006140000000,"KAB. KUNINGAN",JALAKSANA,SUKAMUKTI
700846,533711250505,"PJU *** **** *******",-6.93778000000000,108.46553170000000,"KAB. KUNINGAN",KRAMATMULYA,GANDASOLI
700847,533711249229,"PJU ******* ****** ******",-6.79734640000000,108.42322020000000,"KAB. KUNINGAN",PASAWAHAN,KADUELA
700848,533711247113,"PJU ****** **** ********",-6.79512300000000,108.44746560000000,"KAB. KUNINGAN",PASAWAHAN,CIDAHU
700849,533711247919,"PJU *** **** *** ******",-6.90461250000000,108.56003880000000,"KAB. KUNINGAN",CIGANDAMEKAR,BUNIGEULIS
700850,533711247935,"PJU *** **** *******",-6.87249860000000,108.51186610000000,"KAB. KUNINGAN",CIGANDAMEKAR,INDAPATRA
700851,533711247950,"PJU *** **** *** ******",-6.89668080000000,108.55659960000000,"KAB. KUNINGAN",CIGANDAMEKAR,JAMBUGEULIS
700852,533711247848,"PJU *** **** *** *******",-6.88482870000000,108.51911440000000,"KAB. KUNINGAN",CIGANDAMEKAR,TIMBANG
700853,533711247233,"PJU ****** **** ********",-6.83036930000000,108.48307860000000,"KAB. KUNINGAN",MANDIRANCAN,NANGGERANGJAYA
700854,533711251341,"PJU *** **** *** *******",-6.85451580000000,108.47832600000000,"KAB. KUNINGAN",CILIMUS,CIBEUREUM
700855,533711250243,"PJU *** **** *** *******",-6.93785830000000,108.46875000000000,"KAB. KUNINGAN",KRAMATMULYA,GANDASOLI
700856,533711251508,"PJU *** **** *** ********",-6.81897020000000,108.47912250000000,"KAB. KUNINGAN",PANCALANG,TAJURBUNTU
700857,533711246439,"PJU *** **** *** *******",-6.87759330000000,108.49636830000000,"KAB. KUNINGAN",JAPARA,KALIMATI
700858,533711249818,"PJU *** **** *** ********",-6.81048170000000,108.43545000000000,"KAB. KUNINGAN",PASAWAHAN,SINGKUP
700859,533711247225,"PJU ****** **** ********",-6.81689710000000,108.44309190000000,"KAB. KUNINGAN",PASAWAHAN,SINGKUP
700860,533711252102,"PJU *** **** *******",-6.84101330000000,108.49249990000000,"KAB. KUNINGAN",PANCALANG,SILEBU
700861,533711250442,"PJU *** **** *******",-6.94522940000000,108.49415110000000,"KAB. KUNINGAN",KRAMATMULYA,CILOWA
700862,533711252072,"PJU *** **** *******",-6.81043390000000,108.47905060000000,"KAB. KUNINGAN",PANCALANG,RAJAWETAN
700863,533711251922,"PJU *** **** *******",-6.79847812111110,108.51073981111000,"KAB. KUNINGAN",PANCALANG,SAREWU
700864,533711250539,"PJU *** **** *** *******",-6.93661830000000,108.48690170000000,"KAB. KUNINGAN",KRAMATMULYA,KALAPAGUNUNG
700865,533711243769,"PJU *** **** *******",-6.87768000000000,108.49633670000000,"KAB. KUNINGAN",KRAMATMULYA,KARANGMANGU
700866,533711243901,"PJU *** **** *******",-6.87768000000000,108.49634500000000,"KAB. KUNINGAN",CIGANDAMEKAR,SANGKANURIP
700867,533711243499,"PJU *** **** *******",-6.87771330000000,108.49629330000000,"KAB. KUNINGAN",CILIMUS,CILIMUS
700868,533711243594,"PJU *** **** *******",-6.87766670000000,108.49632320000000,"KAB. KUNINGAN",CILIMUS,CARACAS
700869,533711243871,"PJU *** **** *******",-6.87764690000000,108.49570810000000,"KAB. KUNINGAN",KRAMATMULYA,CIKUBANGSARI
700870,533711243897,"PJU *** **** *******",-6.87768000000000,108.49634500000000,"KAB. KUNINGAN",CIGANDAMEKAR,SANGKANURIP
700871,533711247042,"PJU ****** **** ********",-6.80411750000000,108.47116970000000,"KAB. KUNINGAN",MANDIRANCAN,NANGGELA
700872,533711248881,"PJU *** **** *******",-6.93133190000000,108.51685930000000,"KAB. KUNINGAN",JALAKSANA,SINDANGBARANG
700873,533711249308,"PJU *** **** *** *******",-6.89753830000000,108.47471500000000,"KAB. KUNINGAN",JALAKSANA,PEUSING
700874,533711249947,"PJU *** **** *** ********",-6.79381100000000,108.45062470000000,"KAB. KUNINGAN",PASAWAHAN,CIMARA
700875,533711247785,"PJU *** **** ** ******",-6.89961200000000,108.55870450000000,"KAB. KUNINGAN",CIGANDAMEKAR,JAMBUGEULIS
700876,533711247984,"PJU *** **** ** ******",-6.88636360000000,108.52035230000000,"KAB. KUNINGAN",CIGANDAMEKAR,KARANGMUNCANG
700877,533711247814,"PJU *** **** ** ******",-6.89231960000000,108.50389400000000,"KAB. KUNINGAN",CIGANDAMEKAR,SANGKANURIP
700878,533711247594,"PJU *** **** *** *******",-6.88824390000000,108.49998990000000,"KAB. KUNINGAN",CIGANDAMEKAR,SANGKANURIP
700879,533711247615,"PJU *** **** *** *******",-6.89398450000000,108.50178280000000,"KAB. KUNINGAN",CIGANDAMEKAR,SANGKANURIP
700880,533711247586,"PJU *** **** *******",-6.88123900000000,108.51554520000000,"KAB. KUNINGAN",CIGANDAMEKAR,TIMBANG
700881,533711247822,"PJU *** **** *******",-6.88926140000000,108.52114780000000,"KAB. KUNINGAN",CIGANDAMEKAR,KARANGMUNCANG
700882,533711247889,"PJU *** **** *******",-6.90093680000000,108.56016790000000,"KAB. KUNINGAN",CIGANDAMEKAR,BUNIGEULIS
700883,533711247083,"PJU ****** **** ********",-6.81530980000000,108.44126350000000,"KAB. KUNINGAN",PANCALANG,MEKARJAYA
700884,533711247209,"PJU ****** **** ********",-6.79678500000000,108.44736000000000,"KAB. KUNINGAN",PASAWAHAN,CIDAHU
700885,533711248808,"PJU *** **** *******",-6.90692170000000,108.47608030000000,"KAB. KUNINGAN",JALAKSANA,SEMBAWA
700886,533711248746,"PJU *** **** *** *******",-6.90137030000000,108.46419720000000,"KAB. KUNINGAN",JALAKSANA,SAYANA
700887,533711249684,"PJU *** **** *******",-6.81255330000000,108.44845830000000,"KAB. KUNINGAN",PASAWAHAN,PANIIS
700888,533711243607,"PJU *** **** *******",-6.87771500000000,108.49628000000000,"KAB. KUNINGAN",CILIMUS,CARACAS
700889,533711249789,"PJU *** **** *** ********",-6.79742100000000,108.42799020000000,"KAB. KUNINGAN",PASAWAHAN,KADUELA
700890,533711251452,"PJU *** **** ** *******",-6.82112310000000,108.48797060000000,"KAB. KUNINGAN",PANCALANG,PANCALANG
700891,533711249079,"PJU *** **** *** *******",-6.92390830000000,108.47143500000000,"KAB. KUNINGAN",JALAKSANA,BABAKANMULYA
700892,533711249883,"PJU *** **** ** *******",-6.80655360000000,108.46019040000000,"KAB. KUNINGAN",PASAWAHAN,PANIIS
700894,533710893526,"PJU **************",-6.89420210000000,108.55607260000000,"KAB. KUNINGAN",CIGANDAMEKAR,JAMBUGEULIS
700895,533711020240,"PJU ***** ******",-6.81684466111110,108.50296511111000,"KAB. KUNINGAN",PANCALANG,DANALAMPAH
700896,533710893924,"PJU ********** *****",-6.88600000000000,108.56043333300000,"KAB. KUNINGAN",CIGANDAMEKAR,JAMBUGEULIS
700897,533710973916,"PJU ******* ******** ****",-6.85788333300000,108.50130000000000,"KAB. KUNINGAN",CILIMUS,CARACAS
700898,533711170513,"PJU ** ********",-6.87880800000000,108.50088700000000,"KAB. KUNINGAN",CIGANDAMEKAR,PANAWUAN
700899,533710893534,"PJU ******* ******",-6.90086730000000,108.56058130000000,"KAB. KUNINGAN",CIGANDAMEKAR,BUNIGEULIS
700900,533710893542,"PJU **************",-6.87815450000000,108.53118120000000,"KAB. KUNINGAN",CIGANDAMEKAR,TIMBANG
700901,533710893559,"PJU **********",-6.86317840000000,108.51904630000000,"KAB. KUNINGAN",CIGANDAMEKAR,CIBUNTU
700902,533710893567,"PJU ******** *****",-6.91938333300000,108.56048333300000,"KAB. KUNINGAN",JAPARA,CIKELENG
700903,533710893575,"PJU *** **********",-6.91394280000000,108.48268930000000,"KAB. KUNINGAN",JALAKSANA,SEMBAWA
700905,533710893591,"PJU *********",-6.89513430000000,108.51576800000000,"KAB. KUNINGAN",CIGANDAMEKAR,KARANGMUNCANG
700906,533710893604,"PJU ****** ******** *****",-6.90106220000000,108.51644920000000,"KAB. KUNINGAN",JAPARA,JAPARA
700907,533710893612,"PJU ** ********",-6.91438430000000,108.55883680000000,"KAB. KUNINGAN",JAPARA,CIKELENG
700908,533710893620,"PJU ******** *****",-6.92738090000000,108.52165130000000,"KAB. KUNINGAN",JAPARA,DUKUHDALEM
700909,533710893638,"PJU *********",-6.91765620000000,108.55132360000000,"KAB. KUNINGAN",JAPARA,CENGAL
700910,533710893646,"PJU ***************",-6.91138170000000,108.46141450000000,"KAB. KUNINGAN",JALAKSANA,SANGKANERANG
700911,533710893837,"PJU ************ *****",-6.83393120000000,108.48112940000000,"KAB. KUNINGAN",MANDIRANCAN,RANDOBAWAILIR
700912,533710901304,"PJU ******* ******",-6.85606416107980,108.49336970328000,"KAB. KUNINGAN",CILIMUS,SAMPORA
700913,533710893845,"PJU ************ ****",-6.81937260000000,108.46710930000000,"KAB. KUNINGAN",MANDIRANCAN,NANGGERANGJAYA
700914,533710893852,"PJU ****************",-6.82938020000000,108.47153260000000,"KAB. CIREBON",SUMBER,MATANGAJI
700915,533710893860,"PJU ************",-6.93300750000000,108.46005070000000,"KAB. KUNINGAN",JALAKSANA,SUKAMUKTI
700916,533710893878,"PJU **********",-6.90695000000000,108.47648660000000,"KAB. KUNINGAN",JALAKSANA,SEMBAWA
700917,533710893886,"PJU ***** *****",-6.91936666666660,108.56046666667000,"KAB. KUNINGAN",JAPARA,CIKELENG
700918,533710893894,"PJU ****************",-6.91138170000000,108.46141450000000,"KAB. KUNINGAN",JALAKSANA,SANGKANERANG
700919,533710893908,"PJU *********",-6.91631666666660,108.49271666667000,"KAB. KUNINGAN",JALAKSANA,CINIRU
700920,533710893916,"PJU ****************",-6.92978130000000,108.51125520000000,"KAB. KUNINGAN",JAPARA,DUKUHDALEM
700921,533710964794,"KAM*** **** ****** *****",-6.84910340000000,108.50788480000000,"KAB. KUNINGAN",CILIMUS,SAMPORA
700922,533710894083,"PJU ***************",-6.80145580000000,108.40118220000000,"KAB. KUNINGAN",PASAWAHAN,PADABEUNGHAR
700923,533710894091,"PJU ****** *********",-6.79795420000000,108.42853190000000,"KAB. KUNINGAN",PASAWAHAN,PASAWAHAN
700926,533710894121,"PJU *********",-6.79920000000000,108.51045000000000,"KAB. KUNINGAN",PANCALANG,SAREWU
700927,533710894139,"PJU ******** ******",-6.82472490000000,108.49602230000000,"KAB. KUNINGAN",PANCALANG,SUMBAKELING
700929,533711246604,"PJU *** **** ******",-6.87774500000000,108.49630830000000,"KAB. KUNINGAN",JAPARA,DUKUHDALEM
700930,533711246717,"PJU *** **** *** *******",-6.87768670000000,108.49644830000000,"KAB. KUNINGAN",JAPARA,CENGAL
700931,533711246687,"PJU *** **** *** *******",-6.87774000000000,108.49624330000000,"KAB. KUNINGAN",JAPARA,JAPARA
700932,533711251460,"PJU *** **** *** ********",-6.81178781111110,108.49856541111000,"KAB. KUNINGAN",PANCALANG,SINDANGKEMPENG
700933,533711246758,"PJU *** **** ** *******",-6.87771670000000,108.49632170000000,"KAB. KUNINGAN",JAPARA,JAPARA
700934,533711251134,"PJU *** **** *** *******",-6.86741150000000,108.48257340000000,"KAB. KUNINGAN",CILIMUS,LINGGAINDAH
700935,533711252110,"PJU *** **** *******",-6.86903220000000,108.48118740000000,"KAB. KUNINGAN",CILIMUS,LINGGAINDAH
700936,533711249373,"PJU *** **** *** *******",-6.91701830000000,108.47767000000000,"KAB. KUNINGAN",JALAKSANA,BABAKANMULYA
700937,533711241931,"BAN**** ****",-6.87768830000000,108.49631500000000,"KAB. CIREBON",BEBER,CIAWIGAJAH
700938,533711251358,"PJU *** **** ** *******",-6.87677810000000,108.49932550000000,"KAB. KUNINGAN",CILIMUS,CILIMUS
700939,533711251532,"PJU *** **** *** *******",-6.80628450000000,108.46746250000000,"KAB. KUNINGAN",MANDIRANCAN,NANGGELA
700940,533711251756,"PJU *** **** *******",-6.79994120000000,108.47440960000000,"KAB. KUNINGAN",MANDIRANCAN,NANGGELA
700941,533711251835,"PJU *** **** *******",-6.83587850000000,108.48150640000000,"KAB. KUNINGAN",MANDIRANCAN,RANDOBAWAILIR
700942,533711252811,"PJU *** ******** **",-6.92894380000000,108.46668590000000,"KAB. KUNINGAN",JALAKSANA,SIDAMULYA
700943,533711249891,"PJU *** **** *******",-6.79437500000000,108.45212500000000,"KAB. KUNINGAN",PASAWAHAN,CIMARA
700944,533711248617,"PJU *** **** *******",-6.93276880000000,108.46006140000000,"KAB. KUNINGAN",JALAKSANA,SUKAMUKTI
700945,533711246709,"PJU *** **** *** *******",-6.87765330000000,108.49631830000000,"KAB. KUNINGAN",JAPARA,CIKELENG
700946,533711251971,"PJU *** **** *******",-6.83262330000000,108.50219330000000,"KAB. KUNINGAN",PANCALANG,PATALAGAN
700947,533711246559,"PJU *** **** ******",-6.87766170000000,108.49630170000000,"KAB. KUNINGAN",JAPARA,GARATENGAH
700948,533711243814,"PJU *** **** *** ******",-6.87765670000000,108.49637830000000,"KAB. KUNINGAN",PANCALANG,SAREWU
700949,533711243552,"PJU *** **** *******",-6.87812890000000,108.49679700000000,"KAB. KUNINGAN",CILIMUS,CARACAS
700950,533711243560,"PJU *** **** *******",-6.87765830000000,108.49635000000000,"KAB. KUNINGAN",CILIMUS,CARACAS
700951,533711243968,"PJU *** **** *******",-6.87764330000000,108.49630000000000,"KAB. KUNINGAN",CIGANDAMEKAR,PANAWUAN
700952,533711243935,"PJU *** **** ******",-6.87752830000000,108.49637760000000,"KAB. KUNINGAN",KRAMATMULYA,BOJONG
700953,533711251798,"PJU *** **** *******",-6.84349970000000,108.48075260000000,"KAB. KUNINGAN",MANDIRANCAN,SALAKADOMAS
700954,533711251772,"PJU *** **** *******",-6.83412090000000,108.45564860000000,"KAB. KUNINGAN",MANDIRANCAN,SEDA
700955,533711251636,"PJU *** **** ** *******",-6.80936930000000,108.46890480000000,"KAB. KUNINGAN",MANDIRANCAN,MANDIRANCAN
700956,533711251989,"PJU *** **** *******",-6.87340320000000,108.49627410000000,"KAB. KUNINGAN",CILIMUS,CILIMUS
700957,533711251677,"PJU *** **** *** *******",-6.84526610000000,108.48864240000000,"KAB. KUNINGAN",MANDIRANCAN,PAKEMBANGAN
700958,533711251707,"PJU *** **** *** ********",-6.83955330000000,108.46774830000000,"KAB. KUNINGAN",MANDIRANCAN,TRIJAYA
700959,533711251868,"PJU *** **** *******",-6.86330450000000,108.49978730000000,"KAB. KUNINGAN",CILIMUS,CARACAS
700960,533711251819,"PJU *** **** *******",-6.84809590000000,108.48778140000000,"KAB. KUNINGAN",MANDIRANCAN,PAKEMBANGAN
700961,533711241923,"BAN**** ****",-6.87768830000000,108.49631500000000,"KAB. CIREBON",BEBER,CIAWIGAJAH
700962,533711243586,"PJU *** **** *******",-6.87775370000000,108.49632520000000,"KAB. KUNINGAN",CILIMUS,CARACAS
700963,533711251246,"PJU *** **** *** *******",-6.87588360000000,108.47042840000000,"KAB. KUNINGAN",CILIMUS,LINGGAJATI
700964,533711249800,"PJU *** **** *** ********",-6.79626330000000,108.44451170000000,"KAB. KUNINGAN",PASAWAHAN,CIWIRU
700965,533711250596,"PJU *** **** *******",-6.93136210000000,108.48162380000000,"KAB. KUNINGAN",KRAMATMULYA,KALAPAGUNUNG
700966,533711251516,"PJU *** **** *** ********",-6.80522010000000,108.48872090000000,"KAB. KUNINGAN",PANCALANG,TENJOLAYAR
700967,533711251047,"PJU *** **** *** *******",-6.84060980000000,108.48939840000000,"KAB. KUNINGAN",PANCALANG,KAHIYANGAN
700968,533711247067,"PJU ****** **** ********",-6.79377920000000,108.45427330000000,"KAB. KUNINGAN",PASAWAHAN,CIMARA
700969,533711247830,"PJU *** **** *******",-6.89403790000000,108.55560720000000,"KAB. KUNINGAN",CIGANDAMEKAR,JAMBUGEULIS
700970,533711247855,"PJU *** **** *******",-6.88032420000000,108.52651370000000,"KAB. KUNINGAN",CIGANDAMEKAR,BABAKANJATI
700971,533711246646,"PJU *** **** ******",-6.87765330000000,108.49631830000000,"KAB. KUNINGAN",JAPARA,CENGAL
700972,533711246661,"PJU *** **** *** *******",-6.87757330000000,108.49636830000000,"KAB. KUNINGAN",JAPARA,JAPARA
700973,533711248840,"PJU *** **** *** *******",-6.90687240000000,108.47371370000000,"KAB. KUNINGAN",JALAKSANA,SEMBAWA
700974,533711252128,"PJU *** **** *******",-6.79779630000000,108.50325770000000,"KAB. KUNINGAN",PANCALANG,TARIKOLOT
700975,533711248779,"PJU *** **** *******",-6.93142500000000,108.51673830000000,"KAB. KUNINGAN",JALAKSANA,CINIRU
700976,533711243744,"PJU *** **** *******",-6.87764690000000,108.49570810000000,"KAB. KUNINGAN",KRAMATMULYA,CIKASO
700977,533711243889,"PJU *** **** *******",-6.87768000000000,108.49634500000000,"KAB. KUNINGAN",CIGANDAMEKAR,SANGKANURIP
700978,533711243984,"PJU *** **** *******",-6.87789050000000,108.49642160000000,"KAB. KUNINGAN",CILIMUS,SAMPORA
700979,533711243777,"PJU *** **** *******",-6.87768000000000,108.49633670000000,"KAB. KUNINGAN",KRAMATMULYA,KARANGMANGU
700980,533711243481,"PJU *** **** *******",-6.87765830000000,108.49635000000000,"KAB. KUNINGAN",CILIMUS,CILIMUS
700981,533711248832,"PJU *** **** *******",-6.93133170000000,108.51681830000000,"KAB. KUNINGAN",JALAKSANA,PADAMENAK
700982,533711247105,"PJU ****** **** ********",-6.81451130000000,108.44149450000000,"KAB. KUNINGAN",PANCALANG,MEKARJAYA
700983,533711251325,"PJU *** **** *** *******",-6.85245140000000,108.50077360000000,"KAB. KUNINGAN",CILIMUS,CARACAS
700984,533711251295,"PJU *** **** *** *******",-6.85530110000000,108.50138470000000,"KAB. KUNINGAN",CILIMUS,SAMPORA
700985,533711251309,"PJU *** **** *** *******",-6.87769500000000,108.49627670000000,"KAB. KUNINGAN",CILIMUS,LINGGASANA
700986,533711251142,"PJU *** **** *** *******",-6.87892760000000,108.49806270000000,"KAB. KUNINGAN",CILIMUS,BOJONG
700987,533711251955,"PJU *** **** *******",-6.85245140000000,108.50077360000000,"KAB. KUNINGAN",CILIMUS,SAMPORA
700988,533711251997,"PJU *** **** *******",-6.80027720000000,108.46110440000000,"KAB. KUNINGAN",MANDIRANCAN,CIREA
700989,533711248720,"PJU *** **** *******",-6.91525470000000,108.48527490000000,"KAB. KUNINGAN",JALAKSANA,SADAMANTRA
700990,533711251731,"PJU *** **** *** ********",-6.82128550000000,108.48487880000000,"KAB. KUNINGAN",PANCALANG,PANCALANG
700991,533711246638,"PJU *** **** ** *******",-6.87763500000000,108.49641000000000,"KAB. KUNINGAN",JAPARA,RAJADANU
700992,533711248609,"PJU *** **** *******",-6.92831810000000,108.46836280000000,"KAB. KUNINGAN",JALAKSANA,SIDAMULYA
700993,533711251204,"PJU *** **** *** *******",-6.87135330000000,108.48024170000000,"KAB. KUNINGAN",CILIMUS,LINGGAINDAH
700994,533711246526,"PJU *** **** ******",-6.87770830000000,108.49626000000000,"KAB. KUNINGAN",JAPARA,JAPARA
700995,533711248978,"PJU *** **** *** *******",-6.91597220000000,108.48225100000000,"KAB. KUNINGAN",JALAKSANA,SADAMANTRA
700996,533711248857,"PJU *** **** *** *******",-6.92766330000000,108.48888170000000,"KAB. KUNINGAN",JALAKSANA,JALAKSANA
700997,533711247154,"PJU ****** **** ********",-6.81091020000000,108.44727110000000,"KAB. KUNINGAN",PASAWAHAN,PANIIS
700998,533711249245,"PJU *** **** *** *******",-6.89631140000000,108.47461120000000,"KAB. KUNINGAN",JALAKSANA,PEUSING
700999,533711249203,"PJU *** **** *** *******",-6.92769470000000,108.46223910000000,"KAB. KUNINGAN",JALAKSANA,SIDAMULYA
701000,533711249252,"PJU *** **** *** *******",-6.92390410000000,108.47433650000000,"KAB. KUNINGAN",JALAKSANA,BABAKANMULYA
701001,533711249158,"PJU *** **** *** *******",-6.90610820000000,108.48147230000000,"KAB. KUNINGAN",JALAKSANA,MANISKIDUL
701002,533711247578,"PJU *** **** ** *******",-6.89187410000000,108.48652020000000,"KAB. KUNINGAN",CILIMUS,BANDORASAKULON
701003,533711250330,"PJU *** **** *** *******",-6.95136910000000,108.50105230000000,"KAB. KUNINGAN",KRAMATMULYA,GEREBA
701004,533711246733,"PJU *** **** *** *******",-6.87754470000000,108.49638730000000,"KAB. KUNINGAN",JAPARA,JAPARA
701005,533711249061,"PJU *** **** *** *******",-6.90068450000000,108.47435250000000,"KAB. KUNINGAN",JALAKSANA,PEUSING
701006,533711249730,"PJU *** **** *** *******",-6.80768870000000,108.43391520000000,"KAB. KUNINGAN",PASAWAHAN,PASAWAHAN
701007,533711252031,"PJU *** **** *******",-6.81486575111110,108.50172951111000,"KAB. KUNINGAN",PANCALANG,DANALAMPAH
701008,533711243710,"PJU *** **** *******",-6.87766000000000,108.49620500000000,"KAB. KUNINGAN",CIGANDAMEKAR,SANGKANMULYA
701009,533711241915,"BAN**** ****",-6.87771550000000,108.49632400000000,"KAB. CIREBON",SEDONG,PANAMBANGAN
701010,533711243736,"PJU *** **** ** *******",-6.87775000000000,108.49633170000000,"KAB. KUNINGAN",CIGANDAMEKAR,TIMBANG
701011,533711243793,"PJU *** **** ******",-6.87767330000000,108.49631670000000,"KAB. KUNINGAN",KRAMATMULYA,CILAJA
701012,533711243950,"PJU *** **** *******",-6.87764330000000,108.49630000000000,"KAB. KUNINGAN",CIGANDAMEKAR,PANAWUAN
701013,533711243545,"PJU *** **** *******",-6.87771330000000,108.49629330000000,"KAB. KUNINGAN",CILIMUS,CARACAS
701014,533711243927,"PJU *** **** ******",-6.87752830000000,108.49637760000000,"KAB. KUNINGAN",KRAMATMULYA,BOJONG
701015,533711243728,"PJU *** **** *******",-6.87788620000000,108.49655800000000,"KAB. KUNINGAN",CIGANDAMEKAR,SANGKANMULYA
701016,533711243919,"PJU *** **** *******",-6.87768000000000,108.49634500000000,"KAB. KUNINGAN",CIGANDAMEKAR,SANGKANURIP
701017,533711243473,"PJU *** **** *******",-6.87787670000000,108.49638330000000,"KAB. KUNINGAN",CILIMUS,CILIMUS
701018,533711250250,"PJU *** **** *** *******",-6.92426980000000,108.49180660000000,"KAB. KUNINGAN",KRAMATMULYA,KRAMATMULYA
701019,533711246620,"PJU *** **** ******",-6.87771500000000,108.49639330000000,"KAB. KUNINGAN",JAPARA,CIKELENG
701020,533711247710,"PJU *** **** *** ******",-6.89182150000000,108.51840200000000,"KAB. KUNINGAN",CIGANDAMEKAR,KARANGMUNCANG
701021,533711247680,"PJU *** **** *** ******",-6.90067940000000,108.56182890000000,"KAB. KUNINGAN",CIGANDAMEKAR,BUNIGEULIS
701022,533711249748,"PJU *** **** *** ********",-6.79484280000000,108.43192800000000,"KAB. KUNINGAN",PASAWAHAN,PASAWAHAN
701023,533711251581,"PJU *** **** *** ********",-6.81793670000000,108.49327000000000,"KAB. KUNINGAN",PANCALANG,PANCALANG
701024,533711252023,"PJU *** **** *******",-6.80335050000000,108.48631580000000,"KAB. KUNINGAN",PANCALANG,TENJOLAYAR
701025,533711251013,"PJU *** **** *** *******",-6.81483150000000,108.50176650000000,"KAB. KUNINGAN",PANCALANG,PANCALANG
701026,533711248824,"PJU *** **** *******",-6.91193470000000,108.48713580000000,"KAB. KUNINGAN",JALAKSANA,MANISKIDUL
701027,533711249182,"PJU *** **** *** *******",-6.91935830000000,108.47683000000000,"KAB. KUNINGAN",JALAKSANA,BABAKANMULYA
701028,533711250363,"PJU *** **** ** *******",-6.94392820000000,108.47065700000000,"KAB. KUNINGAN",KRAMATMULYA,RAGAWACANA
701029,533711249004,"PJU ******* ****** ******",-6.88870840000000,108.49547440000000,"KAB. KUNINGAN",CIGANDAMEKAR,SANGKANURIP
701030,533711250322,"PJU *** **** *** *******",-6.93663320000000,108.48425420000000,"KAB. KUNINGAN",KRAMATMULYA,KALAPAGUNUNG
701031,533711248666,"PJU *** **** ** *******",-6.90855450000000,108.48751910000000,"KAB. KUNINGAN",JALAKSANA,MANISKIDUL
701032,533711249763,"PJU *** **** *** *******",-6.80265830000000,108.42713630000000,"KAB. KUNINGAN",PASAWAHAN,PASAWAHAN
701033,533711248596,"PJU *** **** ** *******",-6.90409780000000,108.48312990000000,"KAB. KUNINGAN",JALAKSANA,MANISLOR
701034,533711247147,"PJU ****** **** ********",-6.81583540000000,108.44759810000000,"KAB. KUNINGAN",PASAWAHAN,PANIIS
701035,533711248588,"PJU *** **** *******",-6.90135000000000,108.46802090000000,"KAB. KUNINGAN",JALAKSANA,SAYANA
701036,533711248873,"PJU *** **** *** *******",-6.90732880000000,108.47760410000000,"KAB. KUNINGAN",JALAKSANA,SEMBAWA
701037,533711250588,"PJU *** **** *** *******",-6.93138830000000,108.47746000000000,"KAB. KUNINGAN",KRAMATMULYA,KALAPAGUNUNG
701038,533711251088,"PJU *** **** *** *******",-6.87472880000000,108.47012960000000,"KAB. KUNINGAN",CILIMUS,SETIANEGARA
701039,533711248986,"PJU *** **** *** *******",-6.91457990000000,108.47860450000000,"KAB. KUNINGAN",JALAKSANA,SADAMANTRA
701040,533711249340,"PJU *** **** *** *******",-6.91676400000000,108.49384480000000,"KAB. KUNINGAN",JALAKSANA,CINIRU
701041,533711250276,"PJU *** **** *** *******",-6.93884170000000,108.47029000000000,"KAB. KUNINGAN",KRAMATMULYA,RAGAWACANA
701042,533711250348,"PJU *** **** *** *******",-6.93822280000000,108.46161290000000,"KAB. KUNINGAN",KRAMATMULYA,PAJAMBON
701043,533711247698,"PJU *** **** *** ******",-6.86245140000000,108.52285520000000,"KAB. KUNINGAN",CIGANDAMEKAR,CIBUNTU
701044,533711249365,"PJU *** **** *** *******",-6.90618500000000,108.46344200000000,"KAB. KUNINGAN",JALAKSANA,SANGKANERANG
701045,533711249012,"PJU ******* ****** ******",-6.81882000000000,108.40133000000000,"KAB. KUNINGAN",PASAWAHAN,PADABEUNGHAR
701046,533711252709,"PJU ****** *** ******** *",-6.93148690000000,108.48704650000000,"KAB. KUNINGAN",KRAMATMULYA,KALAPAGUNUNG
701047,533711252725,"PJU ****** *** ******** *",-6.93557170000000,108.47625060000000,"KAB. KUNINGAN",KRAMATMULYA,CIBENTANG
701048,533711252733,"PJU ****** *** ******** *",-6.93913370000000,108.49619720000000,"KAB. KUNINGAN",KRAMATMULYA,CIKASO
701049,533711252695,"PJU ****** *** ******** *",-6.93704940000000,108.47763490000000,"KAB. KUNINGAN",KRAMATMULYA,KALAPAGUNUNG
701050,533711252774,"PJU *** ******** **",-6.92582980000000,108.49887820000000,"KAB. KUNINGAN",KRAMATMULYA,KARANGMANGU
701051,533711252860,"PJU *** ******** **",-6.80009030000000,108.46245390000000,"KAB. KUNINGAN",MANDIRANCAN,CIREA
701052,533711252837,"PJU *** ******** **",-6.87453610000000,108.49643660000000,"KAB. KUNINGAN",CILIMUS,BOJONG
701053,533711252782,"PJU *** ******** **",-6.84605340000000,108.55249980000000,"KAB. KUNINGAN",JALAKSANA,PADAMENAK
701054,533711252766,"PJU ****** *** ******** *",-6.92607540000000,108.49327060000000,"KAB. KUNINGAN",KRAMATMULYA,KARANGMANGU
701055,533711252852,"PJU *** ******** **",-6.85783060000000,108.50800540000000,"KAB. KUNINGAN",CILIMUS,BOJONG
701056,533711252758,"PJU ****** *** ******** *",-6.95038830000000,108.51626170000000,"KAB. KUNINGAN",KRAMATMULYA,CIKUBANGSARI
701057,533711251884,"PJU *** **** *******",-6.82179870000000,108.49180620000000,"KAB. KUNINGAN",PANCALANG,PANCALANG
701058,533711247560,"PJU *** **** *******",-6.89097520000000,108.49975330000000,"KAB. KUNINGAN",CIGANDAMEKAR,SANGKANURIP
701059,533711247664,"PJU *** **** *** ******",-6.88491150000000,108.49974630000000,"KAB. KUNINGAN",CIGANDAMEKAR,PANAWUAN
701060,533711247188,"PJU ****** **** ********",-6.81663610000000,108.44311100000000,"KAB. KUNINGAN",PASAWAHAN,SINGKUP
701061,533711249834,"PJU *** **** *** ********",-6.84623870000000,108.51772860000000,"KAB. KUNINGAN",PASAWAHAN,PADABEUNGHAR
701062,533711249692,"PJU *** **** ** *******",-6.84638290000000,108.51865020000000,"KAB. KUNINGAN",PASAWAHAN,PADABEUNGHAR
701063,533711250371,"PJU *** **** *** *******",-6.94071780000000,108.50578990000000,"KAB. KUNINGAN",KRAMATMULYA,BOJONG
701064,533711250521,"PJU *** **** *** *******",-6.94065870000000,108.50546260000000,"KAB. KUNINGAN",KRAMATMULYA,BOJONG
701065,533711250491,"PJU *** **** *******",-6.94636710000000,108.50394660000000,"KAB. KUNINGAN",KRAMATMULYA,BOJONG
701066,533711250617,"PJU *** **** *** *******",-6.94065010000000,108.50547810000000,"KAB. KUNINGAN",KRAMATMULYA,CIKASO
701067,533711250397,"PJU *** **** *******",-6.87736320000000,108.49619070000000,"KAB. KUNINGAN",KRAMATMULYA,CIKASO
701068,533711250268,"PJU *** **** *** *******",-6.94569410000000,108.49998240000000,"KAB. KUNINGAN",KRAMATMULYA,CILOWA
701069,533711249939,"PJU *** **** ** *******",-6.80581620000000,108.40057900000000,"KAB. KUNINGAN",PASAWAHAN,PADABEUNGHAR
701070,533711250467,"PJU *** **** *** *******",-6.94049960000000,108.50522020000000,"KAB. KUNINGAN",KRAMATMULYA,BOJONG
701071,533711243830,"PJU *** **** *** ******",-6.87766830000000,108.49635500000000,"KAB. KUNINGAN",PANCALANG,DANALAMPAH
701072,533711243578,"PJU *** **** *******",-6.87766670000000,108.49638670000000,"KAB. KUNINGAN",CILIMUS,CARACAS
701073,533711243806,"PJU *** **** *** ******",-6.87766830000000,108.49635500000000,"KAB. KUNINGAN",PANCALANG,PATALAGAN
701074,533711243615,"PJU *** **** *******",-6.87779830000000,108.49638500000000,"KAB. KUNINGAN",CILIMUS,CARACAS
701075,533711249109,"PJU *** **** *** *******",-6.89674170000000,108.47183330000000,"KAB. KUNINGAN",JALAKSANA,PEUSING
701076,533711251062,"PJU *** **** *** *******",-6.83307180000000,108.48925740000000,"KAB. KUNINGAN",PANCALANG,KAHIYANGAN
701077,533711251261,"PJU *** **** *** *******",-6.86831420000000,108.48103320000000,"KAB. KUNINGAN",CILIMUS,LINGGAINDAH
701078,533711251191,"PJU *** **** *** *******",-6.85853690000000,108.49175780000000,"KAB. KUNINGAN",CILIMUS,KALIAREN
701079,533711251366,"PJU *** **** ** *******",-6.87340330000000,108.49627390000000,"KAB. KUNINGAN",CILIMUS,CILIMUS
701080,533711251715,"PJU *** **** *** *******",-6.83834280000000,108.48041070000000,"KAB. KUNINGAN",MANDIRANCAN,SALAKADOMAS
701081,533711257407,"PJU ****** **** ********",-6.95851830000000,108.51058670000000,"KAB. KUNINGAN",KRAMATMULYA,CILAJA
701082,533711241893,"BAN**** ****",-6.87771550000000,108.49632400000000,"KAB. CIREBON",BEBER,SINDANGHAYU
701083,533711248570,"PJU *** **** *** *******",-6.93144330000000,108.51686000000000,"KAB. KUNINGAN",JALAKSANA,NANGGERANG
701084,533711248738,"PJU *** **** *** *******",-6.93143330000000,108.51692000000000,"KAB. KUNINGAN",JALAKSANA,CINIRU
701085,533212924942,"PJU *** **** *** *******",-6.98743310000000,108.48435190000000,"KAB. KUNINGAN",CIGUGUR,GUNUNGKELING
701086,533711247901,"PJU *** **** *** ******",-6.87875450000000,108.50897060000000,"KAB. KUNINGAN",CIGANDAMEKAR,PANAWUAN
701087,533711251565,"PJU *** **** *** *******",-6.83253830000000,108.47314170000000,"KAB. KUNINGAN",MANDIRANCAN,KERTAWINANGUN
701088,533711250562,"PJU *** **** *** *******",-6.93346470000000,108.47940520000000,"KAB. KUNINGAN",KRAMATMULYA,KALAPAGUNUNG
701089,533711249722,"PJU *** **** *******",-6.79034830000000,108.43215000000000,"KAB. KUNINGAN",PASAWAHAN,PADAMATANG
701090,533711252015,"PJU *** **** *******",-6.83115930000000,108.47279460000000,"KAB. KUNINGAN",MANDIRANCAN,KERTAWINANGUN
701091,533711248633,"PJU *** **** *** *******",-6.93134500000000,108.51686830000000,"KAB. KUNINGAN",JALAKSANA,NANGGERANG
701092,533711251126,"PJU *** **** ** *******",-6.88536670000000,108.47247570000000,"KAB. KUNINGAN",CILIMUS,LINGGASANA
701093,533711250355,"PJU *** **** ** *******",-6.93777440000000,108.46301910000000,"KAB. KUNINGAN",KRAMATMULYA,GANDASOLI
701094,533711251374,"PJU *** **** ** *******",-6.80606030000000,108.49035240000000,"KAB. KUNINGAN",PANCALANG,TENJOLAYAR
701095,533711249381,"PJU ******* ****** ******",-6.90981340000000,108.48864240000000,"KAB. KUNINGAN",JALAKSANA,MANISKIDUL
701096,533711246488,"PJU *** **** *** *******",-6.87775830000000,108.49639000000000,"KAB. KUNINGAN",JAPARA,SINGKUP
701097,533711251749,"PJU *** **** ** *******",-6.82779830000000,108.49565450000000,"KAB. KUNINGAN",PANCALANG,SUMBAKELING
701098,533711250625,"PJU *** **** *******",-6.95317490000000,108.51939020000000,"KAB. KUNINGAN",KRAMATMULYA,CIKUBANGSARI
701099,533711251333,"PJU *** **** ** *******",-6.87617330000000,108.47705330000000,"KAB. KUNINGAN",CILIMUS,LINGGAINDAH
701100,533711247075,"PJU ****** **** ********",-6.79057230000000,108.43068140000000,"KAB. KUNINGAN",PASAWAHAN,PADAMATANG
701101,533711249316,"PJU *** **** *** *******",-6.90362720000000,108.47325910000000,"KAB. KUNINGAN",JALAKSANA,PEUSING
701102,533711247777,"PJU *** **** ** ******",-6.89581570000000,108.50034610000000,"KAB. KUNINGAN",CIGANDAMEKAR,SANGKANURIP
701103,533711249133,"PJU *** **** *** *******",-6.91416180000000,108.47500110000000,"KAB. KUNINGAN",JALAKSANA,SADAMANTRA
701104,533711248658,"PJU *** **** *** *******",-6.89608740000000,108.46520060000000,"KAB. KUNINGAN",JALAKSANA,SAYANA
701105,533711248682,"PJU *** **** *** *******",-6.90460570000000,108.48470590000000,"KAB. KUNINGAN",JALAKSANA,MANISLOR
701106,533711247059,"PJU ****** **** ********",-6.80604500000000,108.46884950000000,"KAB. KUNINGAN",MANDIRANCAN,NANGGELA
701107,533711247091,"PJU ****** **** ********",-6.79417010000000,108.45271570000000,"KAB. KUNINGAN",PASAWAHAN,CIMARA
701108,533711246653,"PJU *** **** ** *******",-6.87759330000000,108.49636830000000,"KAB. KUNINGAN",JAPARA,JAPARA
701109,533711248816,"PJU *** **** *******",-6.90307600000000,108.48807600000000,"KAB. KUNINGAN",JALAKSANA,MANISLOR
701110,533711252080,"PJU *** **** *******",-6.86053000000000,108.48544860000000,"KAB. KUNINGAN",CILIMUS,KALIAREN
701111,533711249046,"PJU *** **** *** *******",-6.91524200000000,108.48414350000000,"KAB. KUNINGAN",JALAKSANA,SADAMANTRA
701112,533711246725,"PJU *** **** ******",-6.87775670000000,108.49636330000000,"KAB. KUNINGAN",JAPARA,KALIMATI
701113,533711251429,"PJU *** **** *** *******",-6.82927000000000,108.45522240000000,"KAB. KUNINGAN",MANDIRANCAN,SUKASARI
701114,533711251610,"PJU *** **** *** *******",-6.83442110000000,108.45844270000000,"KAB. KUNINGAN",MANDIRANCAN,SEDA
701115,533711251764,"PJU *** **** *******",-6.81588140000000,108.46130220000000,"KAB. KUNINGAN",MANDIRANCAN,SUKASARI
701116,533711251524,"PJU *** **** *** *******",-6.82928520000000,108.45522700000000,"KAB. KUNINGAN",MANDIRANCAN,SEDA
701117,533711251827,"PJU *** **** *******",-6.85006830000000,108.47223540000000,"KAB. KUNINGAN",MANDIRANCAN,RANDOBAWAGIRANG
701118,533711251780,"PJU *** **** *******",-6.84126090000000,108.46682400000000,"KAB. KUNINGAN",MANDIRANCAN,TRIJAYA
701119,533711251486,"PJU *** **** ** *******",-6.81337520000000,108.46233260000000,"KAB. KUNINGAN",MANDIRANCAN,SUKASARI
701120,533711251403,"PJU *** **** *** *******",-6.81767530000000,108.46782810000000,"KAB. KUNINGAN",MANDIRANCAN,MANDIRANCAN
701121,533711251159,"PJU *** **** ** *******",-6.88713820000000,108.46548910000000,"KAB. KUNINGAN",CILIMUS,LINGGASANA
701122,533711247976,"PJU *** **** *******",-6.86476940000000,108.51512260000000,"KAB. KUNINGAN",CIGANDAMEKAR,CIBUNTU
701123,533711246695,"PJU *** **** *** *******",-6.87743000000000,108.49639330000000,"KAB. KUNINGAN",JAPARA,KALIMATI
701124,533711246462,"PJU *** **** ******",-6.87789000000000,108.49621330000000,"KAB. KUNINGAN",JAPARA,CITAPEN
701125,533711251963,"PJU *** **** *******",-6.87929750000000,108.47366700000000,"KAB. KUNINGAN",CILIMUS,LINGGAJATI
701126,533711249174,"PJU *** **** *** *******",-6.90628470000000,108.48667390000000,"KAB. KUNINGAN",JALAKSANA,MANISKIDUL
701127,533711248554,"PJU *** **** *** *******",-6.90791630000000,108.47353480000000,"KAB. KUNINGAN",JALAKSANA,SEMBAWA
